# Blender 5.1.0
# www.blender.org
mtllib castle.mtl
o WonderWalls_SecondAge
v -1.036457 0.075020 0.150075
v -1.036457 0.075020 -0.147106
v -1.051716 -0.000047 0.165334
v -1.051716 -0.000047 -0.162365
v -0.739276 0.075020 -0.147106
v -0.724017 -0.000047 0.165334
v -0.724017 -0.000047 -0.162365
v -0.739276 0.075020 0.150075
v -1.036457 0.075020 -0.147106
v -0.724017 -0.000047 -0.162365
v -1.051716 -0.000047 -0.162365
v -0.739276 0.075020 -0.147106
v -0.739276 0.075020 0.150075
v -1.036457 0.075020 0.150075
v -0.724017 -0.000047 0.165334
v -1.051716 -0.000047 0.165334
v -0.724017 -0.000047 -0.162365
v -1.051716 -0.000047 0.165334
v -1.051716 -0.000047 -0.162365
v -0.724017 -0.000047 0.165334
v -1.036457 0.075020 0.150075
v -0.739276 0.075020 -0.147106
v -1.036457 0.075020 -0.147106
v -0.739276 0.075020 0.150075
v -0.861759 0.075246 0.128663
v -0.861759 0.075246 -0.126496
v -0.765469 0.075246 0.128663
v -0.765469 0.075246 -0.126496
v -0.893049 0.075246 0.128663
v -0.877404 0.075246 -0.126496
v -0.877404 0.075246 0.128663
v -0.893049 0.075246 -0.126496
v -0.908694 0.075246 0.128663
v -0.908694 0.075246 -0.126496
v -0.924339 0.075246 0.128663
v -0.924339 0.075246 -0.126496
v -1.020629 0.075246 0.128663
v -1.020629 0.075246 -0.126496
v -0.893049 0.578553 -0.126497
v -0.877404 0.075246 -0.126496
v -0.893049 0.075246 -0.126496
v -0.908694 0.075246 -0.126496
v -0.912974 0.578553 -0.126497
v -0.924339 0.075246 -0.126496
v -0.932898 0.578553 -0.126497
v -0.893049 0.578553 0.128663
v -0.908694 0.075246 0.128663
v -0.893049 0.075246 0.128663
v -0.877404 0.075246 0.128663
v -0.873124 0.578553 0.128663
v -0.861759 0.075246 0.128663
v -0.853200 0.578553 0.128663
v -0.912974 0.578553 0.128663
v -0.924339 0.075246 0.128663
v -0.765469 0.075246 0.128663
v -0.765469 0.578553 0.128663
v -0.873124 0.578553 -0.126497
v -0.861759 0.075246 -0.126496
v -1.020629 0.075246 -0.126496
v -1.020629 0.578553 -0.126496
v -0.765469 0.075246 -0.126496
v -0.765469 0.578553 0.128663
v -0.765469 0.075246 0.128663
v -0.765469 0.578553 -0.126497
v -0.853200 0.578553 -0.126497
v -0.765469 0.075246 -0.126496
v -0.765469 0.578553 -0.126497
v -1.020629 0.075246 0.128663
v -1.020629 0.578553 -0.126496
v -1.020629 0.075246 -0.126496
v -1.020629 0.578553 0.128663
v -0.932898 0.578553 0.128663
v -1.020629 0.075246 0.128663
v -1.020629 0.578553 0.128663
v -1.021403 0.075020 -0.681528
v -1.021403 0.075020 -0.978709
v -1.036662 -0.000047 -0.666269
v -1.036662 -0.000047 -0.993968
v -0.724222 0.075020 -0.978709
v -0.708964 -0.000047 -0.666269
v -0.708964 -0.000047 -0.993968
v -0.724222 0.075020 -0.681528
v -1.021403 0.075020 -0.978709
v -0.708964 -0.000047 -0.993968
v -1.036662 -0.000047 -0.993968
v -0.724222 0.075020 -0.978709
v -0.724222 0.075020 -0.681528
v -1.021403 0.075020 -0.681528
v -0.708964 -0.000047 -0.666269
v -1.036662 -0.000047 -0.666269
v -0.708964 -0.000047 -0.666269
v -1.036662 -0.000047 -0.993968
v -0.708964 -0.000047 -0.993968
v -1.036662 -0.000047 -0.666269
v -1.021403 0.075020 -0.681528
v -0.724222 0.075020 -0.978709
v -1.021403 0.075020 -0.978709
v -0.724222 0.075020 -0.681528
v -0.846705 0.075246 -0.702940
v -0.846705 0.075246 -0.958100
v -0.750415 0.075246 -0.702940
v -0.750415 0.075246 -0.958100
v -0.877995 0.075246 -0.702940
v -0.862350 0.075246 -0.958100
v -0.862350 0.075246 -0.702940
v -0.909285 0.075246 -0.958100
v -0.909285 0.075246 -0.702940
v -1.005575 0.075246 -0.958100
v -0.877995 0.075246 -0.958100
v -0.893640 0.075246 -0.702940
v -0.893640 0.075246 -0.958100
v -1.005575 0.075246 -0.702940
v -0.877995 0.859249 -0.958100
v -0.862350 0.075246 -0.958100
v -0.877995 0.075246 -0.958100
v -0.893640 0.075246 -0.958100
v -0.897920 0.859249 -0.958100
v -0.909285 0.075246 -0.958100
v -0.917845 0.859249 -0.958100
v -0.877995 0.859249 -0.702940
v -0.893640 0.075246 -0.702940
v -0.877995 0.075246 -0.702940
v -0.862350 0.075246 -0.702940
v -0.858070 0.859249 -0.702940
v -0.846705 0.075246 -0.702940
v -0.838146 0.859249 -0.702940
v -0.897920 0.859249 -0.702940
v -0.909285 0.075246 -0.702940
v -0.750415 0.075246 -0.702940
v -0.750415 0.859249 -0.702940
v -0.858070 0.859249 -0.958100
v -0.846705 0.075246 -0.958100
v -1.005575 0.075246 -0.958100
v -1.005575 0.859249 -0.958100
v -0.750415 0.075246 -0.958100
v -0.750415 0.859249 -0.702940
v -0.750415 0.075246 -0.702940
v -0.750415 0.859249 -0.958100
v -0.838146 0.859249 -0.958100
v -0.750415 0.075246 -0.958100
v -0.750415 0.859249 -0.958100
v -1.005575 0.075246 -0.702940
v -1.005575 0.859249 -0.958100
v -1.005575 0.075246 -0.958100
v -1.005575 0.859249 -0.702940
v -0.917845 0.859249 -0.702940
v -1.005575 0.075246 -0.702940
v -1.005575 0.859249 -0.702940
v -0.447214 0.075020 0.938259
v -0.462474 -0.000047 0.625819
v -0.462474 -0.000047 0.953518
v -0.447214 0.075020 0.641078
v -0.150033 0.075020 0.641078
v -0.134775 -0.000047 0.953518
v -0.134775 -0.000047 0.625819
v -0.150033 0.075020 0.938259
v -0.447214 0.075020 0.641078
v -0.134775 -0.000047 0.625819
v -0.462474 -0.000047 0.625819
v -0.150033 0.075020 0.641078
v -0.150033 0.075020 0.938259
v -0.447214 0.075020 0.938259
v -0.134775 -0.000047 0.953518
v -0.462474 -0.000047 0.953518
v -0.134775 -0.000047 0.953518
v -0.462474 -0.000047 0.953518
v -0.462474 -0.000047 0.625819
v -0.134775 -0.000047 0.625819
v -0.447214 0.075020 0.938259
v -0.150033 0.075020 0.641078
v -0.447214 0.075020 0.641078
v -0.150033 0.075020 0.938259
v -0.167761 0.591424 0.653222
v -0.439851 0.591424 0.653222
v -0.189580 0.591424 0.683286
v -0.418032 0.591424 0.683286
v -0.439851 0.553835 0.925312
v -0.189580 0.553835 0.895248
v -0.167761 0.553835 0.925312
v -0.418032 0.553835 0.895248
v -0.439851 0.553835 0.653222
v -0.418032 0.553835 0.683286
v -0.167761 0.553835 0.653222
v -0.189580 0.553835 0.683286
v -0.167761 0.591424 0.925312
v -0.189580 0.591424 0.895248
v -0.439851 0.591424 0.925312
v -0.176226 0.075247 0.661687
v -0.272516 0.075247 0.916847
v -0.272516 0.075247 0.661687
v -0.176226 0.075247 0.916847
v -0.303806 0.075247 0.916847
v -0.288161 0.075247 0.661687
v -0.288161 0.075247 0.916847
v -0.335096 0.075247 0.661687
v -0.319451 0.075247 0.916847
v -0.335096 0.075247 0.916847
v -0.303806 0.075247 0.661687
v -0.319451 0.075247 0.661687
v -0.431386 0.075247 0.661687
v -0.431386 0.075247 0.916847
v -0.303806 0.578553 0.661687
v -0.288161 0.075247 0.661687
v -0.303806 0.075247 0.661687
v -0.319451 0.075247 0.661687
v -0.323731 0.578553 0.661687
v -0.335096 0.075247 0.661687
v -0.343656 0.578553 0.661687
v -0.303806 0.578553 0.916847
v -0.319451 0.075247 0.916847
v -0.303806 0.075247 0.916847
v -0.288161 0.075247 0.916847
v -0.283881 0.578553 0.916847
v -0.272516 0.075247 0.916847
v -0.263957 0.578553 0.916847
v -0.323731 0.578553 0.916847
v -0.335096 0.075247 0.916847
v -0.176226 0.075247 0.916847
v -0.176226 0.578553 0.916847
v -0.283881 0.578553 0.661687
v -0.272516 0.075247 0.661687
v -0.431386 0.075247 0.661687
v -0.431386 0.578553 0.661687
v -0.176226 0.075247 0.661687
v -0.176226 0.578553 0.916847
v -0.176226 0.075247 0.916847
v -0.176226 0.578553 0.661687
v -0.263957 0.578553 0.661687
v -0.176226 0.075247 0.661687
v -0.176226 0.578553 0.661687
v -0.431386 0.075247 0.916847
v -0.431386 0.578553 0.661687
v -0.431386 0.075247 0.661687
v -0.431386 0.578553 0.916847
v -0.343656 0.578553 0.916847
v -0.431386 0.075247 0.916847
v -0.431386 0.578553 0.916847
v -0.167761 0.591424 0.653222
v -0.167761 0.553835 0.925312
v -0.167761 0.553835 0.653222
v -0.167761 0.591424 0.925312
v -0.418032 0.591424 0.895248
v -0.418032 0.591424 0.683286
v -0.418032 0.553835 0.895248
v -0.418032 0.553835 0.683286
v -0.418032 0.591424 0.895248
v -0.418032 0.591424 0.895248
v -0.189580 0.553835 0.895248
v -0.418032 0.553835 0.895248
v -0.189580 0.591424 0.895248
v -0.439851 0.591424 0.925312
v -0.439851 0.553835 0.653222
v -0.439851 0.553835 0.925312
v -0.439851 0.591424 0.653222
v -0.189580 0.591424 0.683286
v -0.418032 0.553835 0.683286
v -0.189580 0.553835 0.683286
v -0.418032 0.591424 0.683286
v -0.439851 0.591424 0.653222
v -0.167761 0.553835 0.653222
v -0.439851 0.553835 0.653222
v -0.167761 0.591424 0.653222
v -0.189580 0.591424 0.895248
v -0.189580 0.591424 0.683286
v -0.189580 0.553835 0.683286
v -0.189580 0.553835 0.895248
v -0.167761 0.591424 0.925312
v -0.439851 0.553835 0.925312
v -0.167761 0.553835 0.925312
v -0.439851 0.591424 0.925312
v -1.036457 0.075020 0.947642
v -1.036457 0.075020 0.650461
v -1.051716 -0.000047 0.962901
v -1.051716 -0.000047 0.635202
v -0.739276 0.075020 0.650461
v -0.724017 -0.000047 0.962901
v -0.724017 -0.000047 0.635202
v -0.739276 0.075020 0.947642
v -1.036457 0.075020 0.650461
v -0.724017 -0.000047 0.635202
v -1.051716 -0.000047 0.635202
v -0.739276 0.075020 0.650461
v -0.739276 0.075020 0.947642
v -1.036457 0.075020 0.947642
v -0.724017 -0.000047 0.962901
v -1.051716 -0.000047 0.962901
v -0.724017 -0.000047 0.635202
v -1.051716 -0.000047 0.962901
v -1.051716 -0.000047 0.635202
v -0.724017 -0.000047 0.962901
v -1.036457 0.075020 0.947642
v -0.739276 0.075020 0.650461
v -1.036457 0.075020 0.650461
v -0.739276 0.075020 0.947642
v -0.861759 0.075247 0.926230
v -0.861759 0.075247 0.671070
v -0.765469 0.075247 0.926230
v -0.765469 0.075247 0.671070
v -0.893049 0.075247 0.926230
v -0.877404 0.075247 0.671070
v -0.877404 0.075247 0.926230
v -0.908694 0.075247 0.671070
v -0.924339 0.075247 0.926230
v -0.924339 0.075247 0.671070
v -0.893049 0.075247 0.671070
v -0.908694 0.075247 0.926230
v -1.020629 0.075247 0.926230
v -1.020629 0.075247 0.671070
v -0.893049 0.578553 0.671070
v -0.908694 0.075247 0.671070
v -0.912974 0.578553 0.671070
v -0.877404 0.075247 0.671070
v -0.893049 0.075247 0.671070
v -0.924339 0.075247 0.671070
v -0.932898 0.578553 0.671070
v -0.893049 0.578553 0.926230
v -0.877404 0.075247 0.926230
v -0.873124 0.578553 0.926230
v -0.908694 0.075247 0.926230
v -0.893049 0.075247 0.926230
v -0.861759 0.075247 0.926230
v -0.853200 0.578553 0.926230
v -0.912974 0.578553 0.926230
v -0.924339 0.075247 0.926230
v -0.765469 0.075247 0.926230
v -0.765469 0.578553 0.926230
v -0.873124 0.578553 0.671070
v -0.861759 0.075247 0.671070
v -1.020629 0.075247 0.671070
v -1.020629 0.578553 0.671070
v -0.765469 0.075247 0.671070
v -0.765469 0.578553 0.926230
v -0.765469 0.075247 0.926230
v -0.765469 0.578553 0.671070
v -0.853200 0.578553 0.671070
v -0.765469 0.075247 0.671070
v -0.765469 0.578553 0.671070
v -1.020629 0.075247 0.926230
v -1.020629 0.578553 0.671070
v -1.020629 0.075247 0.671070
v -1.020629 0.578553 0.926230
v -0.932898 0.578553 0.926230
v -1.020629 0.075247 0.926230
v -1.020629 0.578553 0.926230
v 1.036457 0.075020 -0.147106
v 1.036457 0.075020 0.150075
v 1.051716 -0.000047 0.165334
v 1.051716 -0.000047 -0.162365
v 0.724017 -0.000047 0.165334
v 0.739276 0.075020 -0.147106
v 0.724017 -0.000047 -0.162365
v 0.739276 0.075020 0.150075
v 0.724017 -0.000047 -0.162365
v 1.036457 0.075020 -0.147106
v 1.051716 -0.000047 -0.162365
v 0.739276 0.075020 -0.147106
v 1.036457 0.075020 0.150075
v 0.739276 0.075020 0.150075
v 0.724017 -0.000047 0.165334
v 1.051716 -0.000047 0.165334
v 0.724017 -0.000047 -0.162365
v 1.051716 -0.000047 0.165334
v 0.724017 -0.000047 0.165334
v 1.051716 -0.000047 -0.162365
v 1.036457 0.075020 0.150075
v 0.739276 0.075020 -0.147106
v 0.739276 0.075020 0.150075
v 1.036457 0.075020 -0.147106
v 0.924339 0.075246 0.128663
v 0.908694 0.075246 -0.126496
v 0.924339 0.075246 -0.126496
v 1.020629 0.075246 0.128663
v 0.908694 0.075246 0.128663
v 0.893049 0.075246 -0.126496
v 0.765469 0.075246 0.128663
v 0.861759 0.075246 -0.126496
v 0.861759 0.075246 0.128663
v 0.877404 0.075246 -0.126496
v 0.877404 0.075246 0.128663
v 0.893049 0.075246 0.128663
v 0.765469 0.075246 -0.126496
v 1.020629 0.075246 -0.126496
v 0.893049 0.578553 -0.126497
v 0.908694 0.075246 -0.126496
v 0.893049 0.075246 -0.126496
v 0.877404 0.075246 -0.126496
v 0.873124 0.578553 -0.126497
v 0.912974 0.578553 -0.126497
v 0.924339 0.075246 -0.126496
v 0.893049 0.578553 0.128663
v 0.877404 0.075246 0.128663
v 0.893049 0.075246 0.128663
v 0.908694 0.075246 0.128663
v 0.912974 0.578553 0.128663
v 0.873124 0.578553 0.128663
v 0.861759 0.075246 0.128663
v 0.924339 0.075246 0.128663
v 0.932898 0.578553 0.128663
v 0.853200 0.578553 0.128663
v 0.765469 0.075246 0.128663
v 0.765469 0.578553 0.128663
v 0.861759 0.075246 -0.126496
v 0.853200 0.578553 -0.126497
v 0.932898 0.578553 -0.126497
v 1.020629 0.075246 -0.126496
v 1.020629 0.578553 -0.126496
v 0.765469 0.578553 0.128663
v 0.765469 0.075246 -0.126496
v 0.765469 0.075246 0.128663
v 0.765469 0.578553 -0.126497
v 0.765469 0.075246 -0.126496
v 0.765469 0.578553 -0.126497
v 1.020629 0.578553 -0.126496
v 1.020629 0.075246 0.128663
v 1.020629 0.075246 -0.126496
v 1.020629 0.578553 0.128663
v 1.020629 0.075246 0.128663
v 1.020629 0.578553 0.128663
v 1.021403 0.075020 -0.978709
v 1.036662 -0.000047 -0.666269
v 1.036662 -0.000047 -0.993968
v 1.021403 0.075020 -0.681528
v 0.708964 -0.000047 -0.666269
v 0.724222 0.075020 -0.978709
v 0.708964 -0.000047 -0.993968
v 0.724222 0.075020 -0.681528
v 0.708964 -0.000047 -0.993968
v 1.021403 0.075020 -0.978709
v 1.036662 -0.000047 -0.993968
v 0.724222 0.075020 -0.978709
v 1.021403 0.075020 -0.681528
v 0.724222 0.075020 -0.681528
v 0.708964 -0.000047 -0.666269
v 1.036662 -0.000047 -0.666269
v 1.036662 -0.000047 -0.993968
v 0.708964 -0.000047 -0.666269
v 0.708964 -0.000047 -0.993968
v 1.036662 -0.000047 -0.666269
v 1.021403 0.075020 -0.681528
v 0.724222 0.075020 -0.978709
v 0.724222 0.075020 -0.681528
v 1.021403 0.075020 -0.978709
v 0.893640 0.075246 -0.958100
v 0.909285 0.075246 -0.702940
v 0.893640 0.075246 -0.702940
v 0.877995 0.075246 -0.958100
v 0.750415 0.075246 -0.702940
v 0.846705 0.075246 -0.958100
v 0.846705 0.075246 -0.702940
v 0.862350 0.075246 -0.958100
v 0.862350 0.075246 -0.702940
v 0.877995 0.075246 -0.702940
v 0.750415 0.075246 -0.958100
v 1.005575 0.075246 -0.958100
v 1.005575 0.075246 -0.702940
v 0.909285 0.075246 -0.958100
v 0.877995 0.859249 -0.958100
v 0.893640 0.075246 -0.958100
v 0.877995 0.075246 -0.958100
v 0.862350 0.075246 -0.958100
v 0.858070 0.859249 -0.958100
v 0.897920 0.859249 -0.958100
v 0.909285 0.075246 -0.958100
v 0.877995 0.859249 -0.702940
v 0.862350 0.075246 -0.702940
v 0.877995 0.075246 -0.702940
v 0.893640 0.075246 -0.702940
v 0.897920 0.859249 -0.702940
v 0.858070 0.859249 -0.702940
v 0.846705 0.075246 -0.702940
v 0.909285 0.075246 -0.702940
v 0.917845 0.859249 -0.702940
v 0.838146 0.859249 -0.702940
v 0.750415 0.075246 -0.702940
v 0.750415 0.859249 -0.702940
v 0.846705 0.075246 -0.958100
v 0.838146 0.859249 -0.958100
v 0.917845 0.859249 -0.958100
v 1.005575 0.075246 -0.958100
v 1.005575 0.859249 -0.958100
v 0.750415 0.859249 -0.702940
v 0.750415 0.075246 -0.958100
v 0.750415 0.075246 -0.702940
v 0.750415 0.859249 -0.958100
v 0.750415 0.075246 -0.958100
v 0.750415 0.859249 -0.958100
v 1.005575 0.859249 -0.958100
v 1.005575 0.075246 -0.702940
v 1.005575 0.075246 -0.958100
v 1.005575 0.859249 -0.702940
v 1.005575 0.075246 -0.702940
v 1.005575 0.859249 -0.702940
v 0.462474 -0.000047 0.625819
v 0.447214 0.075020 0.938259
v 0.462474 -0.000047 0.953518
v 0.447214 0.075020 0.641078
v 0.134775 -0.000047 0.953518
v 0.150033 0.075020 0.641078
v 0.134775 -0.000047 0.625819
v 0.150033 0.075020 0.938259
v 0.134775 -0.000047 0.625819
v 0.447214 0.075020 0.641078
v 0.462474 -0.000047 0.625819
v 0.150033 0.075020 0.641078
v 0.447214 0.075020 0.938259
v 0.134775 -0.000047 0.953518
v 0.462474 -0.000047 0.953518
v 0.150033 0.075020 0.938259
v 0.462474 -0.000047 0.625819
v 0.134775 -0.000047 0.953518
v 0.134775 -0.000047 0.625819
v 0.462474 -0.000047 0.953518
v 0.447214 0.075020 0.938259
v 0.150033 0.075020 0.641078
v 0.150033 0.075020 0.938259
v 0.447214 0.075020 0.641078
v 0.167761 0.591424 0.653222
v 0.167761 0.591424 0.925312
v 0.189580 0.591424 0.895248
v 0.189580 0.591424 0.683286
v 0.439851 0.553835 0.925312
v 0.189580 0.553835 0.895248
v 0.418032 0.553835 0.895248
v 0.439851 0.553835 0.653222
v 0.189580 0.553835 0.683286
v 0.167761 0.553835 0.653222
v 0.418032 0.553835 0.683286
v 0.439851 0.591424 0.925312
v 0.418032 0.591424 0.895248
v 0.176226 0.075247 0.916847
v 0.176226 0.075247 0.661687
v 0.272516 0.075247 0.916847
v 0.288161 0.075247 0.661687
v 0.288161 0.075247 0.916847
v 0.272516 0.075247 0.661687
v 0.303806 0.075247 0.661687
v 0.303806 0.075247 0.916847
v 0.319451 0.075247 0.916847
v 0.319451 0.075247 0.661687
v 0.335096 0.075247 0.661687
v 0.335096 0.075247 0.916847
v 0.431386 0.075247 0.661687
v 0.431386 0.075247 0.916847
v 0.303806 0.578553 0.661687
v 0.319451 0.075247 0.661687
v 0.303806 0.075247 0.661687
v 0.288161 0.075247 0.661687
v 0.283881 0.578553 0.661687
v 0.323731 0.578553 0.661687
v 0.335096 0.075247 0.661687
v 0.303806 0.578553 0.916847
v 0.319451 0.075247 0.916847
v 0.323731 0.578553 0.916847
v 0.288161 0.075247 0.916847
v 0.303806 0.075247 0.916847
v 0.283881 0.578553 0.916847
v 0.272516 0.075247 0.916847
v 0.335096 0.075247 0.916847
v 0.343656 0.578553 0.916847
v 0.263957 0.578553 0.916847
v 0.176226 0.075247 0.916847
v 0.176226 0.578553 0.916847
v 0.272516 0.075247 0.661687
v 0.263957 0.578553 0.661687
v 0.343656 0.578553 0.661687
v 0.431386 0.075247 0.661687
v 0.431386 0.578553 0.661687
v 0.176226 0.578553 0.916847
v 0.176226 0.075247 0.661687
v 0.176226 0.075247 0.916847
v 0.176226 0.578553 0.661687
v 0.176226 0.075247 0.661687
v 0.176226 0.578553 0.661687
v 0.431386 0.578553 0.661687
v 0.431386 0.075247 0.916847
v 0.431386 0.075247 0.661687
v 0.431386 0.578553 0.916847
v 0.431386 0.075247 0.916847
v 0.431386 0.578553 0.916847
v 0.167761 0.591424 0.925312
v 0.167761 0.591424 0.653222
v 0.167761 0.553835 0.925312
v 0.167761 0.553835 0.653222
v 0.439851 0.591424 0.653222
v 0.418032 0.591424 0.683286
v 0.418032 0.591424 0.895248
v 0.418032 0.591424 0.683286
v 0.418032 0.553835 0.895248
v 0.418032 0.553835 0.683286
v 0.189580 0.591424 0.895248
v 0.418032 0.591424 0.895248
v 0.189580 0.553835 0.895248
v 0.418032 0.553835 0.895248
v 0.167761 0.553835 0.925312
v 0.439851 0.591424 0.653222
v 0.439851 0.591424 0.925312
v 0.439851 0.553835 0.653222
v 0.439851 0.553835 0.925312
v 0.418032 0.591424 0.683286
v 0.189580 0.591424 0.683286
v 0.418032 0.553835 0.683286
v 0.189580 0.553835 0.683286
v 0.167761 0.591424 0.653222
v 0.439851 0.591424 0.653222
v 0.167761 0.553835 0.653222
v 0.439851 0.553835 0.653222
v 0.189580 0.591424 0.683286
v 0.189580 0.591424 0.895248
v 0.189580 0.553835 0.683286
v 0.189580 0.553835 0.895248
v 0.439851 0.591424 0.925312
v 0.167761 0.591424 0.925312
v 0.439851 0.553835 0.925312
v 0.167761 0.553835 0.925312
v 1.036457 0.075020 0.650461
v 1.051716 -0.000047 0.962901
v 1.051716 -0.000047 0.635202
v 1.036457 0.075020 0.947642
v 0.724017 -0.000047 0.962901
v 0.739276 0.075020 0.650461
v 0.724017 -0.000047 0.635202
v 0.739276 0.075020 0.947642
v 0.724017 -0.000047 0.635202
v 1.036457 0.075020 0.650461
v 1.051716 -0.000047 0.635202
v 0.739276 0.075020 0.650461
v 1.036457 0.075020 0.947642
v 0.739276 0.075020 0.947642
v 0.724017 -0.000047 0.962901
v 1.051716 -0.000047 0.962901
v 0.724017 -0.000047 0.635202
v 1.051716 -0.000047 0.962901
v 0.724017 -0.000047 0.962901
v 1.051716 -0.000047 0.635202
v 1.036457 0.075020 0.947642
v 0.739276 0.075020 0.650461
v 0.739276 0.075020 0.947642
v 1.036457 0.075020 0.650461
v 0.924339 0.075247 0.926230
v 0.924339 0.075247 0.671070
v 1.020629 0.075247 0.926230
v 0.908694 0.075247 0.671070
v 0.908694 0.075247 0.926230
v 0.893049 0.075247 0.671070
v 0.765469 0.075247 0.926230
v 0.861759 0.075247 0.671070
v 0.861759 0.075247 0.926230
v 0.877404 0.075247 0.671070
v 0.877404 0.075247 0.926230
v 0.893049 0.075247 0.926230
v 0.765469 0.075247 0.671070
v 1.020629 0.075247 0.671070
v 0.893049 0.578553 0.671070
v 0.877404 0.075247 0.671070
v 0.873124 0.578553 0.671070
v 0.908694 0.075247 0.671070
v 0.893049 0.075247 0.671070
v 0.912974 0.578553 0.671070
v 0.924339 0.075247 0.671070
v 0.893049 0.578553 0.926230
v 0.908694 0.075247 0.926230
v 0.912974 0.578553 0.926230
v 0.877404 0.075247 0.926230
v 0.893049 0.075247 0.926230
v 0.873124 0.578553 0.926230
v 0.861759 0.075247 0.926230
v 0.924339 0.075247 0.926230
v 0.932898 0.578553 0.926230
v 0.853200 0.578553 0.926230
v 0.765469 0.075247 0.926230
v 0.765469 0.578553 0.926230
v 0.861759 0.075247 0.671070
v 0.853200 0.578553 0.671070
v 0.932898 0.578553 0.671070
v 1.020629 0.075247 0.671070
v 1.020629 0.578553 0.671070
v 0.765469 0.578553 0.926230
v 0.765469 0.075247 0.671070
v 0.765469 0.075247 0.926230
v 0.765469 0.578553 0.671070
v 0.765469 0.075247 0.671070
v 0.765469 0.578553 0.671070
v 1.020629 0.578553 0.671070
v 1.020629 0.075247 0.926230
v 1.020629 0.075247 0.671070
v 1.020629 0.578553 0.926230
v 1.020629 0.075247 0.926230
v 1.020629 0.578553 0.926230
v -0.889556 0.310327 0.840399
v -0.889556 0.359655 0.871269
v -0.889556 0.310327 0.871269
v -0.889556 0.359655 0.840399
v -0.460813 0.350541 0.839474
v -0.531642 0.350541 0.870344
v -0.460813 0.350541 0.870344
v -0.531642 0.350541 0.839474
v -0.460813 0.304030 0.870344
v -0.531642 0.304030 0.839474
v -0.460813 0.304030 0.839474
v -0.531642 0.304030 0.870344
v -0.531642 0.350541 0.870344
v -0.531642 0.304030 0.839474
v -0.531642 0.304030 0.870344
v -0.531642 0.350541 0.839474
v -0.460813 0.350541 0.839474
v -0.460813 0.304030 0.870344
v -0.460813 0.304030 0.839474
v -0.460813 0.350541 0.870344
v -0.460813 0.350541 0.870344
v -0.531642 0.304030 0.870344
v -0.460813 0.304030 0.870344
v -0.531642 0.350541 0.870344
v -0.844635 0.359655 0.840399
v -0.889556 0.359655 0.871269
v -0.844635 0.359655 0.871269
v -0.889556 0.359655 0.840399
v -0.844635 0.310327 0.871269
v -0.889556 0.310327 0.840399
v -0.844635 0.310327 0.840399
v -0.889556 0.310327 0.871269
v -0.844635 0.359655 0.840399
v -0.844635 0.310327 0.871269
v -0.844635 0.310327 0.840399
v -0.844635 0.359655 0.871269
v -0.844635 0.359655 0.871269
v -0.889556 0.310327 0.871269
v -0.844635 0.310327 0.871269
v -0.889556 0.359655 0.871269
v -0.618687 0.252732 0.845518
v -0.689516 0.252732 0.876388
v -0.618687 0.252732 0.876388
v -0.689516 0.252732 0.845518
v -0.618687 0.206221 0.876388
v -0.689516 0.206221 0.876388
v -0.689516 0.206221 0.845518
v -0.618687 0.206221 0.845518
v -0.689516 0.252732 0.876388
v -0.689516 0.206221 0.845518
v -0.689516 0.206221 0.876388
v -0.689516 0.252732 0.845518
v -0.618687 0.252732 0.845518
v -0.618687 0.252732 0.876388
v -0.618687 0.206221 0.876388
v -0.618687 0.206221 0.845518
v -0.618687 0.252732 0.876388
v -0.689516 0.252732 0.876388
v -0.689516 0.206221 0.876388
v -0.618687 0.206221 0.876388
v -0.579624 0.200387 0.845518
v -0.650453 0.200387 0.876388
v -0.579624 0.200387 0.876388
v -0.650453 0.200387 0.845518
v -0.579624 0.153876 0.876388
v -0.650453 0.153876 0.845518
v -0.579624 0.153876 0.845518
v -0.650453 0.153876 0.876388
v -0.650453 0.200387 0.876388
v -0.650453 0.153876 0.845518
v -0.650453 0.153876 0.876388
v -0.650453 0.200387 0.845518
v -0.579624 0.200387 0.845518
v -0.579624 0.153876 0.876388
v -0.579624 0.153876 0.845518
v -0.579624 0.200387 0.876388
v -0.579624 0.200387 0.876388
v -0.650453 0.153876 0.876388
v -0.579624 0.153876 0.876388
v -0.650453 0.200387 0.876388
v -0.264919 -0.000047 0.724932
v -0.889556 -0.000047 0.841579
v -0.889556 -0.000047 0.724932
v -0.889556 -0.000047 0.691101
v -0.264919 -0.000047 0.691100
v -0.264919 -0.000047 0.841579
v -0.264919 -0.000047 0.873829
v -0.889556 -0.000047 0.873829
v -0.264919 0.388795 0.859230
v -0.889556 -0.000047 0.873829
v -0.264919 -0.000047 0.873829
v -0.889556 0.388795 0.859230
v -0.264919 0.388795 0.701949
v -0.264919 -0.000047 0.691100
v -0.889556 -0.000047 0.691101
v -0.889556 0.388795 0.701949
v -0.961675 0.161079 -0.562591
v -0.992545 0.161079 -0.491762
v -0.961675 0.161079 -0.491762
v -0.992545 0.161079 -0.562591
v -0.961675 0.114568 -0.491762
v -0.992545 0.114568 -0.562591
v -0.961675 0.114568 -0.562591
v -0.992545 0.114568 -0.491762
v -0.961675 0.114568 -0.491762
v -0.992545 0.161079 -0.491762
v -0.992545 0.114568 -0.491762
v -0.961675 0.161079 -0.491762
v -0.992545 0.114568 -0.562591
v -0.961675 0.161079 -0.562591
v -0.961675 0.114568 -0.562591
v -0.992545 0.161079 -0.562591
v -0.992545 0.114568 -0.491762
v -0.992545 0.161079 -0.562591
v -0.992545 0.114568 -0.562591
v -0.992545 0.161079 -0.491762
v -0.955591 0.359655 0.099158
v -0.986461 0.359655 0.144079
v -0.955591 0.359655 0.144079
v -0.955591 0.310327 0.144079
v -0.986461 0.359655 0.144079
v -0.986461 0.310327 0.144079
v -0.955591 0.359655 0.144079
v -0.986461 0.310327 0.099158
v -0.955591 0.359655 0.099158
v -0.955591 0.310327 0.099158
v -0.986461 0.359655 0.099158
v -0.986461 0.359655 0.099158
v -0.986461 0.310327 0.144079
v -0.986461 0.359655 0.144079
v -0.955591 0.306235 0.049928
v -0.986461 0.306235 0.120757
v -0.955591 0.306235 0.120757
v -0.986461 0.306235 0.049928
v -0.955591 0.256907 0.049928
v -0.986461 0.256907 0.120757
v -0.986461 0.256907 0.049928
v -0.955591 0.256907 0.120757
v -0.955591 0.256907 0.120757
v -0.986461 0.306235 0.120757
v -0.986461 0.256907 0.120757
v -0.955591 0.306235 0.120757
v -0.986461 0.256907 0.049928
v -0.955591 0.306235 0.049928
v -0.955591 0.256907 0.049928
v -0.986461 0.306235 0.049928
v -0.986461 0.256907 0.120757
v -0.986461 0.306235 0.049928
v -0.986461 0.256907 0.049928
v -0.986461 0.306235 0.120757
v -0.955591 0.324686 -0.081237
v -0.986461 0.324686 -0.010408
v -0.955591 0.324686 -0.010408
v -0.986461 0.324686 -0.081237
v -0.955591 0.278175 -0.010408
v -0.986461 0.278175 -0.081237
v -0.955591 0.278175 -0.081237
v -0.986461 0.278175 -0.010408
v -0.955591 0.278175 -0.010408
v -0.986461 0.324686 -0.010408
v -0.986461 0.278175 -0.010408
v -0.955591 0.324686 -0.010408
v -0.986461 0.278175 -0.081237
v -0.955591 0.324686 -0.081237
v -0.955591 0.278175 -0.081237
v -0.986461 0.324686 -0.081237
v -0.986461 0.278175 -0.010408
v -0.986461 0.324686 -0.081237
v -0.986461 0.278175 -0.081237
v -0.986461 0.324686 -0.010408
v -0.955591 0.272341 -0.113708
v -0.986461 0.272341 -0.042879
v -0.955591 0.272341 -0.042879
v -0.986461 0.272341 -0.113708
v -0.955591 0.225830 -0.042879
v -0.986461 0.225830 -0.113708
v -0.955591 0.225830 -0.113708
v -0.986461 0.225830 -0.042879
v -0.955591 0.225830 -0.042879
v -0.986461 0.272341 -0.042879
v -0.986461 0.225830 -0.042879
v -0.955591 0.272341 -0.042879
v -0.986461 0.225830 -0.113708
v -0.955591 0.272341 -0.113708
v -0.955591 0.225830 -0.113708
v -0.986461 0.272341 -0.113708
v -0.986461 0.225830 -0.042879
v -0.986461 0.272341 -0.113708
v -0.986461 0.225830 -0.113708
v -0.986461 0.272341 -0.042879
v -0.955591 0.337669 -0.620620
v -0.986461 0.337670 -0.549791
v -0.955591 0.337670 -0.549791
v -0.986461 0.337669 -0.620620
v -0.955591 0.291158 -0.549791
v -0.986461 0.291158 -0.620620
v -0.955591 0.291158 -0.620620
v -0.986461 0.291158 -0.549791
v -0.955591 0.291158 -0.549791
v -0.986461 0.337670 -0.549791
v -0.986461 0.291158 -0.549791
v -0.955591 0.337670 -0.549791
v -0.986461 0.291158 -0.620620
v -0.955591 0.337669 -0.620620
v -0.955591 0.291158 -0.620620
v -0.986461 0.337669 -0.620620
v -0.986461 0.291158 -0.549791
v -0.986461 0.337669 -0.620620
v -0.986461 0.291158 -0.620620
v -0.986461 0.337670 -0.549791
v -0.955591 0.288287 -0.659376
v -0.986461 0.288287 -0.588546
v -0.955591 0.288287 -0.588546
v -0.986461 0.288287 -0.659376
v -0.955591 0.241776 -0.659376
v -0.986461 0.241776 -0.588546
v -0.986461 0.241776 -0.659376
v -0.955591 0.241776 -0.588546
v -0.955591 0.241776 -0.588546
v -0.986461 0.288287 -0.588546
v -0.986461 0.241776 -0.588546
v -0.955591 0.288287 -0.588546
v -0.986461 0.241776 -0.659376
v -0.955591 0.288287 -0.659376
v -0.955591 0.241776 -0.659376
v -0.986461 0.288287 -0.659376
v -0.986461 0.241776 -0.588546
v -0.986461 0.288287 -0.659376
v -0.986461 0.241776 -0.659376
v -0.986461 0.288287 -0.588546
v -0.956771 -0.000047 -0.758484
v -0.840124 -0.000047 0.144079
v -0.956771 -0.000047 0.144079
v -0.989021 -0.000047 -0.758484
v -0.989021 -0.000047 0.144079
v -0.974422 0.388794 -0.758485
v -0.817141 0.388794 -0.758485
v -0.817141 0.388795 0.144079
v -0.806293 -0.000047 0.144079
v -0.806293 -0.000047 -0.758484
v -0.954666 0.350541 0.572823
v -0.985536 0.350541 0.501993
v -0.985536 0.350541 0.572823
v -0.954666 0.350541 0.501993
v -0.985536 0.304030 0.572823
v -0.985536 0.304030 0.501993
v -0.954666 0.304030 0.501993
v -0.954666 0.304030 0.572823
v -0.985536 0.350541 0.501993
v -0.954666 0.350541 0.501993
v -0.954666 0.304030 0.501993
v -0.985536 0.304030 0.501993
v -0.954666 0.350541 0.572823
v -0.985536 0.350541 0.572823
v -0.985536 0.304030 0.572823
v -0.954666 0.304030 0.572823
v -0.985536 0.350541 0.572823
v -0.985536 0.350541 0.501993
v -0.985536 0.304030 0.501993
v -0.985536 0.304030 0.572823
v -0.955591 0.359655 0.189001
v -0.986461 0.359655 0.189001
v -0.986461 0.359655 0.099158
v -0.955591 0.310327 0.144079
v -0.986461 0.310327 0.099158
v -0.955591 0.310327 0.099158
v -0.986461 0.310327 0.144079
v -0.986461 0.310327 0.189001
v -0.955591 0.310327 0.189001
v -0.955591 0.359655 0.189001
v -0.986461 0.310327 0.189001
v -0.955591 0.310327 0.189001
v -0.986461 0.359655 0.189001
v -0.986461 0.310327 0.099158
v -0.986461 0.359655 0.189001
v -0.986461 0.310327 0.189001
v -0.955591 0.252732 0.316190
v -0.986461 0.252732 0.245360
v -0.986461 0.252732 0.316190
v -0.955591 0.252732 0.245360
v -0.986461 0.206221 0.316190
v -0.986461 0.206221 0.245360
v -0.955591 0.206221 0.245360
v -0.955591 0.206221 0.316190
v -0.986461 0.252732 0.245360
v -0.955591 0.206221 0.245360
v -0.986461 0.206221 0.245360
v -0.955591 0.252732 0.245360
v -0.955591 0.252732 0.316190
v -0.986461 0.206221 0.316190
v -0.955591 0.206221 0.316190
v -0.986461 0.252732 0.316190
v -0.986461 0.252732 0.316190
v -0.986461 0.206221 0.245360
v -0.986461 0.206221 0.316190
v -0.986461 0.252732 0.245360
v -0.955591 0.200387 0.518949
v -0.986461 0.200387 0.448119
v -0.986461 0.200387 0.518949
v -0.955591 0.200387 0.448119
v -0.986461 0.153876 0.518949
v -0.986461 0.153876 0.448119
v -0.955591 0.153876 0.448119
v -0.955591 0.153876 0.518949
v -0.986461 0.200387 0.448119
v -0.955591 0.153876 0.448119
v -0.986461 0.153876 0.448119
v -0.955591 0.200387 0.448119
v -0.955591 0.200387 0.518949
v -0.986461 0.153876 0.518949
v -0.955591 0.153876 0.518949
v -0.986461 0.200387 0.518949
v -0.986461 0.200387 0.518949
v -0.986461 0.153876 0.448119
v -0.986461 0.153876 0.518949
v -0.986461 0.200387 0.448119
v -0.840124 -0.000047 0.768717
v -0.806293 -0.000047 0.144079
v -0.840124 -0.000047 -0.758484
v -0.806293 -0.000047 -0.758484
v -0.806293 -0.000047 0.768717
v -0.989021 -0.000047 -0.758484
v -0.956771 -0.000047 0.768717
v -0.989021 -0.000047 0.144079
v -0.989021 -0.000047 0.768717
v -0.974422 0.388795 0.768717
v -0.989021 -0.000047 0.768717
v -0.974422 0.388795 0.144079
v -0.817141 0.388795 0.768717
v -0.806293 -0.000047 0.768717
v -0.796594 0.388794 -0.900185
v 0.000000 -0.000047 -0.914783
v -0.796594 -0.000047 -0.914783
v 0.000000 0.388794 -0.900185
v -0.796594 -0.000047 -0.732055
v 0.000000 -0.000047 -0.732055
v -0.796594 0.388794 -0.742904
v 0.889556 0.359655 0.871269
v 0.889556 0.359655 0.840399
v 0.889556 0.310327 0.840399
v 0.889556 0.310327 0.871269
v 0.531642 0.350541 0.839474
v 0.460813 0.350541 0.839474
v 0.531642 0.350541 0.870344
v 0.460813 0.350541 0.870344
v 0.531642 0.304030 0.870344
v 0.460813 0.304030 0.870344
v 0.531642 0.304030 0.839474
v 0.460813 0.304030 0.839474
v 0.531642 0.304030 0.839474
v 0.531642 0.350541 0.870344
v 0.531642 0.304030 0.870344
v 0.531642 0.350541 0.839474
v 0.460813 0.304030 0.870344
v 0.460813 0.350541 0.839474
v 0.460813 0.304030 0.839474
v 0.460813 0.350541 0.870344
v 0.531642 0.304030 0.870344
v 0.460813 0.350541 0.870344
v 0.460813 0.304030 0.870344
v 0.531642 0.350541 0.870344
v 0.844635 0.359655 0.840399
v 0.844635 0.359655 0.871269
v 0.889556 0.359655 0.871269
v 0.889556 0.359655 0.840399
v 0.844635 0.310327 0.871269
v 0.844635 0.310327 0.840399
v 0.889556 0.310327 0.840399
v 0.889556 0.310327 0.871269
v 0.844635 0.310327 0.871269
v 0.844635 0.359655 0.840399
v 0.844635 0.310327 0.840399
v 0.844635 0.359655 0.871269
v 0.889556 0.310327 0.871269
v 0.844635 0.359655 0.871269
v 0.844635 0.310327 0.871269
v 0.889556 0.359655 0.871269
v 0.689516 0.252732 0.845518
v 0.618687 0.252732 0.845518
v 0.689516 0.252732 0.876388
v 0.618687 0.252732 0.876388
v 0.689516 0.206221 0.876388
v 0.618687 0.206221 0.876388
v 0.689516 0.206221 0.845518
v 0.618687 0.206221 0.845518
v 0.689516 0.206221 0.845518
v 0.689516 0.252732 0.876388
v 0.689516 0.206221 0.876388
v 0.689516 0.252732 0.845518
v 0.618687 0.206221 0.876388
v 0.618687 0.252732 0.845518
v 0.618687 0.206221 0.845518
v 0.618687 0.252732 0.876388
v 0.689516 0.206221 0.876388
v 0.618687 0.252732 0.876388
v 0.618687 0.206221 0.876388
v 0.689516 0.252732 0.876388
v 0.650453 0.200387 0.845518
v 0.579624 0.200387 0.845518
v 0.650453 0.200387 0.876388
v 0.579624 0.200387 0.876388
v 0.650453 0.153876 0.876388
v 0.579624 0.153876 0.876388
v 0.650453 0.153876 0.845518
v 0.579624 0.153876 0.845518
v 0.650453 0.153876 0.845518
v 0.650453 0.200387 0.876388
v 0.650453 0.153876 0.876388
v 0.650453 0.200387 0.845518
v 0.579624 0.153876 0.876388
v 0.579624 0.200387 0.845518
v 0.579624 0.153876 0.845518
v 0.579624 0.200387 0.876388
v 0.650453 0.153876 0.876388
v 0.579624 0.200387 0.876388
v 0.579624 0.153876 0.876388
v 0.650453 0.200387 0.876388
v 0.889556 -0.000047 0.691101
v 0.264919 -0.000047 0.724932
v 0.264919 -0.000047 0.691100
v 0.889556 -0.000047 0.841579
v 0.264919 -0.000047 0.841579
v 0.889556 -0.000047 0.724932
v 0.264919 -0.000047 0.873829
v 0.889556 -0.000047 0.873829
v 0.264919 0.388795 0.859230
v 0.264919 -0.000047 0.873829
v 0.889556 -0.000047 0.873829
v 0.889556 0.388795 0.859230
v 0.264919 0.388795 0.701949
v 0.889556 -0.000047 0.691101
v 0.264919 -0.000047 0.691100
v 0.889556 0.388795 0.701949
v 0.961675 0.161079 -0.562591
v 0.961675 0.161079 -0.491762
v 0.992545 0.161079 -0.491762
v 0.992545 0.161079 -0.562591
v 0.992545 0.114568 -0.562591
v 0.961675 0.114568 -0.491762
v 0.961675 0.114568 -0.562591
v 0.992545 0.114568 -0.491762
v 0.992545 0.161079 -0.491762
v 0.961675 0.161079 -0.491762
v 0.961675 0.114568 -0.491762
v 0.992545 0.114568 -0.491762
v 0.961675 0.161079 -0.562591
v 0.992545 0.161079 -0.562591
v 0.992545 0.114568 -0.562591
v 0.961675 0.114568 -0.562591
v 0.992545 0.161079 -0.562591
v 0.992545 0.161079 -0.491762
v 0.992545 0.114568 -0.491762
v 0.992545 0.114568 -0.562591
v 0.955591 0.359655 0.099158
v 0.955591 0.359655 0.144079
v 0.986461 0.359655 0.144079
v 0.986461 0.359655 0.099158
v 0.986461 0.310327 0.099158
v 0.955591 0.310327 0.144079
v 0.955591 0.310327 0.099158
v 0.986461 0.359655 0.144079
v 0.955591 0.310327 0.144079
v 0.986461 0.310327 0.144079
v 0.955591 0.359655 0.144079
v 0.955591 0.359655 0.099158
v 0.986461 0.310327 0.099158
v 0.955591 0.310327 0.099158
v 0.986461 0.359655 0.099158
v 0.986461 0.359655 0.099158
v 0.986461 0.359655 0.144079
v 0.986461 0.310327 0.144079
v 0.986461 0.310327 0.099158
v 0.955591 0.306235 0.049928
v 0.955591 0.306235 0.120757
v 0.986461 0.306235 0.120757
v 0.986461 0.306235 0.049928
v 0.955591 0.256907 0.049928
v 0.986461 0.256907 0.120757
v 0.955591 0.256907 0.120757
v 0.986461 0.256907 0.049928
v 0.986461 0.306235 0.120757
v 0.955591 0.306235 0.120757
v 0.955591 0.256907 0.120757
v 0.986461 0.256907 0.120757
v 0.955591 0.306235 0.049928
v 0.986461 0.256907 0.049928
v 0.955591 0.256907 0.049928
v 0.986461 0.306235 0.049928
v 0.986461 0.306235 0.049928
v 0.986461 0.256907 0.120757
v 0.986461 0.256907 0.049928
v 0.986461 0.306235 0.120757
v 0.955591 0.324686 -0.081237
v 0.955591 0.324686 -0.010408
v 0.986461 0.324686 -0.010408
v 0.986461 0.324686 -0.081237
v 0.986461 0.278175 -0.081237
v 0.955591 0.278175 -0.010408
v 0.955591 0.278175 -0.081237
v 0.986461 0.278175 -0.010408
v 0.986461 0.324686 -0.010408
v 0.955591 0.324686 -0.010408
v 0.955591 0.278175 -0.010408
v 0.986461 0.278175 -0.010408
v 0.955591 0.324686 -0.081237
v 0.986461 0.324686 -0.081237
v 0.986461 0.278175 -0.081237
v 0.955591 0.278175 -0.081237
v 0.986461 0.324686 -0.081237
v 0.986461 0.278175 -0.010408
v 0.986461 0.278175 -0.081237
v 0.986461 0.324686 -0.010408
v 0.955591 0.272341 -0.113708
v 0.955591 0.272341 -0.042879
v 0.986461 0.272341 -0.042879
v 0.986461 0.272341 -0.113708
v 0.986461 0.225830 -0.113708
v 0.955591 0.225830 -0.042879
v 0.955591 0.225830 -0.113708
v 0.986461 0.225830 -0.042879
v 0.986461 0.272341 -0.042879
v 0.955591 0.272341 -0.042879
v 0.955591 0.225830 -0.042879
v 0.986461 0.225830 -0.042879
v 0.955591 0.272341 -0.113708
v 0.986461 0.272341 -0.113708
v 0.986461 0.225830 -0.113708
v 0.955591 0.225830 -0.113708
v 0.986461 0.272341 -0.113708
v 0.986461 0.272341 -0.042879
v 0.986461 0.225830 -0.042879
v 0.986461 0.225830 -0.113708
v 0.955591 0.337669 -0.620620
v 0.955591 0.337670 -0.549791
v 0.986461 0.337670 -0.549791
v 0.986461 0.337669 -0.620620
v 0.986461 0.291158 -0.620620
v 0.955591 0.291158 -0.549791
v 0.955591 0.291158 -0.620620
v 0.986461 0.291158 -0.549791
v 0.986461 0.337670 -0.549791
v 0.955591 0.291158 -0.549791
v 0.986461 0.291158 -0.549791
v 0.955591 0.337670 -0.549791
v 0.955591 0.337669 -0.620620
v 0.986461 0.291158 -0.620620
v 0.955591 0.291158 -0.620620
v 0.986461 0.337669 -0.620620
v 0.986461 0.337669 -0.620620
v 0.986461 0.291158 -0.549791
v 0.986461 0.291158 -0.620620
v 0.986461 0.337670 -0.549791
v 0.955591 0.288287 -0.659376
v 0.955591 0.288287 -0.588546
v 0.986461 0.288287 -0.588546
v 0.986461 0.288287 -0.659376
v 0.955591 0.241776 -0.659376
v 0.986461 0.241776 -0.588546
v 0.955591 0.241776 -0.588546
v 0.986461 0.241776 -0.659376
v 0.986461 0.288287 -0.588546
v 0.955591 0.241776 -0.588546
v 0.986461 0.241776 -0.588546
v 0.955591 0.288287 -0.588546
v 0.955591 0.288287 -0.659376
v 0.986461 0.241776 -0.659376
v 0.955591 0.241776 -0.659376
v 0.986461 0.288287 -0.659376
v 0.986461 0.288287 -0.659376
v 0.986461 0.241776 -0.588546
v 0.986461 0.241776 -0.659376
v 0.986461 0.288287 -0.588546
v 0.840124 -0.000047 -0.758484
v 0.840124 -0.000047 0.144079
v 0.806293 -0.000047 0.144079
v 0.956771 -0.000047 -0.758484
v 0.956771 -0.000047 0.144079
v 0.989021 -0.000047 -0.758484
v 0.989021 -0.000047 0.144079
v 0.974422 0.388794 -0.758485
v 0.989021 -0.000047 0.144079
v 0.989021 -0.000047 -0.758484
v 0.806293 -0.000047 -0.758484
v 0.806293 -0.000047 0.144079
v 0.817141 0.388794 -0.758485
v 0.985536 0.350541 0.501993
v 0.954666 0.350541 0.572823
v 0.985536 0.350541 0.572823
v 0.954666 0.350541 0.501993
v 0.985536 0.304030 0.572823
v 0.954666 0.304030 0.501993
v 0.985536 0.304030 0.501993
v 0.954666 0.304030 0.572823
v 0.954666 0.304030 0.501993
v 0.985536 0.350541 0.501993
v 0.985536 0.304030 0.501993
v 0.954666 0.350541 0.501993
v 0.985536 0.304030 0.572823
v 0.954666 0.350541 0.572823
v 0.954666 0.304030 0.572823
v 0.985536 0.350541 0.572823
v 0.985536 0.304030 0.501993
v 0.985536 0.350541 0.572823
v 0.985536 0.304030 0.572823
v 0.985536 0.350541 0.501993
v 0.955591 0.359655 0.189001
v 0.986461 0.359655 0.189001
v 0.986461 0.310327 0.189001
v 0.986461 0.310327 0.144079
v 0.955591 0.310327 0.189001
v 0.986461 0.310327 0.189001
v 0.955591 0.359655 0.189001
v 0.955591 0.310327 0.189001
v 0.986461 0.359655 0.189001
v 0.986461 0.359655 0.189001
v 0.986461 0.310327 0.189001
v 0.986461 0.252732 0.245360
v 0.955591 0.252732 0.316190
v 0.986461 0.252732 0.316190
v 0.955591 0.252732 0.245360
v 0.986461 0.206221 0.316190
v 0.955591 0.206221 0.245360
v 0.986461 0.206221 0.245360
v 0.955591 0.206221 0.316190
v 0.955591 0.206221 0.245360
v 0.986461 0.252732 0.245360
v 0.986461 0.206221 0.245360
v 0.955591 0.252732 0.245360
v 0.986461 0.206221 0.316190
v 0.955591 0.252732 0.316190
v 0.955591 0.206221 0.316190
v 0.986461 0.252732 0.316190
v 0.986461 0.206221 0.245360
v 0.986461 0.252732 0.316190
v 0.986461 0.206221 0.316190
v 0.986461 0.252732 0.245360
v 0.986461 0.200387 0.448119
v 0.955591 0.200387 0.518949
v 0.986461 0.200387 0.518949
v 0.955591 0.200387 0.448119
v 0.986461 0.153876 0.518949
v 0.955591 0.153876 0.448119
v 0.986461 0.153876 0.448119
v 0.955591 0.153876 0.518949
v 0.955591 0.153876 0.448119
v 0.986461 0.200387 0.448119
v 0.986461 0.153876 0.448119
v 0.955591 0.200387 0.448119
v 0.986461 0.153876 0.518949
v 0.955591 0.200387 0.518949
v 0.955591 0.153876 0.518949
v 0.986461 0.200387 0.518949
v 0.986461 0.153876 0.448119
v 0.986461 0.200387 0.518949
v 0.986461 0.153876 0.518949
v 0.986461 0.200387 0.448119
v 0.806293 -0.000047 -0.758484
v 0.840124 -0.000047 0.768717
v 0.956771 -0.000047 0.768717
v 0.806293 -0.000047 0.768717
v 0.989021 -0.000047 0.768717
v 0.974422 0.388795 0.144079
v 0.974422 0.388795 0.768717
v 0.989021 -0.000047 0.768717
v 0.817141 0.388795 0.768717
v 0.806293 -0.000047 0.768717
v 0.817141 0.388795 0.144079
v 0.796594 -0.000047 -0.732055
v 0.000000 -0.000047 -0.732055
v 0.796594 -0.000047 -0.765887
v -0.796594 -0.000047 -0.765887
v 0.000000 -0.000047 -0.765887
v -0.796594 -0.000047 -0.732055
v 0.796594 -0.000047 -0.882534
v -0.796594 -0.000047 -0.882534
v 0.000000 -0.000047 -0.882534
v 0.796594 -0.000047 -0.914783
v -0.796594 -0.000047 -0.914783
v 0.000000 -0.000047 -0.914783
v 0.796594 0.388794 -0.900185
v 0.796594 -0.000047 -0.914783
v 0.000000 0.388794 -0.742904
v 0.796594 0.388794 -0.742904
v 0.796594 -0.000047 -0.732055
v -1.028560 0.513594 -0.090722
v -0.993668 0.513594 -0.133402
v -1.028561 0.513594 -0.133402
v -0.993668 0.513594 -0.090722
v -0.993668 0.470914 -0.133402
v -1.028560 0.470914 -0.090722
v -1.028561 0.470914 -0.133402
v -0.993668 0.470914 -0.090722
v -1.028560 0.470914 -0.090722
v -1.028561 0.513594 -0.133402
v -1.028561 0.470914 -0.133402
v -1.028560 0.513594 -0.090722
v -0.993668 0.470914 -0.090722
v -1.028560 0.513594 -0.090722
v -1.028560 0.470914 -0.090722
v -0.993668 0.513594 -0.090722
v -0.993668 0.470914 -0.133402
v -0.993668 0.513594 -0.090722
v -0.993668 0.470914 -0.090722
v -0.993668 0.513594 -0.133402
v -1.028561 0.470914 -0.133402
v -0.993668 0.513594 -0.133402
v -0.993668 0.470914 -0.133402
v -1.028561 0.513594 -0.133402
v -1.028560 0.468880 -0.080492
v -0.996543 0.468880 -0.130157
v -1.028561 0.468880 -0.130157
v -0.996543 0.468880 -0.080492
v -0.996543 0.426199 -0.130157
v -1.028560 0.426199 -0.080492
v -1.028561 0.426199 -0.130157
v -0.996543 0.426199 -0.080492
v -1.028560 0.426199 -0.080492
v -1.028561 0.468880 -0.130157
v -1.028561 0.426199 -0.130157
v -1.028560 0.468880 -0.080492
v -0.996543 0.426199 -0.080492
v -1.028560 0.468880 -0.080492
v -1.028560 0.426199 -0.080492
v -0.996543 0.468880 -0.080492
v -0.996543 0.426199 -0.130157
v -0.996543 0.468880 -0.080492
v -0.996543 0.426199 -0.080492
v -0.996543 0.468880 -0.130157
v -1.028561 0.426199 -0.130157
v -0.996543 0.468880 -0.130157
v -0.996543 0.426199 -0.130157
v -1.028561 0.468880 -0.130157
v -0.985880 0.425098 -0.101975
v -1.028561 0.425098 -0.132846
v -1.028561 0.425098 -0.101975
v -0.985880 0.425098 -0.132846
v -0.985880 0.370094 -0.132845
v -1.028561 0.370094 -0.101975
v -1.028561 0.370094 -0.132845
v -0.985880 0.370094 -0.101975
v -1.028561 0.370094 -0.101975
v -1.028561 0.425098 -0.132846
v -1.028561 0.370094 -0.132845
v -1.028561 0.425098 -0.101975
v -0.985880 0.370094 -0.101975
v -1.028561 0.425098 -0.101975
v -1.028561 0.370094 -0.101975
v -0.985880 0.425098 -0.101975
v -0.985880 0.370094 -0.132845
v -0.985880 0.425098 -0.101975
v -0.985880 0.370094 -0.101975
v -0.985880 0.425098 -0.132846
v -1.028561 0.370094 -0.132845
v -0.985880 0.425098 -0.132846
v -0.985880 0.370094 -0.132845
v -1.028561 0.425098 -0.132846
v -0.993668 0.513594 0.092889
v -1.028560 0.513594 0.135569
v -0.993668 0.513594 0.135569
v -1.028560 0.513594 0.092889
v -0.993668 0.470914 0.135569
v -1.028560 0.470914 0.092889
v -0.993668 0.470914 0.092889
v -1.028560 0.470914 0.135569
v -1.028560 0.513594 0.135569
v -1.028560 0.470914 0.092889
v -1.028560 0.470914 0.135569
v -1.028560 0.513594 0.092889
v -1.028560 0.513594 0.092889
v -0.993668 0.470914 0.092889
v -1.028560 0.470914 0.092889
v -0.993668 0.513594 0.092889
v -0.993668 0.513594 0.092889
v -0.993668 0.470914 0.135569
v -0.993668 0.470914 0.092889
v -0.993668 0.513594 0.135569
v -0.993668 0.513594 0.135569
v -1.028560 0.470914 0.135569
v -0.993668 0.470914 0.135569
v -1.028560 0.513594 0.135569
v -0.996543 0.468880 0.082658
v -1.028560 0.468880 0.132323
v -0.996543 0.468880 0.132323
v -1.028560 0.468880 0.082658
v -0.996543 0.426199 0.132323
v -1.028560 0.426199 0.082658
v -0.996543 0.426199 0.082658
v -1.028560 0.426199 0.132323
v -1.028560 0.468880 0.132323
v -1.028560 0.468880 0.082658
v -1.028560 0.426199 0.082658
v -1.028560 0.426199 0.132323
v -1.028560 0.468880 0.082658
v -0.996543 0.468880 0.082658
v -0.996543 0.426199 0.082658
v -1.028560 0.426199 0.082658
v -0.996543 0.468880 0.082658
v -0.996543 0.426199 0.132323
v -0.996543 0.426199 0.082658
v -0.996543 0.468880 0.132323
v -0.996543 0.468880 0.132323
v -1.028560 0.426199 0.132323
v -0.996543 0.426199 0.132323
v -1.028560 0.468880 0.132323
v -0.985880 0.425098 0.104142
v -1.028560 0.425098 0.135012
v -0.985880 0.425098 0.135012
v -1.028560 0.425098 0.104142
v -0.985880 0.370094 0.135012
v -1.028560 0.370094 0.104142
v -0.985880 0.370094 0.104142
v -1.028560 0.370094 0.135012
v -1.028560 0.425098 0.135012
v -1.028560 0.370094 0.104142
v -1.028560 0.370094 0.135012
v -1.028560 0.425098 0.104142
v -1.028560 0.425098 0.104142
v -0.985880 0.370094 0.104142
v -1.028560 0.370094 0.104142
v -0.985880 0.425098 0.104142
v -0.985880 0.425098 0.104142
v -0.985880 0.370094 0.135012
v -0.985880 0.370094 0.104142
v -0.985880 0.425098 0.135012
v -0.985880 0.425098 0.135012
v -1.028560 0.370094 0.135012
v -0.985880 0.370094 0.135012
v -1.028560 0.425098 0.135012
v -1.028560 0.181836 -0.080492
v -0.996543 0.181836 -0.130157
v -1.028561 0.181836 -0.130157
v -0.996543 0.181836 -0.080492
v -0.996543 0.139156 -0.130157
v -1.028560 0.139156 -0.080492
v -1.028561 0.139156 -0.130157
v -0.996543 0.139156 -0.080492
v -1.028560 0.139156 -0.080492
v -1.028561 0.181836 -0.130157
v -1.028561 0.139156 -0.130157
v -1.028560 0.181836 -0.080492
v -0.996543 0.139156 -0.080492
v -1.028560 0.181836 -0.080492
v -1.028560 0.139156 -0.080492
v -0.996543 0.181836 -0.080492
v -0.996543 0.139156 -0.130157
v -0.996543 0.181836 -0.080492
v -0.996543 0.139156 -0.080492
v -0.996543 0.181836 -0.130157
v -1.028561 0.139156 -0.130157
v -0.996543 0.181836 -0.130157
v -0.996543 0.139156 -0.130157
v -1.028561 0.181836 -0.130157
v -0.985880 0.138055 -0.101975
v -1.028561 0.138055 -0.132845
v -1.028561 0.138055 -0.101975
v -0.985880 0.138055 -0.132845
v -0.985880 0.083051 -0.132845
v -1.028561 0.083051 -0.101975
v -1.028561 0.083051 -0.132845
v -0.985880 0.083051 -0.101975
v -1.028561 0.083051 -0.101975
v -1.028561 0.138055 -0.132845
v -1.028561 0.083051 -0.132845
v -1.028561 0.138055 -0.101975
v -0.985880 0.083051 -0.101975
v -1.028561 0.138055 -0.101975
v -1.028561 0.083051 -0.101975
v -0.985880 0.138055 -0.101975
v -0.985880 0.083051 -0.132845
v -0.985880 0.138055 -0.101975
v -0.985880 0.083051 -0.101975
v -0.985880 0.138055 -0.132845
v -1.028561 0.083051 -0.132845
v -0.985880 0.138055 -0.132845
v -0.985880 0.083051 -0.132845
v -1.028561 0.138055 -0.132845
v -0.996543 0.181836 0.082658
v -1.028560 0.181836 0.132324
v -0.996543 0.181836 0.132324
v -1.028560 0.181836 0.082658
v -0.996543 0.139156 0.132324
v -1.028560 0.139156 0.082658
v -0.996543 0.139156 0.082658
v -1.028560 0.139156 0.132324
v -1.028560 0.181836 0.132324
v -1.028560 0.181836 0.082658
v -1.028560 0.139156 0.082658
v -1.028560 0.139156 0.132324
v -1.028560 0.181836 0.082658
v -0.996543 0.139156 0.082658
v -1.028560 0.139156 0.082658
v -0.996543 0.181836 0.082658
v -0.996543 0.181836 0.082658
v -0.996543 0.181836 0.132324
v -0.996543 0.139156 0.132324
v -0.996543 0.139156 0.082658
v -0.996543 0.181836 0.132324
v -1.028560 0.139156 0.132324
v -0.996543 0.139156 0.132324
v -1.028560 0.181836 0.132324
v -0.985880 0.138055 0.104142
v -1.028560 0.138055 0.135012
v -0.985880 0.138055 0.135012
v -1.028560 0.138055 0.104142
v -0.985880 0.083051 0.135012
v -1.028560 0.083051 0.104142
v -0.985880 0.083051 0.104142
v -1.028560 0.083051 0.135012
v -1.028560 0.138055 0.135012
v -1.028560 0.083051 0.104142
v -1.028560 0.083051 0.135012
v -1.028560 0.138055 0.104142
v -1.028560 0.138055 0.104142
v -0.985880 0.138055 0.104142
v -0.985880 0.083051 0.104142
v -1.028560 0.083051 0.104142
v -0.985880 0.138055 0.104142
v -0.985880 0.083051 0.135012
v -0.985880 0.083051 0.104142
v -0.985880 0.138055 0.135012
v -0.985880 0.138055 0.135012
v -1.028560 0.083051 0.135012
v -0.985880 0.083051 0.135012
v -1.028560 0.138055 0.135012
v -0.757538 0.181836 -0.130157
v -0.789555 0.181836 -0.080492
v -0.757538 0.181836 -0.080492
v -0.789555 0.181836 -0.130157
v -0.757538 0.139156 -0.080492
v -0.789555 0.139156 -0.130157
v -0.757538 0.139156 -0.130157
v -0.789555 0.139156 -0.080492
v -0.757538 0.181836 -0.130157
v -0.757538 0.139156 -0.080492
v -0.757538 0.139156 -0.130157
v -0.757538 0.181836 -0.080492
v -0.757538 0.181836 -0.080492
v -0.789555 0.139156 -0.080492
v -0.757538 0.139156 -0.080492
v -0.789555 0.181836 -0.080492
v -0.789555 0.181836 -0.080492
v -0.789555 0.139156 -0.130157
v -0.789555 0.139156 -0.080492
v -0.789555 0.181836 -0.130157
v -0.789555 0.181836 -0.130157
v -0.757538 0.139156 -0.130157
v -0.789555 0.139156 -0.130157
v -0.757538 0.181836 -0.130157
v -0.757538 0.138055 -0.132846
v -0.800218 0.138055 -0.101975
v -0.757538 0.138055 -0.101975
v -0.800218 0.138055 -0.132846
v -0.757538 0.083051 -0.101975
v -0.800218 0.083051 -0.132846
v -0.757538 0.083051 -0.132846
v -0.800218 0.083051 -0.101975
v -0.757538 0.138055 -0.132846
v -0.757538 0.083051 -0.101975
v -0.757538 0.083051 -0.132846
v -0.757538 0.138055 -0.101975
v -0.757538 0.138055 -0.101975
v -0.800218 0.083051 -0.101975
v -0.757538 0.083051 -0.101975
v -0.800218 0.138055 -0.101975
v -0.800218 0.138055 -0.101975
v -0.800218 0.083051 -0.132846
v -0.800218 0.083051 -0.101975
v -0.800218 0.138055 -0.132846
v -0.800218 0.138055 -0.132846
v -0.757538 0.083051 -0.132846
v -0.800218 0.083051 -0.132846
v -0.757538 0.138055 -0.132846
v -0.789555 0.181836 0.132323
v -0.757538 0.181836 0.082658
v -0.789555 0.181836 0.082658
v -0.757538 0.181836 0.132323
v -0.789555 0.139156 0.132323
v -0.789555 0.139156 0.082658
v -0.757538 0.139156 0.082658
v -0.757538 0.139156 0.132323
v -0.757538 0.139156 0.082658
v -0.757538 0.181836 0.132323
v -0.757538 0.139156 0.132323
v -0.757538 0.181836 0.082658
v -0.789555 0.139156 0.082658
v -0.757538 0.181836 0.082658
v -0.757538 0.139156 0.082658
v -0.789555 0.181836 0.082658
v -0.789555 0.139156 0.132323
v -0.789555 0.181836 0.082658
v -0.789555 0.139156 0.082658
v -0.789555 0.181836 0.132323
v -0.757538 0.139156 0.132323
v -0.789555 0.181836 0.132323
v -0.789555 0.139156 0.132323
v -0.757538 0.181836 0.132323
v -0.800218 0.138055 0.104142
v -0.800218 0.138055 0.135012
v -0.757538 0.138055 0.135012
v -0.757538 0.138055 0.104142
v -0.800218 0.083051 0.135012
v -0.800218 0.083051 0.104142
v -0.757538 0.083051 0.104142
v -0.757538 0.083051 0.135012
v -0.757538 0.083051 0.104142
v -0.757538 0.138055 0.135012
v -0.757538 0.083051 0.135012
v -0.757538 0.138055 0.104142
v -0.800218 0.083051 0.104142
v -0.757538 0.138055 0.104142
v -0.757538 0.083051 0.104142
v -0.800218 0.138055 0.104142
v -0.800218 0.083051 0.135012
v -0.800218 0.138055 0.104142
v -0.800218 0.083051 0.104142
v -0.800218 0.138055 0.135012
v -0.757538 0.083051 0.135012
v -0.800218 0.138055 0.135012
v -0.800218 0.083051 0.135012
v -0.757538 0.138055 0.135012
v -0.800218 0.370094 0.104142
v -0.757538 0.425098 0.104142
v -0.757538 0.370094 0.104142
v -0.800218 0.425098 0.104142
v -0.800218 0.425098 0.104142
v -0.800218 0.425098 0.135012
v -0.757538 0.425098 0.135012
v -0.757538 0.425098 0.104142
v -0.757538 0.370094 0.104142
v -0.757538 0.425098 0.135012
v -0.757538 0.370094 0.135012
v -0.757538 0.425098 0.104142
v -0.757538 0.370094 0.135012
v -0.800218 0.425098 0.135012
v -0.800218 0.370094 0.135012
v -0.757538 0.425098 0.135012
v -0.800218 0.370094 0.135012
v -0.800218 0.425098 0.104142
v -0.800218 0.370094 0.104142
v -0.800218 0.425098 0.135012
v -0.800218 0.370094 0.135012
v -0.800218 0.370094 0.104142
v -0.757538 0.370094 0.104142
v -0.757538 0.370094 0.135012
v -0.789555 0.426199 0.082658
v -0.757538 0.468880 0.082658
v -0.757538 0.426199 0.082658
v -0.789555 0.468880 0.082658
v -0.789555 0.468880 0.132323
v -0.757538 0.468880 0.082658
v -0.789555 0.468880 0.082658
v -0.757538 0.468880 0.132323
v -0.757538 0.426199 0.082658
v -0.757538 0.468880 0.132323
v -0.757538 0.426199 0.132323
v -0.757538 0.468880 0.082658
v -0.757538 0.426199 0.132323
v -0.789555 0.468880 0.132323
v -0.789555 0.426199 0.132323
v -0.757538 0.468880 0.132323
v -0.789555 0.426199 0.132323
v -0.789555 0.468880 0.082658
v -0.789555 0.426199 0.082658
v -0.789555 0.468880 0.132323
v -0.789555 0.426199 0.132323
v -0.789555 0.426199 0.082658
v -0.757538 0.426199 0.082658
v -0.757538 0.426199 0.132323
v -0.792430 0.470914 0.092889
v -0.757538 0.513594 0.092889
v -0.757538 0.470914 0.092889
v -0.792430 0.513594 0.092889
v -0.792430 0.513594 0.092889
v -0.792430 0.513594 0.135569
v -0.757538 0.513594 0.135569
v -0.757538 0.513594 0.092889
v -0.757538 0.470914 0.092889
v -0.757538 0.513594 0.135569
v -0.757538 0.470914 0.135569
v -0.757538 0.513594 0.092889
v -0.757538 0.470914 0.135569
v -0.792430 0.513594 0.135569
v -0.792430 0.470914 0.135569
v -0.757538 0.513594 0.135569
v -0.792430 0.470914 0.135569
v -0.792430 0.513594 0.092889
v -0.792430 0.470914 0.092889
v -0.792430 0.513594 0.135569
v -0.792430 0.470914 0.135569
v -0.792430 0.470914 0.092889
v -0.757538 0.470914 0.092889
v -0.757538 0.470914 0.135569
v -1.039513 0.100476 0.153131
v -1.039513 0.100476 -0.150161
v -1.039513 0.070826 0.153131
v -1.039513 0.070826 -0.150161
v -0.736220 0.100476 -0.150161
v -0.736220 0.100476 0.153131
v -0.736220 0.070826 -0.150161
v -0.736220 0.070826 0.153131
v -1.039513 0.100476 -0.150161
v -0.736220 0.100476 -0.150161
v -1.039513 0.070826 -0.150161
v -0.736220 0.070826 -0.150161
v -0.736220 0.100476 0.153131
v -1.039513 0.100476 0.153131
v -0.736220 0.070826 0.153131
v -1.039513 0.070826 0.153131
v -0.736220 0.070826 -0.150161
v -1.039513 0.070826 0.153131
v -1.039513 0.070826 -0.150161
v -0.736220 0.070826 0.153131
v -1.039513 0.100476 0.153131
v -0.736220 0.100476 -0.150161
v -1.039513 0.100476 -0.150161
v -0.736220 0.100476 0.153131
v -1.001049 0.558209 0.098623
v -1.046685 0.610504 0.098623
v -1.046685 0.558209 0.098623
v -1.001049 0.610504 0.098623
v -1.046685 0.558209 0.034140
v -1.001049 0.610504 0.034140
v -1.001049 0.558209 0.034140
v -1.046685 0.610504 0.034140
v -1.001049 0.558209 0.034140
v -1.001049 0.610504 0.098623
v -1.001049 0.558209 0.098623
v -1.001049 0.610504 0.034140
v -1.046685 0.558209 0.098623
v -1.046685 0.558209 0.034140
v -1.001049 0.558209 0.034140
v -1.001049 0.558209 0.098623
v -1.046685 0.558209 0.098623
v -1.046685 0.610504 0.034140
v -1.046685 0.558209 0.034140
v -1.046685 0.610504 0.098623
v -1.046685 0.610504 0.034140
v -1.046685 0.610504 0.098623
v -1.001049 0.610504 0.098623
v -1.001049 0.610504 0.034140
v -1.001203 0.558209 0.025603
v -1.046839 0.656150 0.025603
v -1.046839 0.558209 0.025603
v -1.001203 0.656150 0.025603
v -1.046839 0.558209 -0.024062
v -1.001203 0.656150 -0.024062
v -1.001203 0.558209 -0.024062
v -1.046839 0.656150 -0.024062
v -1.001203 0.558209 -0.024062
v -1.001203 0.656150 0.025603
v -1.001203 0.558209 0.025603
v -1.001203 0.656150 -0.024062
v -1.046839 0.558209 0.025603
v -1.046839 0.558209 -0.024062
v -1.001203 0.558209 -0.024062
v -1.001203 0.558209 0.025603
v -1.046839 0.558209 0.025603
v -1.046839 0.656150 -0.024062
v -1.046839 0.558209 -0.024062
v -1.046839 0.656150 0.025603
v -1.046839 0.656150 -0.024062
v -1.046839 0.656150 0.025603
v -1.001203 0.656150 0.025603
v -1.001203 0.656150 -0.024062
v -1.001049 0.558209 -0.034094
v -1.046685 0.615538 -0.034094
v -1.046685 0.558209 -0.034094
v -1.001049 0.615538 -0.034094
v -1.046685 0.558209 -0.099161
v -1.001049 0.615538 -0.099161
v -1.001049 0.558209 -0.099161
v -1.046685 0.615538 -0.099161
v -1.001049 0.558209 -0.099161
v -1.001049 0.615538 -0.034094
v -1.001049 0.558209 -0.034094
v -1.001049 0.615538 -0.099161
v -1.046685 0.558209 -0.034094
v -1.046685 0.558209 -0.099161
v -1.001049 0.558209 -0.099161
v -1.001049 0.558209 -0.034094
v -1.046685 0.558209 -0.034094
v -1.046685 0.615538 -0.099161
v -1.046685 0.558209 -0.099161
v -1.046685 0.615538 -0.034094
v -1.046685 0.615538 -0.099161
v -1.046685 0.615538 -0.034094
v -1.001049 0.615538 -0.034094
v -1.001049 0.615538 -0.099161
v -0.990589 0.558209 -0.106917
v -0.990589 0.610504 -0.152552
v -0.990589 0.558209 -0.152552
v -0.990589 0.610504 -0.106917
v -0.926106 0.558209 -0.152552
v -0.926106 0.610504 -0.106917
v -0.926106 0.558209 -0.106917
v -0.926106 0.610504 -0.152552
v -0.926106 0.558209 -0.106917
v -0.990589 0.610504 -0.106917
v -0.990589 0.558209 -0.106917
v -0.926106 0.610504 -0.106917
v -0.926106 0.558209 -0.106917
v -0.990589 0.558209 -0.106917
v -0.990589 0.558209 -0.152552
v -0.926106 0.558209 -0.152552
v -0.990589 0.558209 -0.152552
v -0.926106 0.610504 -0.152552
v -0.926106 0.558209 -0.152552
v -0.990589 0.610504 -0.152552
v -0.926106 0.610504 -0.106917
v -0.990589 0.610504 -0.152552
v -0.990589 0.610504 -0.106917
v -0.926106 0.610504 -0.152552
v -0.917569 0.558209 -0.107071
v -0.917569 0.656150 -0.152707
v -0.917569 0.558209 -0.152707
v -0.917569 0.656150 -0.107071
v -0.867904 0.558209 -0.152707
v -0.867904 0.656150 -0.107071
v -0.867904 0.558209 -0.107071
v -0.867904 0.656150 -0.152707
v -0.867904 0.558209 -0.107071
v -0.917569 0.656150 -0.107071
v -0.917569 0.558209 -0.107071
v -0.867904 0.656150 -0.107071
v -0.867904 0.558209 -0.107071
v -0.917569 0.558209 -0.152707
v -0.867904 0.558209 -0.152707
v -0.917569 0.558209 -0.107071
v -0.917569 0.558209 -0.152707
v -0.867904 0.656150 -0.152707
v -0.867904 0.558209 -0.152707
v -0.917569 0.656150 -0.152707
v -0.867904 0.656150 -0.107071
v -0.917569 0.656150 -0.152707
v -0.917569 0.656150 -0.107071
v -0.867904 0.656150 -0.152707
v -0.857872 0.558209 -0.106917
v -0.857872 0.615538 -0.152552
v -0.857872 0.558209 -0.152552
v -0.857872 0.615538 -0.106917
v -0.792805 0.558209 -0.152552
v -0.792805 0.615538 -0.106917
v -0.792805 0.558209 -0.106917
v -0.792805 0.615538 -0.152552
v -0.792805 0.558209 -0.106917
v -0.857872 0.615538 -0.106917
v -0.857872 0.558209 -0.106917
v -0.792805 0.615538 -0.106917
v -0.792805 0.558209 -0.106917
v -0.857872 0.558209 -0.106917
v -0.857872 0.558209 -0.152552
v -0.792805 0.558209 -0.152552
v -0.857872 0.558209 -0.152552
v -0.792805 0.615538 -0.152552
v -0.792805 0.558209 -0.152552
v -0.857872 0.615538 -0.152552
v -0.792805 0.615538 -0.152552
v -0.857872 0.615538 -0.106917
v -0.792805 0.615538 -0.106917
v -0.857872 0.615538 -0.152552
v -0.785049 0.558209 -0.096456
v -0.739413 0.610504 -0.096456
v -0.739413 0.558209 -0.096456
v -0.785049 0.610504 -0.096456
v -0.739413 0.558209 -0.031973
v -0.785049 0.610504 -0.031973
v -0.785049 0.558209 -0.031973
v -0.739413 0.610504 -0.031973
v -0.785049 0.558209 -0.031973
v -0.785049 0.610504 -0.096456
v -0.785049 0.558209 -0.096456
v -0.785049 0.610504 -0.031973
v -0.739413 0.558209 -0.096456
v -0.785049 0.558209 -0.031973
v -0.785049 0.558209 -0.096456
v -0.739413 0.558209 -0.031973
v -0.739413 0.558209 -0.096456
v -0.739413 0.610504 -0.031973
v -0.739413 0.558209 -0.031973
v -0.739413 0.610504 -0.096456
v -0.785049 0.610504 -0.031973
v -0.739413 0.610504 -0.096456
v -0.785049 0.610504 -0.096456
v -0.739413 0.610504 -0.031973
v -0.784895 0.558209 -0.023437
v -0.739259 0.656150 -0.023437
v -0.739259 0.558209 -0.023437
v -0.784895 0.656150 -0.023437
v -0.739259 0.558209 0.026229
v -0.784895 0.656150 0.026229
v -0.784895 0.558209 0.026229
v -0.739259 0.656150 0.026229
v -0.784895 0.558209 0.026229
v -0.784895 0.656150 -0.023437
v -0.784895 0.558209 -0.023437
v -0.784895 0.656150 0.026229
v -0.739259 0.558209 -0.023437
v -0.784895 0.558209 0.026229
v -0.784895 0.558209 -0.023437
v -0.739259 0.558209 0.026229
v -0.739259 0.558209 -0.023437
v -0.739259 0.656150 0.026229
v -0.739259 0.558209 0.026229
v -0.739259 0.656150 -0.023437
v -0.739259 0.656150 0.026229
v -0.784895 0.656150 -0.023437
v -0.784895 0.656150 0.026229
v -0.739259 0.656150 -0.023437
v -0.785049 0.558209 0.036260
v -0.739413 0.615538 0.036260
v -0.739413 0.558209 0.036260
v -0.785049 0.615538 0.036260
v -0.739413 0.558209 0.101328
v -0.785049 0.615538 0.101328
v -0.785049 0.558209 0.101328
v -0.739413 0.615538 0.101328
v -0.785049 0.558209 0.101328
v -0.785049 0.615538 0.036260
v -0.785049 0.558209 0.036260
v -0.785049 0.615538 0.101328
v -0.739413 0.558209 0.036260
v -0.785049 0.558209 0.101328
v -0.785049 0.558209 0.036260
v -0.739413 0.558209 0.101328
v -0.739413 0.558209 0.036260
v -0.739413 0.615538 0.101328
v -0.739413 0.558209 0.101328
v -0.739413 0.615538 0.036260
v -0.785049 0.615538 0.101328
v -0.739413 0.615538 0.036260
v -0.785049 0.615538 0.036260
v -0.739413 0.615538 0.101328
v -0.795509 0.558209 0.109083
v -0.795509 0.610504 0.154719
v -0.795509 0.558209 0.154719
v -0.795509 0.610504 0.109083
v -0.859993 0.558209 0.154719
v -0.859993 0.610504 0.109083
v -0.859993 0.558209 0.109083
v -0.859993 0.610504 0.154719
v -0.859993 0.558209 0.109083
v -0.795509 0.610504 0.109083
v -0.795509 0.558209 0.109083
v -0.859993 0.610504 0.109083
v -0.795509 0.558209 0.154719
v -0.859993 0.558209 0.109083
v -0.795509 0.558209 0.109083
v -0.859993 0.558209 0.154719
v -0.795509 0.558209 0.154719
v -0.859993 0.610504 0.154719
v -0.859993 0.558209 0.154719
v -0.795509 0.610504 0.154719
v -0.795509 0.610504 0.109083
v -0.859993 0.610504 0.109083
v -0.859993 0.610504 0.154719
v -0.795509 0.610504 0.154719
v -0.868529 0.558209 0.109238
v -0.868529 0.656150 0.154873
v -0.868529 0.558209 0.154873
v -0.868529 0.656150 0.109238
v -0.918194 0.558209 0.154873
v -0.918194 0.656150 0.109238
v -0.918194 0.558209 0.109238
v -0.918194 0.656150 0.154873
v -0.918194 0.558209 0.109238
v -0.868529 0.656150 0.109238
v -0.868529 0.558209 0.109238
v -0.918194 0.656150 0.109238
v -0.868529 0.558209 0.154873
v -0.918194 0.558209 0.109238
v -0.868529 0.558209 0.109238
v -0.918194 0.558209 0.154873
v -0.868529 0.558209 0.154873
v -0.918194 0.656150 0.154873
v -0.918194 0.558209 0.154873
v -0.868529 0.656150 0.154873
v -0.868529 0.656150 0.109238
v -0.918194 0.656150 0.109238
v -0.918194 0.656150 0.154873
v -0.868529 0.656150 0.154873
v -0.928226 0.558209 0.109083
v -0.928226 0.615538 0.154719
v -0.928226 0.558209 0.154719
v -0.928226 0.615538 0.109083
v -0.993293 0.558209 0.154719
v -0.993293 0.615538 0.109083
v -0.993293 0.558209 0.109083
v -0.993293 0.615538 0.154719
v -0.993293 0.558209 0.109083
v -0.928226 0.615538 0.109083
v -0.928226 0.558209 0.109083
v -0.993293 0.615538 0.109083
v -0.928226 0.558209 0.154719
v -0.993293 0.558209 0.109083
v -0.928226 0.558209 0.109083
v -0.993293 0.558209 0.154719
v -0.928226 0.558209 0.154719
v -0.993293 0.615538 0.154719
v -0.993293 0.558209 0.154719
v -0.928226 0.615538 0.154719
v -0.928226 0.615538 0.109083
v -0.993293 0.615538 0.154719
v -0.928226 0.615538 0.154719
v -0.993293 0.615538 0.109083
v -1.001204 0.558209 -0.103447
v -1.046839 0.656150 -0.103447
v -1.046839 0.558209 -0.103447
v -1.001204 0.656150 -0.103447
v -1.046839 0.558209 -0.153112
v -1.001204 0.656150 -0.153112
v -1.001204 0.558209 -0.153112
v -1.046839 0.656150 -0.153112
v -1.001204 0.558209 -0.153112
v -1.001204 0.656150 -0.103447
v -1.001204 0.558209 -0.103447
v -1.001204 0.656150 -0.153112
v -1.046839 0.558209 -0.153112
v -1.001204 0.558209 -0.103447
v -1.046839 0.558209 -0.103447
v -1.001204 0.558209 -0.153112
v -1.046839 0.558209 -0.103447
v -1.046839 0.656150 -0.153112
v -1.046839 0.558209 -0.153112
v -1.046839 0.656150 -0.103447
v -1.046839 0.656150 -0.153112
v -1.046839 0.656150 -0.103447
v -1.001204 0.656150 -0.103447
v -1.001204 0.656150 -0.153112
v -1.028560 0.556496 -0.080492
v -0.996543 0.556496 -0.130157
v -1.028561 0.556496 -0.130157
v -0.996543 0.556496 -0.080492
v -0.996543 0.513816 -0.130157
v -1.028560 0.513816 -0.080492
v -1.028561 0.513816 -0.130157
v -0.996543 0.513816 -0.080492
v -1.028560 0.513816 -0.080492
v -1.028561 0.556496 -0.130157
v -1.028561 0.513816 -0.130157
v -1.028560 0.556496 -0.080492
v -0.996543 0.513816 -0.080492
v -1.028560 0.556496 -0.080492
v -1.028560 0.513816 -0.080492
v -0.996543 0.556496 -0.080492
v -0.996543 0.513816 -0.130157
v -0.996543 0.556496 -0.080492
v -0.996543 0.513816 -0.080492
v -0.996543 0.556496 -0.130157
v -1.028561 0.513816 -0.130157
v -0.996543 0.556496 -0.130157
v -0.996543 0.513816 -0.130157
v -1.028561 0.556496 -0.130157
v -0.757538 0.425098 -0.101975
v -0.800218 0.370094 -0.101975
v -0.757538 0.370094 -0.101975
v -0.800218 0.425098 -0.101975
v -0.757538 0.425098 -0.132846
v -0.800218 0.425098 -0.101975
v -0.757538 0.425098 -0.101975
v -0.800218 0.425098 -0.132846
v -0.757538 0.425098 -0.132846
v -0.757538 0.370094 -0.101975
v -0.757538 0.370094 -0.132846
v -0.757538 0.425098 -0.101975
v -0.800218 0.425098 -0.132846
v -0.757538 0.370094 -0.132846
v -0.800218 0.370094 -0.132846
v -0.757538 0.425098 -0.132846
v -0.800218 0.425098 -0.101975
v -0.800218 0.370094 -0.132846
v -0.800218 0.370094 -0.101975
v -0.800218 0.425098 -0.132846
v -0.757538 0.370094 -0.101975
v -0.800218 0.370094 -0.132846
v -0.757538 0.370094 -0.132846
v -0.800218 0.370094 -0.101975
v -1.028560 0.370124 -0.080492
v -0.996543 0.370124 -0.130157
v -1.028561 0.370124 -0.130157
v -0.996543 0.370124 -0.080492
v -0.996543 0.327444 -0.130157
v -1.028560 0.327444 -0.080492
v -1.028561 0.327444 -0.130157
v -0.996543 0.327444 -0.080492
v -1.028560 0.327444 -0.080492
v -1.028561 0.370124 -0.130157
v -1.028561 0.327444 -0.130157
v -1.028560 0.370124 -0.080492
v -0.996543 0.327444 -0.080492
v -1.028560 0.370124 -0.080492
v -1.028560 0.327444 -0.080492
v -0.996543 0.370124 -0.080492
v -0.996543 0.327444 -0.130157
v -0.996543 0.370124 -0.080492
v -0.996543 0.327444 -0.080492
v -0.996543 0.370124 -0.130157
v -1.028561 0.327444 -0.130157
v -0.996543 0.370124 -0.130157
v -0.996543 0.327444 -0.130157
v -1.028561 0.370124 -0.130157
v -1.028560 0.326342 -0.090722
v -0.993668 0.326342 -0.133402
v -1.028561 0.326342 -0.133402
v -0.993668 0.326342 -0.090722
v -0.993668 0.283662 -0.133402
v -1.028560 0.283662 -0.090722
v -1.028561 0.283662 -0.133402
v -0.993668 0.283662 -0.090722
v -1.028560 0.283662 -0.090722
v -1.028561 0.326342 -0.133402
v -1.028561 0.283662 -0.133402
v -1.028560 0.326342 -0.090722
v -0.993668 0.283662 -0.090722
v -1.028560 0.326342 -0.090722
v -1.028560 0.283662 -0.090722
v -0.993668 0.326342 -0.090722
v -0.993668 0.283662 -0.133402
v -0.993668 0.326342 -0.090722
v -0.993668 0.283662 -0.090722
v -0.993668 0.326342 -0.133402
v -1.028561 0.283662 -0.133402
v -0.993668 0.326342 -0.133402
v -0.993668 0.283662 -0.133402
v -1.028561 0.326342 -0.133402
v -1.028560 0.281628 -0.080492
v -0.996543 0.281628 -0.130157
v -1.028561 0.281628 -0.130157
v -0.996543 0.281628 -0.080492
v -0.996543 0.238947 -0.130157
v -1.028560 0.238947 -0.080492
v -1.028561 0.238947 -0.130157
v -0.996543 0.238947 -0.080492
v -1.028560 0.238947 -0.080492
v -1.028561 0.281628 -0.130157
v -1.028561 0.238947 -0.130157
v -1.028560 0.281628 -0.080492
v -0.996543 0.238947 -0.080492
v -1.028560 0.281628 -0.080492
v -1.028560 0.238947 -0.080492
v -0.996543 0.281628 -0.080492
v -0.996543 0.238947 -0.130157
v -0.996543 0.281628 -0.080492
v -0.996543 0.238947 -0.080492
v -0.996543 0.281628 -0.130157
v -1.028561 0.238947 -0.130157
v -0.996543 0.281628 -0.130157
v -0.996543 0.238947 -0.130157
v -1.028561 0.281628 -0.130157
v -0.985880 0.237846 -0.101975
v -1.028561 0.237846 -0.132845
v -1.028561 0.237846 -0.101975
v -0.985880 0.237846 -0.132845
v -0.985880 0.182842 -0.132845
v -1.028561 0.182842 -0.101975
v -1.028561 0.182842 -0.132845
v -0.985880 0.182842 -0.101975
v -1.028561 0.182842 -0.101975
v -1.028561 0.237846 -0.132845
v -1.028561 0.182842 -0.132845
v -1.028561 0.237846 -0.101975
v -0.985880 0.182842 -0.101975
v -1.028561 0.237846 -0.101975
v -1.028561 0.182842 -0.101975
v -0.985880 0.237846 -0.101975
v -0.985880 0.182842 -0.132845
v -0.985880 0.237846 -0.101975
v -0.985880 0.182842 -0.101975
v -0.985880 0.237846 -0.132845
v -1.028561 0.182842 -0.132845
v -0.985880 0.237846 -0.132845
v -0.985880 0.182842 -0.132845
v -1.028561 0.237846 -0.132845
v -1.046839 0.558209 0.104730
v -1.001203 0.656150 0.104730
v -1.001203 0.558209 0.104730
v -1.046839 0.656150 0.104730
v -1.046839 0.656150 0.104730
v -1.046839 0.656150 0.154395
v -1.001203 0.656150 0.154395
v -1.001203 0.656150 0.104730
v -1.001203 0.558209 0.104730
v -1.001203 0.656150 0.154395
v -1.001203 0.558209 0.154395
v -1.001203 0.656150 0.104730
v -1.001203 0.558209 0.154395
v -1.046839 0.656150 0.154395
v -1.046839 0.558209 0.154395
v -1.001203 0.656150 0.154395
v -1.046839 0.558209 0.154395
v -1.046839 0.656150 0.104730
v -1.046839 0.558209 0.104730
v -1.046839 0.656150 0.154395
v -1.046839 0.558209 0.154395
v -1.046839 0.558209 0.104730
v -1.001203 0.558209 0.104730
v -1.001203 0.558209 0.154395
v -0.996543 0.556496 0.082658
v -1.028560 0.556496 0.132323
v -0.996543 0.556496 0.132323
v -1.028560 0.556496 0.082658
v -0.996543 0.513816 0.132323
v -1.028560 0.513816 0.082658
v -0.996543 0.513816 0.082658
v -1.028560 0.513816 0.132323
v -1.028560 0.556496 0.132323
v -1.028560 0.513816 0.082658
v -1.028560 0.513816 0.132323
v -1.028560 0.556496 0.082658
v -1.028560 0.556496 0.082658
v -0.996543 0.556496 0.082658
v -0.996543 0.513816 0.082658
v -1.028560 0.513816 0.082658
v -0.996543 0.556496 0.082658
v -0.996543 0.556496 0.132323
v -0.996543 0.513816 0.132323
v -0.996543 0.513816 0.082658
v -0.996543 0.556496 0.132323
v -1.028560 0.556496 0.132323
v -1.028560 0.513816 0.132323
v -0.996543 0.513816 0.132323
v -0.757538 0.468880 -0.080492
v -0.789555 0.468880 -0.080492
v -0.789555 0.426199 -0.080492
v -0.757538 0.426199 -0.080492
v -0.757538 0.468880 -0.130157
v -0.789555 0.468880 -0.130157
v -0.789555 0.468880 -0.080492
v -0.757538 0.468880 -0.080492
v -0.757538 0.468880 -0.130157
v -0.757538 0.468880 -0.080492
v -0.757538 0.426199 -0.080492
v -0.757538 0.426199 -0.130157
v -0.789555 0.468880 -0.130157
v -0.757538 0.468880 -0.130157
v -0.757538 0.426199 -0.130157
v -0.789555 0.426199 -0.130157
v -0.789555 0.468880 -0.080492
v -0.789555 0.468880 -0.130157
v -0.789555 0.426199 -0.130157
v -0.789555 0.426199 -0.080492
v -0.757538 0.426199 -0.080492
v -0.789555 0.426199 -0.130157
v -0.757538 0.426199 -0.130157
v -0.789555 0.426199 -0.080492
v -0.996543 0.370124 0.082658
v -1.028560 0.370124 0.132324
v -0.996543 0.370124 0.132324
v -1.028560 0.370124 0.082658
v -0.996543 0.327444 0.132324
v -1.028560 0.327444 0.082658
v -0.996543 0.327444 0.082658
v -1.028560 0.327444 0.132324
v -1.028560 0.370124 0.132324
v -1.028560 0.327444 0.082658
v -1.028560 0.327444 0.132324
v -1.028560 0.370124 0.082658
v -1.028560 0.370124 0.082658
v -0.996543 0.327444 0.082658
v -1.028560 0.327444 0.082658
v -0.996543 0.370124 0.082658
v -0.996543 0.370124 0.082658
v -0.996543 0.370124 0.132324
v -0.996543 0.327444 0.132324
v -0.996543 0.327444 0.082658
v -0.996543 0.370124 0.132324
v -1.028560 0.327444 0.132324
v -0.996543 0.327444 0.132324
v -1.028560 0.370124 0.132324
v -0.993668 0.326342 0.092889
v -1.028560 0.326342 0.135569
v -0.993668 0.326342 0.135569
v -1.028560 0.326342 0.092889
v -0.993668 0.283662 0.135569
v -1.028560 0.283662 0.092889
v -0.993668 0.283662 0.092889
v -1.028560 0.283662 0.135569
v -1.028560 0.326342 0.135569
v -1.028560 0.283662 0.092889
v -1.028560 0.283662 0.135569
v -1.028560 0.326342 0.092889
v -1.028560 0.326342 0.092889
v -0.993668 0.283662 0.092889
v -1.028560 0.283662 0.092889
v -0.993668 0.326342 0.092889
v -0.993668 0.326342 0.092889
v -0.993668 0.283662 0.135569
v -0.993668 0.283662 0.092889
v -0.993668 0.326342 0.135569
v -0.993668 0.326342 0.135569
v -1.028560 0.283662 0.135569
v -0.993668 0.283662 0.135569
v -1.028560 0.326342 0.135569
v -0.996543 0.281628 0.082658
v -1.028560 0.281628 0.132324
v -0.996543 0.281628 0.132324
v -1.028560 0.281628 0.082658
v -0.996543 0.238948 0.132324
v -1.028560 0.238948 0.082658
v -0.996543 0.238948 0.082658
v -1.028560 0.238948 0.132324
v -1.028560 0.281628 0.132324
v -1.028560 0.238948 0.082658
v -1.028560 0.238948 0.132324
v -1.028560 0.281628 0.082658
v -1.028560 0.281628 0.082658
v -0.996543 0.238948 0.082658
v -1.028560 0.238948 0.082658
v -0.996543 0.281628 0.082658
v -0.996543 0.281628 0.082658
v -0.996543 0.238948 0.132324
v -0.996543 0.238948 0.082658
v -0.996543 0.281628 0.132324
v -0.996543 0.281628 0.132324
v -1.028560 0.238948 0.132324
v -0.996543 0.238948 0.132324
v -1.028560 0.281628 0.132324
v -0.985880 0.237846 0.104142
v -1.028560 0.237846 0.135012
v -0.985880 0.237846 0.135012
v -1.028560 0.237846 0.104142
v -0.985880 0.182842 0.135012
v -1.028560 0.182842 0.104142
v -0.985880 0.182842 0.104142
v -1.028560 0.182842 0.135012
v -1.028560 0.237846 0.135012
v -1.028560 0.182842 0.104142
v -1.028560 0.182842 0.135012
v -1.028560 0.237846 0.104142
v -1.028560 0.237846 0.104142
v -0.985880 0.182842 0.104142
v -1.028560 0.182842 0.104142
v -0.985880 0.237846 0.104142
v -0.985880 0.237846 0.104142
v -0.985880 0.182842 0.135012
v -0.985880 0.182842 0.104142
v -0.985880 0.237846 0.135012
v -0.985880 0.237846 0.135012
v -1.028560 0.237846 0.135012
v -1.028560 0.182842 0.135012
v -0.985880 0.182842 0.135012
v -0.782146 0.558209 -0.153112
v -0.736511 0.656150 -0.153112
v -0.736511 0.558209 -0.153112
v -0.782146 0.656150 -0.153112
v -0.782146 0.656150 -0.153112
v -0.782146 0.656150 -0.103447
v -0.736511 0.656150 -0.103447
v -0.736511 0.656150 -0.153112
v -0.736511 0.558209 -0.153112
v -0.736511 0.656150 -0.103447
v -0.736511 0.558209 -0.103447
v -0.736511 0.656150 -0.153112
v -0.736511 0.558209 -0.103447
v -0.782146 0.656150 -0.103447
v -0.782146 0.558209 -0.103447
v -0.736511 0.656150 -0.103447
v -0.782146 0.558209 -0.103447
v -0.782146 0.656150 -0.153112
v -0.782146 0.558209 -0.153112
v -0.782146 0.656150 -0.103447
v -0.782146 0.558209 -0.153112
v -0.736511 0.558209 -0.103447
v -0.782146 0.558209 -0.103447
v -0.736511 0.558209 -0.153112
v -0.757538 0.556496 -0.130157
v -0.789555 0.556496 -0.080492
v -0.757538 0.556496 -0.080492
v -0.789555 0.556496 -0.130157
v -0.757538 0.513816 -0.080492
v -0.789555 0.513816 -0.080492
v -0.789555 0.513816 -0.130157
v -0.757538 0.513816 -0.130157
v -0.757538 0.556496 -0.130157
v -0.757538 0.556496 -0.080492
v -0.757538 0.513816 -0.080492
v -0.757538 0.513816 -0.130157
v -0.757538 0.556496 -0.080492
v -0.789555 0.513816 -0.080492
v -0.757538 0.513816 -0.080492
v -0.789555 0.556496 -0.080492
v -0.789555 0.556496 -0.080492
v -0.789555 0.513816 -0.130157
v -0.789555 0.513816 -0.080492
v -0.789555 0.556496 -0.130157
v -0.789555 0.556496 -0.130157
v -0.757538 0.513816 -0.130157
v -0.789555 0.513816 -0.130157
v -0.757538 0.556496 -0.130157
v -0.757538 0.513594 -0.090722
v -0.792430 0.470914 -0.090722
v -0.757538 0.470914 -0.090722
v -0.792430 0.513594 -0.090722
v -0.757538 0.513594 -0.133402
v -0.792430 0.513594 -0.090722
v -0.757538 0.513594 -0.090722
v -0.792430 0.513594 -0.133402
v -0.757538 0.513594 -0.133402
v -0.757538 0.470914 -0.090722
v -0.757538 0.470914 -0.133402
v -0.757538 0.513594 -0.090722
v -0.792430 0.513594 -0.133402
v -0.757538 0.470914 -0.133402
v -0.792430 0.470914 -0.133402
v -0.757538 0.513594 -0.133402
v -0.792430 0.513594 -0.090722
v -0.792430 0.470914 -0.133402
v -0.792430 0.470914 -0.090722
v -0.792430 0.513594 -0.133402
v -0.757538 0.470914 -0.090722
v -0.792430 0.470914 -0.133402
v -0.757538 0.470914 -0.133402
v -0.792430 0.470914 -0.090722
v -0.757538 0.370124 -0.130157
v -0.789555 0.370124 -0.080492
v -0.757538 0.370124 -0.080492
v -0.789555 0.370124 -0.130157
v -0.757538 0.327444 -0.080492
v -0.789555 0.327444 -0.130157
v -0.757538 0.327444 -0.130157
v -0.789555 0.327444 -0.080492
v -0.757538 0.370124 -0.130157
v -0.757538 0.327444 -0.080492
v -0.757538 0.327444 -0.130157
v -0.757538 0.370124 -0.080492
v -0.757538 0.370124 -0.080492
v -0.789555 0.327444 -0.080492
v -0.757538 0.327444 -0.080492
v -0.789555 0.370124 -0.080492
v -0.789555 0.370124 -0.080492
v -0.789555 0.327444 -0.130157
v -0.789555 0.327444 -0.080492
v -0.789555 0.370124 -0.130157
v -0.789555 0.370124 -0.130157
v -0.757538 0.327444 -0.130157
v -0.789555 0.327444 -0.130157
v -0.757538 0.370124 -0.130157
v -0.757538 0.326342 -0.133402
v -0.792430 0.326342 -0.090722
v -0.757538 0.326342 -0.090722
v -0.792430 0.326342 -0.133402
v -0.757538 0.283662 -0.090722
v -0.792430 0.283662 -0.090722
v -0.792430 0.283662 -0.133402
v -0.757538 0.283662 -0.133402
v -0.757538 0.326342 -0.133402
v -0.757538 0.283662 -0.090722
v -0.757538 0.283662 -0.133402
v -0.757538 0.326342 -0.090722
v -0.757538 0.326342 -0.090722
v -0.792430 0.283662 -0.090722
v -0.757538 0.283662 -0.090722
v -0.792430 0.326342 -0.090722
v -0.792430 0.326342 -0.090722
v -0.792430 0.283662 -0.133402
v -0.792430 0.283662 -0.090722
v -0.792430 0.326342 -0.133402
v -0.792430 0.326342 -0.133402
v -0.757538 0.283662 -0.133402
v -0.792430 0.283662 -0.133402
v -0.757538 0.326342 -0.133402
v -0.757538 0.281628 -0.130157
v -0.789555 0.281628 -0.080492
v -0.757538 0.281628 -0.080492
v -0.789555 0.281628 -0.130157
v -0.757538 0.238947 -0.080492
v -0.789555 0.238947 -0.130157
v -0.757538 0.238947 -0.130157
v -0.789555 0.238947 -0.080492
v -0.757538 0.281628 -0.130157
v -0.757538 0.238947 -0.080492
v -0.757538 0.238947 -0.130157
v -0.757538 0.281628 -0.080492
v -0.757538 0.281628 -0.080492
v -0.789555 0.238947 -0.080492
v -0.757538 0.238947 -0.080492
v -0.789555 0.281628 -0.080492
v -0.789555 0.281628 -0.080492
v -0.789555 0.238947 -0.130157
v -0.789555 0.238947 -0.080492
v -0.789555 0.281628 -0.130157
v -0.789555 0.281628 -0.130157
v -0.757538 0.238947 -0.130157
v -0.789555 0.238947 -0.130157
v -0.757538 0.281628 -0.130157
v -0.757538 0.237846 -0.132846
v -0.800218 0.237846 -0.101975
v -0.757538 0.237846 -0.101975
v -0.800218 0.237846 -0.132846
v -0.757538 0.182842 -0.101975
v -0.800218 0.182842 -0.132846
v -0.757538 0.182842 -0.132846
v -0.800218 0.182842 -0.101975
v -0.757538 0.237846 -0.132846
v -0.757538 0.182842 -0.101975
v -0.757538 0.182842 -0.132846
v -0.757538 0.237846 -0.101975
v -0.757538 0.237846 -0.101975
v -0.800218 0.182842 -0.101975
v -0.757538 0.182842 -0.101975
v -0.800218 0.237846 -0.101975
v -0.800218 0.237846 -0.101975
v -0.800218 0.182842 -0.132846
v -0.800218 0.182842 -0.101975
v -0.800218 0.237846 -0.132846
v -0.800218 0.237846 -0.132846
v -0.757538 0.182842 -0.132846
v -0.800218 0.182842 -0.132846
v -0.757538 0.237846 -0.132846
v -0.782146 0.656150 0.104729
v -0.782146 0.656150 0.154395
v -0.736511 0.656150 0.154395
v -0.736511 0.656150 0.104729
v -0.782146 0.558209 0.154395
v -0.782146 0.558209 0.104729
v -0.736511 0.558209 0.104729
v -0.736511 0.558209 0.154395
v -0.736511 0.558209 0.104729
v -0.736511 0.656150 0.154395
v -0.736511 0.558209 0.154395
v -0.736511 0.656150 0.104729
v -0.782146 0.558209 0.104729
v -0.736511 0.656150 0.104729
v -0.736511 0.558209 0.104729
v -0.782146 0.656150 0.104729
v -0.782146 0.558209 0.154395
v -0.782146 0.656150 0.104729
v -0.782146 0.558209 0.104729
v -0.782146 0.656150 0.154395
v -0.736511 0.558209 0.154395
v -0.782146 0.656150 0.154395
v -0.782146 0.558209 0.154395
v -0.736511 0.656150 0.154395
v -0.789555 0.556496 0.132323
v -0.757538 0.556496 0.082658
v -0.789555 0.556496 0.082658
v -0.757538 0.556496 0.132323
v -0.789555 0.513816 0.132323
v -0.789555 0.513816 0.082658
v -0.757538 0.513816 0.082658
v -0.757538 0.513816 0.132323
v -0.757538 0.513816 0.082658
v -0.757538 0.556496 0.132323
v -0.757538 0.513816 0.132323
v -0.757538 0.556496 0.082658
v -0.789555 0.513816 0.082658
v -0.757538 0.556496 0.082658
v -0.757538 0.513816 0.082658
v -0.789555 0.556496 0.082658
v -0.789555 0.513816 0.132323
v -0.789555 0.556496 0.082658
v -0.789555 0.513816 0.082658
v -0.789555 0.556496 0.132323
v -0.757538 0.513816 0.132323
v -0.789555 0.556496 0.132323
v -0.789555 0.513816 0.132323
v -0.757538 0.556496 0.132323
v -0.789555 0.370124 0.132323
v -0.757538 0.370124 0.082658
v -0.789555 0.370124 0.082658
v -0.757538 0.370124 0.132323
v -0.789555 0.327444 0.132323
v -0.789555 0.327444 0.082658
v -0.757538 0.327444 0.082658
v -0.757538 0.327444 0.132323
v -0.757538 0.327444 0.082658
v -0.757538 0.370124 0.132323
v -0.757538 0.327444 0.132323
v -0.757538 0.370124 0.082658
v -0.789555 0.327444 0.082658
v -0.757538 0.370124 0.082658
v -0.757538 0.327444 0.082658
v -0.789555 0.370124 0.082658
v -0.789555 0.327444 0.132323
v -0.789555 0.370124 0.082658
v -0.789555 0.327444 0.082658
v -0.789555 0.370124 0.132323
v -0.757538 0.327444 0.132323
v -0.789555 0.370124 0.132323
v -0.789555 0.327444 0.132323
v -0.757538 0.370124 0.132323
v -0.792430 0.326342 0.092889
v -0.792430 0.326342 0.135569
v -0.757538 0.326342 0.135569
v -0.757538 0.326342 0.092889
v -0.792430 0.283662 0.135569
v -0.792430 0.283662 0.092889
v -0.757538 0.283662 0.092889
v -0.757538 0.283662 0.135569
v -0.757538 0.283662 0.092889
v -0.757538 0.326342 0.135569
v -0.757538 0.283662 0.135569
v -0.757538 0.326342 0.092889
v -0.792430 0.283662 0.092889
v -0.757538 0.326342 0.092889
v -0.757538 0.283662 0.092889
v -0.792430 0.326342 0.092889
v -0.792430 0.283662 0.135569
v -0.792430 0.326342 0.092889
v -0.792430 0.283662 0.092889
v -0.792430 0.326342 0.135569
v -0.757538 0.283662 0.135569
v -0.792430 0.326342 0.135569
v -0.792430 0.283662 0.135569
v -0.757538 0.326342 0.135569
v -0.789555 0.281628 0.132323
v -0.757538 0.281628 0.082658
v -0.789555 0.281628 0.082658
v -0.757538 0.281628 0.132323
v -0.789555 0.238948 0.132323
v -0.789555 0.238948 0.082658
v -0.757538 0.238948 0.082658
v -0.757538 0.238948 0.132323
v -0.757538 0.238948 0.082658
v -0.757538 0.281628 0.132323
v -0.757538 0.238948 0.132323
v -0.757538 0.281628 0.082658
v -0.789555 0.238948 0.082658
v -0.757538 0.281628 0.082658
v -0.757538 0.238948 0.082658
v -0.789555 0.281628 0.082658
v -0.789555 0.238948 0.132323
v -0.789555 0.281628 0.082658
v -0.789555 0.238948 0.082658
v -0.789555 0.281628 0.132323
v -0.757538 0.238948 0.132323
v -0.789555 0.281628 0.132323
v -0.789555 0.238948 0.132323
v -0.757538 0.281628 0.132323
v -0.800218 0.237846 0.104142
v -0.800218 0.237846 0.135012
v -0.757538 0.237846 0.135012
v -0.757538 0.237846 0.104142
v -0.800218 0.182842 0.135012
v -0.800218 0.182842 0.104142
v -0.757538 0.182842 0.104142
v -0.757538 0.182842 0.135012
v -0.757538 0.182842 0.104142
v -0.757538 0.237846 0.135012
v -0.757538 0.182842 0.135012
v -0.757538 0.237846 0.104142
v -0.800218 0.182842 0.104142
v -0.757538 0.237846 0.104142
v -0.757538 0.182842 0.104142
v -0.800218 0.237846 0.104142
v -0.800218 0.182842 0.135012
v -0.800218 0.237846 0.104142
v -0.800218 0.182842 0.104142
v -0.800218 0.237846 0.135012
v -0.757538 0.182842 0.135012
v -0.800218 0.237846 0.135012
v -0.800218 0.182842 0.135012
v -0.757538 0.237846 0.135012
v -0.439317 0.513594 0.697462
v -0.404425 0.513594 0.654781
v -0.439318 0.513594 0.654781
v -0.404425 0.513594 0.697462
v -0.404425 0.470914 0.654781
v -0.439317 0.470914 0.697462
v -0.439318 0.470914 0.654781
v -0.404425 0.470914 0.697462
v -0.439317 0.470914 0.697462
v -0.439318 0.513594 0.654781
v -0.439318 0.470914 0.654781
v -0.439317 0.513594 0.697462
v -0.404425 0.470914 0.697462
v -0.439317 0.513594 0.697462
v -0.439317 0.470914 0.697462
v -0.404425 0.513594 0.697462
v -0.404425 0.470914 0.654781
v -0.404425 0.513594 0.697462
v -0.404425 0.470914 0.697462
v -0.404425 0.513594 0.654781
v -0.439318 0.470914 0.654781
v -0.404425 0.513594 0.654781
v -0.404425 0.470914 0.654781
v -0.439318 0.513594 0.654781
v -0.439317 0.468880 0.707692
v -0.407300 0.468880 0.658027
v -0.439318 0.468880 0.658027
v -0.407300 0.468880 0.707692
v -0.407300 0.426200 0.658027
v -0.439317 0.426200 0.707692
v -0.439318 0.426200 0.658027
v -0.407300 0.426200 0.707692
v -0.439317 0.426200 0.707692
v -0.439318 0.468880 0.658027
v -0.439318 0.426200 0.658027
v -0.439317 0.468880 0.707692
v -0.407300 0.426200 0.707692
v -0.439317 0.468880 0.707692
v -0.439317 0.426200 0.707692
v -0.407300 0.468880 0.707692
v -0.407300 0.426200 0.658027
v -0.407300 0.468880 0.707692
v -0.407300 0.426200 0.707692
v -0.407300 0.468880 0.658027
v -0.439318 0.426200 0.658027
v -0.407300 0.468880 0.658027
v -0.407300 0.426200 0.658027
v -0.439318 0.468880 0.658027
v -0.396637 0.425098 0.686208
v -0.439318 0.425098 0.655338
v -0.439318 0.425098 0.686208
v -0.396637 0.425098 0.655338
v -0.439318 0.370094 0.655338
v -0.396637 0.370094 0.686208
v -0.439318 0.370094 0.686208
v -0.396637 0.370094 0.655338
v -0.439318 0.370094 0.686208
v -0.439318 0.425098 0.655338
v -0.439318 0.370094 0.655338
v -0.439318 0.425098 0.686208
v -0.396637 0.370094 0.686208
v -0.439318 0.425098 0.686208
v -0.439318 0.370094 0.686208
v -0.396637 0.425098 0.686208
v -0.396637 0.370094 0.655338
v -0.396637 0.425098 0.686208
v -0.396637 0.370094 0.686208
v -0.396637 0.425098 0.655338
v -0.439318 0.370094 0.655338
v -0.396637 0.425098 0.655338
v -0.396637 0.370094 0.655338
v -0.439318 0.425098 0.655338
v -0.404425 0.513594 0.881072
v -0.439317 0.513594 0.923752
v -0.404425 0.513594 0.923752
v -0.439317 0.513594 0.881072
v -0.404425 0.470914 0.923752
v -0.439317 0.470914 0.881072
v -0.404425 0.470914 0.881072
v -0.439317 0.470914 0.923752
v -0.439317 0.513594 0.923752
v -0.439317 0.470914 0.881072
v -0.439317 0.470914 0.923752
v -0.439317 0.513594 0.881072
v -0.439317 0.513594 0.881072
v -0.404425 0.513594 0.881072
v -0.404425 0.470914 0.881072
v -0.439317 0.470914 0.881072
v -0.404425 0.513594 0.881072
v -0.404425 0.470914 0.923752
v -0.404425 0.470914 0.881072
v -0.404425 0.513594 0.923752
v -0.404425 0.513594 0.923752
v -0.439317 0.470914 0.923752
v -0.404425 0.470914 0.923752
v -0.439317 0.513594 0.923752
v -0.407300 0.468880 0.870842
v -0.439317 0.468880 0.920507
v -0.407300 0.468880 0.920507
v -0.439317 0.468880 0.870842
v -0.407300 0.426200 0.920507
v -0.439317 0.426200 0.870842
v -0.407300 0.426200 0.870842
v -0.439317 0.426200 0.920507
v -0.439317 0.468880 0.920507
v -0.439317 0.426200 0.870842
v -0.439317 0.426200 0.920507
v -0.439317 0.468880 0.870842
v -0.439317 0.468880 0.870842
v -0.407300 0.468880 0.870842
v -0.407300 0.426200 0.870842
v -0.439317 0.426200 0.870842
v -0.407300 0.468880 0.870842
v -0.407300 0.468880 0.920507
v -0.407300 0.426200 0.920507
v -0.407300 0.426200 0.870842
v -0.407300 0.468880 0.920507
v -0.439317 0.426200 0.920507
v -0.407300 0.426200 0.920507
v -0.439317 0.468880 0.920507
v -0.396637 0.425098 0.892325
v -0.439317 0.425098 0.923196
v -0.396637 0.425098 0.923196
v -0.439317 0.425098 0.892325
v -0.396637 0.370094 0.923196
v -0.439317 0.370094 0.892325
v -0.396637 0.370094 0.892325
v -0.439317 0.370094 0.923196
v -0.439317 0.425098 0.923196
v -0.439317 0.370094 0.892325
v -0.439317 0.370094 0.923196
v -0.439317 0.425098 0.892325
v -0.439317 0.425098 0.892325
v -0.396637 0.370094 0.892325
v -0.439317 0.370094 0.892325
v -0.396637 0.425098 0.892325
v -0.396637 0.425098 0.892325
v -0.396637 0.370094 0.923196
v -0.396637 0.370094 0.892325
v -0.396637 0.425098 0.923196
v -0.396637 0.425098 0.923196
v -0.439317 0.425098 0.923196
v -0.439317 0.370094 0.923196
v -0.396637 0.370094 0.923196
v -0.168295 0.513594 0.654781
v -0.203187 0.513594 0.697462
v -0.168295 0.513594 0.697462
v -0.203187 0.513594 0.654781
v -0.168295 0.470914 0.654781
v -0.203187 0.470914 0.697462
v -0.203187 0.470914 0.654781
v -0.168295 0.470914 0.697462
v -0.168295 0.513594 0.654781
v -0.168295 0.513594 0.697462
v -0.168295 0.470914 0.697462
v -0.168295 0.470914 0.654781
v -0.168295 0.513594 0.697462
v -0.203187 0.513594 0.697462
v -0.203187 0.470914 0.697462
v -0.168295 0.470914 0.697462
v -0.203187 0.513594 0.697462
v -0.203187 0.470914 0.654781
v -0.203187 0.470914 0.697462
v -0.203187 0.513594 0.654781
v -0.203187 0.513594 0.654781
v -0.168295 0.470914 0.654781
v -0.203187 0.470914 0.654781
v -0.168295 0.513594 0.654781
v -0.168295 0.468880 0.658027
v -0.200312 0.468880 0.658027
v -0.200312 0.468880 0.707692
v -0.168295 0.468880 0.707692
v -0.168295 0.426200 0.658027
v -0.200312 0.426200 0.707692
v -0.200312 0.426200 0.658027
v -0.168295 0.426200 0.707692
v -0.168295 0.468880 0.658027
v -0.168295 0.426200 0.707692
v -0.168295 0.426200 0.658027
v -0.168295 0.468880 0.707692
v -0.168295 0.468880 0.707692
v -0.200312 0.468880 0.707692
v -0.200312 0.426200 0.707692
v -0.168295 0.426200 0.707692
v -0.200312 0.468880 0.707692
v -0.200312 0.426200 0.658027
v -0.200312 0.426200 0.707692
v -0.200312 0.468880 0.658027
v -0.200312 0.468880 0.658027
v -0.168295 0.426200 0.658027
v -0.200312 0.426200 0.658027
v -0.168295 0.468880 0.658027
v -0.168295 0.425098 0.686208
v -0.210975 0.425098 0.655338
v -0.210975 0.425098 0.686208
v -0.168295 0.425098 0.655338
v -0.168295 0.370094 0.686208
v -0.210975 0.370094 0.686208
v -0.210975 0.370094 0.655338
v -0.168295 0.370094 0.655338
v -0.168295 0.425098 0.655338
v -0.168295 0.370094 0.686208
v -0.168295 0.370094 0.655338
v -0.168295 0.425098 0.686208
v -0.168295 0.425098 0.686208
v -0.210975 0.370094 0.686208
v -0.168295 0.370094 0.686208
v -0.210975 0.425098 0.686208
v -0.210975 0.425098 0.686208
v -0.210975 0.370094 0.655338
v -0.210975 0.370094 0.686208
v -0.210975 0.425098 0.655338
v -0.210975 0.425098 0.655338
v -0.168295 0.425098 0.655338
v -0.168295 0.370094 0.655338
v -0.210975 0.370094 0.655338
v -0.203187 0.513594 0.881072
v -0.203187 0.513594 0.923752
v -0.168295 0.513594 0.923752
v -0.168295 0.513594 0.881072
v -0.203187 0.470914 0.923752
v -0.203187 0.470914 0.881072
v -0.168295 0.470914 0.881072
v -0.168295 0.470914 0.923752
v -0.168295 0.470914 0.881072
v -0.168295 0.513594 0.923752
v -0.168295 0.470914 0.923752
v -0.168295 0.513594 0.881072
v -0.203187 0.470914 0.881072
v -0.168295 0.513594 0.881072
v -0.168295 0.470914 0.881072
v -0.203187 0.513594 0.881072
v -0.203187 0.470914 0.923752
v -0.203187 0.513594 0.881072
v -0.203187 0.470914 0.881072
v -0.203187 0.513594 0.923752
v -0.168295 0.470914 0.923752
v -0.203187 0.513594 0.923752
v -0.203187 0.470914 0.923752
v -0.168295 0.513594 0.923752
v -0.200312 0.468880 0.920507
v -0.168295 0.468880 0.870842
v -0.200312 0.468880 0.870842
v -0.168295 0.468880 0.920507
v -0.200312 0.426200 0.920507
v -0.200312 0.426200 0.870842
v -0.168295 0.426200 0.870842
v -0.168295 0.426200 0.920507
v -0.168295 0.426200 0.870842
v -0.168295 0.468880 0.920507
v -0.168295 0.426200 0.920507
v -0.168295 0.468880 0.870842
v -0.200312 0.426200 0.870842
v -0.168295 0.468880 0.870842
v -0.168295 0.426200 0.870842
v -0.200312 0.468880 0.870842
v -0.200312 0.426200 0.920507
v -0.200312 0.468880 0.870842
v -0.200312 0.426200 0.870842
v -0.200312 0.468880 0.920507
v -0.168295 0.426200 0.920507
v -0.200312 0.468880 0.920507
v -0.200312 0.426200 0.920507
v -0.168295 0.468880 0.920507
v -0.210975 0.425098 0.892325
v -0.210975 0.425098 0.923196
v -0.168295 0.425098 0.923196
v -0.168295 0.425098 0.892325
v -0.210975 0.370094 0.923196
v -0.210975 0.370094 0.892325
v -0.168295 0.370094 0.892325
v -0.168295 0.370094 0.923196
v -0.168295 0.370094 0.892325
v -0.168295 0.425098 0.923196
v -0.168295 0.370094 0.923196
v -0.168295 0.425098 0.892325
v -0.210975 0.370094 0.892325
v -0.168295 0.425098 0.892325
v -0.168295 0.370094 0.892325
v -0.210975 0.425098 0.892325
v -0.210975 0.370094 0.923196
v -0.210975 0.425098 0.892325
v -0.210975 0.370094 0.892325
v -0.210975 0.425098 0.923196
v -0.168295 0.370094 0.923196
v -0.210975 0.425098 0.923196
v -0.210975 0.370094 0.923196
v -0.168295 0.425098 0.923196
v -1.028560 0.513594 0.706845
v -0.993668 0.513594 0.664164
v -1.028561 0.513594 0.664164
v -0.993668 0.513594 0.706845
v -0.993668 0.470914 0.664164
v -1.028560 0.470914 0.706845
v -1.028561 0.470914 0.664164
v -0.993668 0.470914 0.706845
v -1.028560 0.470914 0.706845
v -1.028561 0.513594 0.664164
v -1.028561 0.470914 0.664164
v -1.028560 0.513594 0.706845
v -0.993668 0.470914 0.706845
v -1.028560 0.513594 0.706845
v -1.028560 0.470914 0.706845
v -0.993668 0.513594 0.706845
v -0.993668 0.470914 0.664164
v -0.993668 0.513594 0.706845
v -0.993668 0.470914 0.706845
v -0.993668 0.513594 0.664164
v -1.028561 0.470914 0.664164
v -0.993668 0.513594 0.664164
v -0.993668 0.470914 0.664164
v -1.028561 0.513594 0.664164
v -1.028560 0.468880 0.717075
v -0.996543 0.468880 0.667410
v -1.028561 0.468880 0.667410
v -0.996543 0.468880 0.717075
v -0.996543 0.426200 0.667410
v -1.028560 0.426200 0.717075
v -1.028561 0.426200 0.667410
v -0.996543 0.426200 0.717075
v -1.028560 0.426200 0.717075
v -1.028561 0.468880 0.667410
v -1.028561 0.426200 0.667410
v -1.028560 0.468880 0.717075
v -0.996543 0.426200 0.717075
v -1.028560 0.468880 0.717075
v -1.028560 0.426200 0.717075
v -0.996543 0.468880 0.717075
v -0.996543 0.426200 0.667410
v -0.996543 0.468880 0.717075
v -0.996543 0.426200 0.717075
v -0.996543 0.468880 0.667410
v -1.028561 0.426200 0.667410
v -0.996543 0.468880 0.667410
v -0.996543 0.426200 0.667410
v -1.028561 0.468880 0.667410
v -0.985880 0.425098 0.695591
v -1.028561 0.425098 0.664721
v -1.028561 0.425098 0.695591
v -0.985880 0.425098 0.664721
v -0.985880 0.370094 0.664721
v -1.028561 0.370094 0.695591
v -1.028561 0.370094 0.664721
v -0.985880 0.370094 0.695591
v -1.028561 0.370094 0.695591
v -1.028561 0.425098 0.664721
v -1.028561 0.370094 0.664721
v -1.028561 0.425098 0.695591
v -0.985880 0.370094 0.695591
v -1.028561 0.425098 0.695591
v -1.028561 0.370094 0.695591
v -0.985880 0.425098 0.695591
v -0.985880 0.370094 0.664721
v -0.985880 0.425098 0.695591
v -0.985880 0.370094 0.695591
v -0.985880 0.425098 0.664721
v -1.028561 0.370094 0.664721
v -0.985880 0.425098 0.664721
v -0.985880 0.370094 0.664721
v -1.028561 0.425098 0.664721
v -0.993668 0.513594 0.890455
v -1.028560 0.513594 0.933136
v -0.993668 0.513594 0.933136
v -1.028560 0.513594 0.890455
v -0.993668 0.470914 0.933136
v -1.028560 0.470914 0.890455
v -0.993668 0.470914 0.890455
v -1.028560 0.470914 0.933136
v -1.028560 0.513594 0.933136
v -1.028560 0.470914 0.890455
v -1.028560 0.470914 0.933136
v -1.028560 0.513594 0.890455
v -1.028560 0.513594 0.890455
v -0.993668 0.513594 0.890455
v -0.993668 0.470914 0.890455
v -1.028560 0.470914 0.890455
v -0.993668 0.513594 0.890455
v -0.993668 0.470914 0.933136
v -0.993668 0.470914 0.890455
v -0.993668 0.513594 0.933136
v -0.993668 0.513594 0.933136
v -1.028560 0.513594 0.933136
v -1.028560 0.470914 0.933136
v -0.993668 0.470914 0.933136
v -0.996543 0.468880 0.880225
v -1.028560 0.468880 0.929890
v -0.996543 0.468880 0.929890
v -1.028560 0.468880 0.880225
v -0.996543 0.426200 0.929890
v -1.028560 0.426200 0.880225
v -0.996543 0.426200 0.880225
v -1.028560 0.426200 0.929890
v -1.028560 0.468880 0.929890
v -1.028560 0.468880 0.880225
v -1.028560 0.426200 0.880225
v -1.028560 0.426200 0.929890
v -1.028560 0.468880 0.880225
v -0.996543 0.468880 0.880225
v -0.996543 0.426200 0.880225
v -1.028560 0.426200 0.880225
v -0.996543 0.468880 0.880225
v -0.996543 0.426200 0.929890
v -0.996543 0.426200 0.880225
v -0.996543 0.468880 0.929890
v -0.996543 0.468880 0.929890
v -1.028560 0.468880 0.929890
v -1.028560 0.426200 0.929890
v -0.996543 0.426200 0.929890
v -0.985880 0.425098 0.901708
v -1.028560 0.425098 0.932579
v -0.985880 0.425098 0.932579
v -1.028560 0.425098 0.901708
v -0.985880 0.370094 0.932579
v -1.028560 0.370094 0.901708
v -0.985880 0.370094 0.901708
v -1.028560 0.370094 0.932579
v -1.028560 0.425098 0.932579
v -1.028560 0.370094 0.901708
v -1.028560 0.370094 0.932579
v -1.028560 0.425098 0.901708
v -1.028560 0.425098 0.901708
v -0.985880 0.370094 0.901708
v -1.028560 0.370094 0.901708
v -0.985880 0.425098 0.901708
v -0.985880 0.425098 0.901708
v -0.985880 0.370094 0.932579
v -0.985880 0.370094 0.901708
v -0.985880 0.425098 0.932579
v -0.985880 0.425098 0.932579
v -1.028560 0.370094 0.932579
v -0.985880 0.370094 0.932579
v -1.028560 0.425098 0.932579
v -0.970827 0.793601 -0.933579
v -1.013507 0.793601 -0.964449
v -1.013507 0.793601 -0.933579
v -0.970827 0.793601 -0.964449
v -0.970827 0.750126 -0.964449
v -1.013507 0.750126 -0.933579
v -1.013507 0.750126 -0.964449
v -0.970827 0.750126 -0.933579
v -1.013507 0.750126 -0.933579
v -1.013507 0.793601 -0.964449
v -1.013507 0.750126 -0.964449
v -1.013507 0.793601 -0.933579
v -0.970827 0.750126 -0.933579
v -1.013507 0.793601 -0.933579
v -1.013507 0.750126 -0.933579
v -0.970827 0.793601 -0.933579
v -0.970827 0.750126 -0.964449
v -0.970827 0.793601 -0.933579
v -0.970827 0.750126 -0.933579
v -0.970827 0.793601 -0.964449
v -1.013507 0.750126 -0.964449
v -0.970827 0.793601 -0.964449
v -0.970827 0.750126 -0.964449
v -1.013507 0.793601 -0.964449
v -0.970826 0.793601 -0.727462
v -1.013507 0.793601 -0.696591
v -0.970826 0.793601 -0.696591
v -1.013507 0.793601 -0.727462
v -0.970826 0.750126 -0.696591
v -1.013507 0.750126 -0.727462
v -0.970826 0.750126 -0.727462
v -1.013507 0.750126 -0.696591
v -1.013507 0.793601 -0.696591
v -1.013507 0.750126 -0.727462
v -1.013507 0.750126 -0.696591
v -1.013507 0.793601 -0.727462
v -1.013507 0.793601 -0.727462
v -0.970826 0.750126 -0.727462
v -1.013507 0.750126 -0.727462
v -0.970826 0.793601 -0.727462
v -0.970826 0.793601 -0.727462
v -0.970826 0.750126 -0.696591
v -0.970826 0.750126 -0.727462
v -0.970826 0.793601 -0.696591
v -0.970826 0.793601 -0.696591
v -1.013507 0.750126 -0.696591
v -0.970826 0.750126 -0.696591
v -1.013507 0.793601 -0.696591
v -0.742484 0.793601 -0.964449
v -0.785164 0.793601 -0.933579
v -0.742484 0.793601 -0.933579
v -0.785164 0.793601 -0.964449
v -0.742484 0.750126 -0.933579
v -0.785164 0.750126 -0.964449
v -0.742484 0.750126 -0.964449
v -0.785164 0.750126 -0.933579
v -0.742484 0.793601 -0.964449
v -0.742484 0.750126 -0.933579
v -0.742484 0.750126 -0.964449
v -0.742484 0.793601 -0.933579
v -0.742484 0.793601 -0.933579
v -0.785164 0.750126 -0.933579
v -0.742484 0.750126 -0.933579
v -0.785164 0.793601 -0.933579
v -0.785164 0.793601 -0.933579
v -0.785164 0.793601 -0.964449
v -0.785164 0.750126 -0.964449
v -0.785164 0.750126 -0.933579
v -0.785164 0.793601 -0.964449
v -0.742484 0.793601 -0.964449
v -0.742484 0.750126 -0.964449
v -0.785164 0.750126 -0.964449
v -0.785164 0.750126 -0.727462
v -0.742484 0.793601 -0.727462
v -0.742484 0.750126 -0.727462
v -0.785164 0.793601 -0.727462
v -0.785164 0.793601 -0.727462
v -0.785164 0.793601 -0.696591
v -0.742484 0.793601 -0.696591
v -0.742484 0.793601 -0.727462
v -0.742484 0.750126 -0.727462
v -0.742484 0.793601 -0.696591
v -0.742484 0.750126 -0.696591
v -0.742484 0.793601 -0.727462
v -0.742484 0.750126 -0.696591
v -0.785164 0.793601 -0.696591
v -0.785164 0.750126 -0.696591
v -0.742484 0.793601 -0.696591
v -0.785164 0.750126 -0.696591
v -0.785164 0.793601 -0.727462
v -0.785164 0.750126 -0.727462
v -0.785164 0.793601 -0.696591
v -0.785164 0.750126 -0.696591
v -0.785164 0.750126 -0.727462
v -0.742484 0.750126 -0.727462
v -0.742484 0.750126 -0.696591
v -1.013507 0.746204 -0.912095
v -0.981489 0.746204 -0.961760
v -1.013507 0.746204 -0.961760
v -0.981489 0.746204 -0.912095
v -0.981489 0.703524 -0.961760
v -1.013507 0.703524 -0.912095
v -1.013507 0.703524 -0.961760
v -0.981489 0.703524 -0.912095
v -1.013507 0.703524 -0.912095
v -1.013507 0.746204 -0.961760
v -1.013507 0.703524 -0.961760
v -1.013507 0.746204 -0.912095
v -0.981489 0.703524 -0.912095
v -1.013507 0.746204 -0.912095
v -1.013507 0.703524 -0.912095
v -0.981489 0.746204 -0.912095
v -0.981489 0.703524 -0.961760
v -0.981489 0.746204 -0.912095
v -0.981489 0.703524 -0.912095
v -0.981489 0.746204 -0.961760
v -1.013507 0.703524 -0.961760
v -0.981489 0.746204 -0.961760
v -0.981489 0.703524 -0.961760
v -1.013507 0.746204 -0.961760
v -1.013507 0.702423 -0.922325
v -0.978614 0.702423 -0.965006
v -1.013507 0.702423 -0.965006
v -0.978614 0.702423 -0.922325
v -0.978614 0.659743 -0.965006
v -1.013507 0.659743 -0.922325
v -1.013507 0.659743 -0.965006
v -0.978614 0.659743 -0.922325
v -1.013507 0.659743 -0.922325
v -1.013507 0.702423 -0.965006
v -1.013507 0.659743 -0.965006
v -1.013507 0.702423 -0.922325
v -0.978614 0.659743 -0.922325
v -1.013507 0.702423 -0.922325
v -1.013507 0.659743 -0.922325
v -0.978614 0.702423 -0.922325
v -0.978614 0.659743 -0.965006
v -0.978614 0.702423 -0.922325
v -0.978614 0.659743 -0.922325
v -0.978614 0.702423 -0.965006
v -1.013507 0.659743 -0.965006
v -0.978614 0.702423 -0.965006
v -0.978614 0.659743 -0.965006
v -1.013507 0.702423 -0.965006
v -0.981489 0.746204 -0.748945
v -1.013507 0.746204 -0.699280
v -0.981489 0.746204 -0.699280
v -1.013507 0.746204 -0.748945
v -0.981489 0.703524 -0.699280
v -1.013507 0.703524 -0.748945
v -0.981489 0.703524 -0.748945
v -1.013507 0.703524 -0.699280
v -1.013507 0.746204 -0.699280
v -1.013507 0.746204 -0.748945
v -1.013507 0.703524 -0.748945
v -1.013507 0.703524 -0.699280
v -1.013507 0.746204 -0.748945
v -0.981489 0.746204 -0.748945
v -0.981489 0.703524 -0.748945
v -1.013507 0.703524 -0.748945
v -0.981489 0.746204 -0.748945
v -0.981489 0.703524 -0.699280
v -0.981489 0.703524 -0.748945
v -0.981489 0.746204 -0.699280
v -0.981489 0.746204 -0.699280
v -1.013507 0.746204 -0.699280
v -1.013507 0.703524 -0.699280
v -0.981489 0.703524 -0.699280
v -0.978614 0.702423 -0.738715
v -1.013507 0.702423 -0.696035
v -0.978614 0.702423 -0.696035
v -1.013507 0.702423 -0.738715
v -0.978614 0.659743 -0.696034
v -1.013507 0.659743 -0.738715
v -0.978614 0.659743 -0.738715
v -1.013507 0.659743 -0.696034
v -1.013507 0.702423 -0.696035
v -1.013507 0.659743 -0.738715
v -1.013507 0.659743 -0.696034
v -1.013507 0.702423 -0.738715
v -1.013507 0.702423 -0.738715
v -0.978614 0.702423 -0.738715
v -0.978614 0.659743 -0.738715
v -1.013507 0.659743 -0.738715
v -0.978614 0.702423 -0.738715
v -0.978614 0.702423 -0.696035
v -0.978614 0.659743 -0.696034
v -0.978614 0.659743 -0.738715
v -0.978614 0.702423 -0.696035
v -1.013507 0.702423 -0.696035
v -1.013507 0.659743 -0.696034
v -0.978614 0.659743 -0.696034
v -0.742484 0.746204 -0.961760
v -0.774501 0.746204 -0.912095
v -0.742484 0.746204 -0.912095
v -0.774501 0.746204 -0.961760
v -0.742484 0.703524 -0.912095
v -0.774501 0.703524 -0.912095
v -0.774501 0.703524 -0.961760
v -0.742484 0.703524 -0.961760
v -0.742484 0.746204 -0.961760
v -0.742484 0.703524 -0.912095
v -0.742484 0.703524 -0.961760
v -0.742484 0.746204 -0.912095
v -0.742484 0.746204 -0.912095
v -0.774501 0.746204 -0.912095
v -0.774501 0.703524 -0.912095
v -0.742484 0.703524 -0.912095
v -0.774501 0.746204 -0.912095
v -0.774501 0.746204 -0.961760
v -0.774501 0.703524 -0.961760
v -0.774501 0.703524 -0.912095
v -0.774501 0.746204 -0.961760
v -0.742484 0.703524 -0.961760
v -0.774501 0.703524 -0.961760
v -0.742484 0.746204 -0.961760
v -0.742484 0.702423 -0.965006
v -0.777376 0.702423 -0.965006
v -0.777376 0.702423 -0.922325
v -0.742484 0.702423 -0.922325
v -0.742484 0.659743 -0.922325
v -0.777376 0.659743 -0.922325
v -0.777376 0.659743 -0.965006
v -0.742484 0.659743 -0.965006
v -0.742484 0.702423 -0.965006
v -0.742484 0.659743 -0.922325
v -0.742484 0.659743 -0.965006
v -0.742484 0.702423 -0.922325
v -0.742484 0.702423 -0.922325
v -0.777376 0.702423 -0.922325
v -0.777376 0.659743 -0.922325
v -0.742484 0.659743 -0.922325
v -0.777376 0.702423 -0.922325
v -0.777376 0.702423 -0.965006
v -0.777376 0.659743 -0.965006
v -0.777376 0.659743 -0.922325
v -0.777376 0.702423 -0.965006
v -0.742484 0.659743 -0.965006
v -0.777376 0.659743 -0.965006
v -0.742484 0.702423 -0.965006
v -0.777376 0.659743 -0.738715
v -0.742484 0.702423 -0.738715
v -0.742484 0.659743 -0.738715
v -0.777376 0.702423 -0.738715
v -0.777376 0.702423 -0.738715
v -0.777376 0.702423 -0.696035
v -0.742484 0.702423 -0.696035
v -0.742484 0.702423 -0.738715
v -0.742484 0.659743 -0.738715
v -0.742484 0.702423 -0.696035
v -0.742484 0.659743 -0.696035
v -0.742484 0.702423 -0.738715
v -0.742484 0.659743 -0.696035
v -0.777376 0.702423 -0.696035
v -0.777376 0.659743 -0.696035
v -0.742484 0.702423 -0.696035
v -0.777376 0.659743 -0.696035
v -0.777376 0.702423 -0.738715
v -0.777376 0.659743 -0.738715
v -0.777376 0.702423 -0.696035
v -0.777376 0.659743 -0.696035
v -0.777376 0.659743 -0.738715
v -0.742484 0.659743 -0.738715
v -0.742484 0.659743 -0.696035
v -0.774501 0.703524 -0.748945
v -0.742484 0.746204 -0.748945
v -0.742484 0.703524 -0.748945
v -0.774501 0.746204 -0.748945
v -0.774501 0.746204 -0.699280
v -0.742484 0.746204 -0.748945
v -0.774501 0.746204 -0.748945
v -0.742484 0.746204 -0.699280
v -0.742484 0.703524 -0.748945
v -0.742484 0.746204 -0.699280
v -0.742484 0.703524 -0.699280
v -0.742484 0.746204 -0.748945
v -0.742484 0.703524 -0.699280
v -0.774501 0.746204 -0.699280
v -0.774501 0.703524 -0.699280
v -0.742484 0.746204 -0.699280
v -0.774501 0.703524 -0.699280
v -0.774501 0.746204 -0.748945
v -0.774501 0.703524 -0.748945
v -0.774501 0.746204 -0.699280
v -0.774501 0.703524 -0.699280
v -0.774501 0.703524 -0.748945
v -0.742484 0.703524 -0.748945
v -0.742484 0.703524 -0.699280
v -1.013507 0.471347 -0.912095
v -0.981489 0.471347 -0.961760
v -1.013507 0.471347 -0.961760
v -0.981489 0.471347 -0.912095
v -0.981489 0.428667 -0.961760
v -1.013507 0.428667 -0.912095
v -1.013507 0.428667 -0.961760
v -0.981489 0.428667 -0.912095
v -1.013507 0.428667 -0.912095
v -1.013507 0.471347 -0.961760
v -1.013507 0.428667 -0.961760
v -1.013507 0.471347 -0.912095
v -0.981489 0.428667 -0.912095
v -1.013507 0.471347 -0.912095
v -1.013507 0.428667 -0.912095
v -0.981489 0.471347 -0.912095
v -0.981489 0.428667 -0.961760
v -0.981489 0.471347 -0.912095
v -0.981489 0.428667 -0.912095
v -0.981489 0.471347 -0.961760
v -1.013507 0.428667 -0.961760
v -0.981489 0.471347 -0.961760
v -0.981489 0.428667 -0.961760
v -1.013507 0.471347 -0.961760
v -0.970827 0.427566 -0.933578
v -1.013507 0.427566 -0.964449
v -1.013507 0.427566 -0.933578
v -0.970827 0.427566 -0.964449
v -0.970827 0.372562 -0.964449
v -1.013507 0.372562 -0.933578
v -1.013507 0.372562 -0.964449
v -0.970827 0.372562 -0.933578
v -1.013507 0.372562 -0.933578
v -1.013507 0.427566 -0.964449
v -1.013507 0.372562 -0.964449
v -1.013507 0.427566 -0.933578
v -0.970827 0.372562 -0.933578
v -1.013507 0.427566 -0.933578
v -1.013507 0.372562 -0.933578
v -0.970827 0.427566 -0.933578
v -0.970827 0.372562 -0.964449
v -0.970827 0.427566 -0.933578
v -0.970827 0.372562 -0.933578
v -0.970827 0.427566 -0.964449
v -1.013507 0.372562 -0.964449
v -0.970827 0.427566 -0.964449
v -0.970827 0.372562 -0.964449
v -1.013507 0.427566 -0.964449
v -0.981489 0.471347 -0.748945
v -1.013507 0.471347 -0.699280
v -0.981489 0.471347 -0.699280
v -1.013507 0.471347 -0.748945
v -0.981489 0.428667 -0.699280
v -1.013507 0.428667 -0.748945
v -0.981489 0.428667 -0.748945
v -1.013507 0.428667 -0.699280
v -1.013507 0.471347 -0.699280
v -1.013507 0.471347 -0.748945
v -1.013507 0.428667 -0.748945
v -1.013507 0.428667 -0.699280
v -1.013507 0.471347 -0.748945
v -0.981489 0.471347 -0.748945
v -0.981489 0.428667 -0.748945
v -1.013507 0.428667 -0.748945
v -0.981489 0.471347 -0.748945
v -0.981489 0.428667 -0.699280
v -0.981489 0.428667 -0.748945
v -0.981489 0.471347 -0.699280
v -0.981489 0.471347 -0.699280
v -1.013507 0.471347 -0.699280
v -1.013507 0.428667 -0.699280
v -0.981489 0.428667 -0.699280
v -0.970826 0.427566 -0.727462
v -1.013507 0.427566 -0.696591
v -0.970826 0.427566 -0.696591
v -1.013507 0.427566 -0.727462
v -0.970826 0.372562 -0.696591
v -1.013507 0.372562 -0.727462
v -0.970826 0.372562 -0.727462
v -1.013507 0.372562 -0.696591
v -1.013507 0.427566 -0.696591
v -1.013507 0.372562 -0.727462
v -1.013507 0.372562 -0.696591
v -1.013507 0.427566 -0.727462
v -1.013507 0.427566 -0.727462
v -0.970826 0.427566 -0.727462
v -0.970826 0.372562 -0.727462
v -1.013507 0.372562 -0.727462
v -0.970826 0.427566 -0.727462
v -0.970826 0.372562 -0.696591
v -0.970826 0.372562 -0.727462
v -0.970826 0.427566 -0.696591
v -0.970826 0.427566 -0.696591
v -1.013507 0.427566 -0.696591
v -1.013507 0.372562 -0.696591
v -0.970826 0.372562 -0.696591
v -0.742484 0.471347 -0.961760
v -0.774501 0.471347 -0.912095
v -0.742484 0.471347 -0.912095
v -0.774501 0.471347 -0.961760
v -0.742484 0.428667 -0.912095
v -0.774501 0.428667 -0.912095
v -0.774501 0.428667 -0.961760
v -0.742484 0.428667 -0.961760
v -0.742484 0.471347 -0.961760
v -0.742484 0.471347 -0.912095
v -0.742484 0.428667 -0.912095
v -0.742484 0.428667 -0.961760
v -0.742484 0.471347 -0.912095
v -0.774501 0.471347 -0.912095
v -0.774501 0.428667 -0.912095
v -0.742484 0.428667 -0.912095
v -0.774501 0.471347 -0.912095
v -0.774501 0.471347 -0.961760
v -0.774501 0.428667 -0.961760
v -0.774501 0.428667 -0.912095
v -0.774501 0.471347 -0.961760
v -0.742484 0.471347 -0.961760
v -0.742484 0.428667 -0.961760
v -0.774501 0.428667 -0.961760
v -0.742484 0.427566 -0.964449
v -0.785164 0.427566 -0.964449
v -0.785164 0.427566 -0.933579
v -0.742484 0.427566 -0.933579
v -0.742484 0.372562 -0.933579
v -0.785164 0.372562 -0.933579
v -0.785164 0.372562 -0.964449
v -0.742484 0.372562 -0.964449
v -0.742484 0.427566 -0.964449
v -0.742484 0.372562 -0.933579
v -0.742484 0.372562 -0.964449
v -0.742484 0.427566 -0.933579
v -0.742484 0.427566 -0.933579
v -0.785164 0.427566 -0.933579
v -0.785164 0.372562 -0.933579
v -0.742484 0.372562 -0.933579
v -0.785164 0.427566 -0.933579
v -0.785164 0.372562 -0.964449
v -0.785164 0.372562 -0.933579
v -0.785164 0.427566 -0.964449
v -0.785164 0.427566 -0.964449
v -0.742484 0.427566 -0.964449
v -0.742484 0.372562 -0.964449
v -0.785164 0.372562 -0.964449
v -0.774501 0.471347 -0.699280
v -0.742484 0.471347 -0.748945
v -0.774501 0.471347 -0.748945
v -0.742484 0.471347 -0.699280
v -0.774501 0.428667 -0.699280
v -0.774501 0.428667 -0.748945
v -0.742484 0.428667 -0.748945
v -0.742484 0.428667 -0.699280
v -0.742484 0.428667 -0.748945
v -0.742484 0.471347 -0.699280
v -0.742484 0.428667 -0.699280
v -0.742484 0.471347 -0.748945
v -0.774501 0.428667 -0.748945
v -0.742484 0.471347 -0.748945
v -0.742484 0.428667 -0.748945
v -0.774501 0.471347 -0.748945
v -0.774501 0.428667 -0.699280
v -0.774501 0.471347 -0.748945
v -0.774501 0.428667 -0.748945
v -0.774501 0.471347 -0.699280
v -0.742484 0.428667 -0.699280
v -0.774501 0.471347 -0.699280
v -0.774501 0.428667 -0.699280
v -0.742484 0.471347 -0.699280
v -0.785164 0.427566 -0.727462
v -0.785164 0.427566 -0.696591
v -0.742484 0.427566 -0.696591
v -0.742484 0.427566 -0.727462
v -0.785164 0.372562 -0.696591
v -0.785164 0.372562 -0.727462
v -0.742484 0.372562 -0.727462
v -0.742484 0.372562 -0.696591
v -0.742484 0.372562 -0.727462
v -0.742484 0.427566 -0.696591
v -0.742484 0.372562 -0.696591
v -0.742484 0.427566 -0.727462
v -0.785164 0.372562 -0.727462
v -0.742484 0.427566 -0.727462
v -0.742484 0.372562 -0.727462
v -0.785164 0.427566 -0.727462
v -0.785164 0.372562 -0.696591
v -0.785164 0.427566 -0.727462
v -0.785164 0.372562 -0.727462
v -0.785164 0.427566 -0.696591
v -0.742484 0.372562 -0.696591
v -0.785164 0.427566 -0.696591
v -0.785164 0.372562 -0.696591
v -0.742484 0.427566 -0.696591
v -1.013507 0.659635 -0.912095
v -0.981489 0.659635 -0.961760
v -1.013507 0.659635 -0.961760
v -0.981489 0.659635 -0.912095
v -0.981489 0.616955 -0.961760
v -1.013507 0.616955 -0.912095
v -1.013507 0.616955 -0.961760
v -0.981489 0.616955 -0.912095
v -1.013507 0.616955 -0.912095
v -1.013507 0.659635 -0.961760
v -1.013507 0.616955 -0.961760
v -1.013507 0.659635 -0.912095
v -0.981489 0.616955 -0.912095
v -1.013507 0.659635 -0.912095
v -1.013507 0.616955 -0.912095
v -0.981489 0.659635 -0.912095
v -0.981489 0.616955 -0.961760
v -0.981489 0.659635 -0.912095
v -0.981489 0.616955 -0.912095
v -0.981489 0.659635 -0.961760
v -1.013507 0.616955 -0.961760
v -0.981489 0.659635 -0.961760
v -0.981489 0.616955 -0.961760
v -1.013507 0.659635 -0.961760
v -1.013507 0.615853 -0.922325
v -0.978614 0.615853 -0.965006
v -1.013507 0.615853 -0.965006
v -0.978614 0.615853 -0.922325
v -0.978614 0.573173 -0.965006
v -1.013507 0.573173 -0.922325
v -1.013507 0.573173 -0.965006
v -0.978614 0.573173 -0.922325
v -1.013507 0.573173 -0.922325
v -1.013507 0.615853 -0.965006
v -1.013507 0.573173 -0.965006
v -1.013507 0.615853 -0.922325
v -0.978614 0.573173 -0.922325
v -1.013507 0.615853 -0.922325
v -1.013507 0.573173 -0.922325
v -0.978614 0.615853 -0.922325
v -0.978614 0.573173 -0.965006
v -0.978614 0.615853 -0.922325
v -0.978614 0.573173 -0.922325
v -0.978614 0.615853 -0.965006
v -1.013507 0.573173 -0.965006
v -0.978614 0.615853 -0.965006
v -0.978614 0.573173 -0.965006
v -1.013507 0.615853 -0.965006
v -1.013507 0.571139 -0.912095
v -0.981489 0.571139 -0.961760
v -1.013507 0.571139 -0.961760
v -0.981489 0.571139 -0.912095
v -0.981489 0.528459 -0.961760
v -1.013507 0.528459 -0.912095
v -1.013507 0.528459 -0.961760
v -0.981489 0.528459 -0.912095
v -1.013507 0.528459 -0.912095
v -1.013507 0.571139 -0.961760
v -1.013507 0.528459 -0.961760
v -1.013507 0.571139 -0.912095
v -0.981489 0.528459 -0.912095
v -1.013507 0.571139 -0.912095
v -1.013507 0.528459 -0.912095
v -0.981489 0.571139 -0.912095
v -0.981489 0.528459 -0.961760
v -0.981489 0.571139 -0.912095
v -0.981489 0.528459 -0.912095
v -0.981489 0.571139 -0.961760
v -1.013507 0.528459 -0.961760
v -0.981489 0.571139 -0.961760
v -0.981489 0.528459 -0.961760
v -1.013507 0.571139 -0.961760
v -0.970827 0.527357 -0.933578
v -1.013507 0.527357 -0.964449
v -1.013507 0.527357 -0.933578
v -0.970827 0.527357 -0.964449
v -0.970827 0.472353 -0.964449
v -1.013507 0.472353 -0.933578
v -1.013507 0.472353 -0.964449
v -0.970827 0.472353 -0.933578
v -1.013507 0.472353 -0.933578
v -1.013507 0.527357 -0.964449
v -1.013507 0.472353 -0.964449
v -1.013507 0.527357 -0.933578
v -0.970827 0.472353 -0.933578
v -1.013507 0.527357 -0.933578
v -1.013507 0.472353 -0.933578
v -0.970827 0.527357 -0.933578
v -0.970827 0.472353 -0.964449
v -0.970827 0.527357 -0.933578
v -0.970827 0.472353 -0.933578
v -0.970827 0.527357 -0.964449
v -1.013507 0.472353 -0.964449
v -0.970827 0.527357 -0.964449
v -0.970827 0.472353 -0.964449
v -1.013507 0.527357 -0.964449
v -0.981489 0.659635 -0.748945
v -1.013507 0.659635 -0.699280
v -0.981489 0.659635 -0.699280
v -1.013507 0.659635 -0.748945
v -0.981489 0.616955 -0.699280
v -1.013507 0.616955 -0.748945
v -0.981489 0.616955 -0.748945
v -1.013507 0.616955 -0.699280
v -1.013507 0.659635 -0.699280
v -1.013507 0.659635 -0.748945
v -1.013507 0.616955 -0.748945
v -1.013507 0.616955 -0.699280
v -1.013507 0.659635 -0.748945
v -0.981489 0.659635 -0.748945
v -0.981489 0.616955 -0.748945
v -1.013507 0.616955 -0.748945
v -0.981489 0.659635 -0.748945
v -0.981489 0.659635 -0.699280
v -0.981489 0.616955 -0.699280
v -0.981489 0.616955 -0.748945
v -0.981489 0.659635 -0.699280
v -1.013507 0.659635 -0.699280
v -1.013507 0.616955 -0.699280
v -0.981489 0.616955 -0.699280
v -0.978614 0.615853 -0.738715
v -1.013507 0.615853 -0.696034
v -0.978614 0.615853 -0.696034
v -1.013507 0.615853 -0.738715
v -0.978614 0.573173 -0.696034
v -1.013507 0.573173 -0.738715
v -0.978614 0.573173 -0.738715
v -1.013507 0.573173 -0.696034
v -1.013507 0.615853 -0.696034
v -1.013507 0.615853 -0.738715
v -1.013507 0.573173 -0.738715
v -1.013507 0.573173 -0.696034
v -1.013507 0.615853 -0.738715
v -0.978614 0.615853 -0.738715
v -0.978614 0.573173 -0.738715
v -1.013507 0.573173 -0.738715
v -0.978614 0.615853 -0.738715
v -0.978614 0.615853 -0.696034
v -0.978614 0.573173 -0.696034
v -0.978614 0.573173 -0.738715
v -0.978614 0.615853 -0.696034
v -1.013507 0.615853 -0.696034
v -1.013507 0.573173 -0.696034
v -0.978614 0.573173 -0.696034
v -0.981489 0.571139 -0.748945
v -1.013507 0.571139 -0.699280
v -0.981489 0.571139 -0.699280
v -1.013507 0.571139 -0.748945
v -0.981489 0.528459 -0.699280
v -1.013507 0.528459 -0.748945
v -0.981489 0.528459 -0.748945
v -1.013507 0.528459 -0.699280
v -1.013507 0.571139 -0.699280
v -1.013507 0.571139 -0.748945
v -1.013507 0.528459 -0.748945
v -1.013507 0.528459 -0.699280
v -1.013507 0.571139 -0.748945
v -0.981489 0.571139 -0.748945
v -0.981489 0.528459 -0.748945
v -1.013507 0.528459 -0.748945
v -0.981489 0.571139 -0.748945
v -0.981489 0.571139 -0.699280
v -0.981489 0.528459 -0.699280
v -0.981489 0.528459 -0.748945
v -0.981489 0.571139 -0.699280
v -1.013507 0.571139 -0.699280
v -1.013507 0.528459 -0.699280
v -0.981489 0.528459 -0.699280
v -0.970826 0.527357 -0.727462
v -1.013507 0.527357 -0.696591
v -0.970826 0.527357 -0.696591
v -1.013507 0.527357 -0.727462
v -0.970826 0.472353 -0.696591
v -1.013507 0.472353 -0.727462
v -0.970826 0.472353 -0.727462
v -1.013507 0.472353 -0.696591
v -1.013507 0.527357 -0.696591
v -1.013507 0.472353 -0.727462
v -1.013507 0.472353 -0.696591
v -1.013507 0.527357 -0.727462
v -1.013507 0.527357 -0.727462
v -0.970826 0.527357 -0.727462
v -0.970826 0.472353 -0.727462
v -1.013507 0.472353 -0.727462
v -0.970826 0.527357 -0.727462
v -0.970826 0.472353 -0.696591
v -0.970826 0.472353 -0.727462
v -0.970826 0.527357 -0.696591
v -0.970826 0.527357 -0.696591
v -1.013507 0.527357 -0.696591
v -1.013507 0.472353 -0.696591
v -0.970826 0.472353 -0.696591
v -0.742484 0.659635 -0.961760
v -0.774501 0.659635 -0.961760
v -0.774501 0.659635 -0.912095
v -0.742484 0.659635 -0.912095
v -0.742484 0.616955 -0.912095
v -0.774501 0.616955 -0.912095
v -0.774501 0.616955 -0.961760
v -0.742484 0.616955 -0.961760
v -0.742484 0.659635 -0.961760
v -0.742484 0.659635 -0.912095
v -0.742484 0.616955 -0.912095
v -0.742484 0.616955 -0.961760
v -0.742484 0.659635 -0.912095
v -0.774501 0.659635 -0.912095
v -0.774501 0.616955 -0.912095
v -0.742484 0.616955 -0.912095
v -0.774501 0.659635 -0.912095
v -0.774501 0.659635 -0.961760
v -0.774501 0.616955 -0.961760
v -0.774501 0.616955 -0.912095
v -0.774501 0.659635 -0.961760
v -0.742484 0.659635 -0.961760
v -0.742484 0.616955 -0.961760
v -0.774501 0.616955 -0.961760
v -0.742484 0.615853 -0.965006
v -0.777376 0.615853 -0.965006
v -0.777376 0.615853 -0.922325
v -0.742484 0.615853 -0.922325
v -0.742484 0.573173 -0.922325
v -0.777376 0.573173 -0.922325
v -0.777376 0.573173 -0.965006
v -0.742484 0.573173 -0.965006
v -0.742484 0.615853 -0.965006
v -0.742484 0.615853 -0.922325
v -0.742484 0.573173 -0.922325
v -0.742484 0.573173 -0.965006
v -0.742484 0.615853 -0.922325
v -0.777376 0.615853 -0.922325
v -0.777376 0.573173 -0.922325
v -0.742484 0.573173 -0.922325
v -0.777376 0.615853 -0.922325
v -0.777376 0.615853 -0.965006
v -0.777376 0.573173 -0.965006
v -0.777376 0.573173 -0.922325
v -0.777376 0.615853 -0.965006
v -0.742484 0.615853 -0.965006
v -0.742484 0.573173 -0.965006
v -0.777376 0.573173 -0.965006
v -0.742484 0.571139 -0.961760
v -0.774501 0.571139 -0.961760
v -0.774501 0.571139 -0.912095
v -0.742484 0.571139 -0.912095
v -0.742484 0.528459 -0.912095
v -0.774501 0.528459 -0.912095
v -0.774501 0.528459 -0.961760
v -0.742484 0.528459 -0.961760
v -0.742484 0.571139 -0.961760
v -0.742484 0.571139 -0.912095
v -0.742484 0.528459 -0.912095
v -0.742484 0.528459 -0.961760
v -0.742484 0.571139 -0.912095
v -0.774501 0.571139 -0.912095
v -0.774501 0.528459 -0.912095
v -0.742484 0.528459 -0.912095
v -0.774501 0.571139 -0.912095
v -0.774501 0.571139 -0.961760
v -0.774501 0.528459 -0.961760
v -0.774501 0.528459 -0.912095
v -0.774501 0.571139 -0.961760
v -0.742484 0.571139 -0.961760
v -0.742484 0.528459 -0.961760
v -0.774501 0.528459 -0.961760
v -0.742484 0.527357 -0.964449
v -0.785164 0.527357 -0.964449
v -0.785164 0.527357 -0.933579
v -0.742484 0.527357 -0.933579
v -0.742484 0.472353 -0.933579
v -0.785164 0.472353 -0.933579
v -0.785164 0.472353 -0.964449
v -0.742484 0.472353 -0.964449
v -0.742484 0.527357 -0.964449
v -0.742484 0.472353 -0.933579
v -0.742484 0.472353 -0.964449
v -0.742484 0.527357 -0.933579
v -0.742484 0.527357 -0.933579
v -0.785164 0.527357 -0.933579
v -0.785164 0.472353 -0.933579
v -0.742484 0.472353 -0.933579
v -0.785164 0.527357 -0.933579
v -0.785164 0.472353 -0.964449
v -0.785164 0.472353 -0.933579
v -0.785164 0.527357 -0.964449
v -0.785164 0.527357 -0.964449
v -0.742484 0.527357 -0.964449
v -0.742484 0.472353 -0.964449
v -0.785164 0.472353 -0.964449
v -1.013507 0.181836 -0.912095
v -0.981489 0.181836 -0.961760
v -1.013507 0.181836 -0.961760
v -0.981489 0.181836 -0.912095
v -0.981489 0.139156 -0.961760
v -1.013507 0.139156 -0.912095
v -1.013507 0.139156 -0.961760
v -0.981489 0.139156 -0.912095
v -1.013507 0.139156 -0.912095
v -1.013507 0.181836 -0.961760
v -1.013507 0.139156 -0.961760
v -1.013507 0.181836 -0.912095
v -0.981489 0.139156 -0.912095
v -1.013507 0.181836 -0.912095
v -1.013507 0.139156 -0.912095
v -0.981489 0.181836 -0.912095
v -0.981489 0.139156 -0.961760
v -0.981489 0.181836 -0.912095
v -0.981489 0.139156 -0.912095
v -0.981489 0.181836 -0.961760
v -1.013507 0.139156 -0.961760
v -0.981489 0.181836 -0.961760
v -0.981489 0.139156 -0.961760
v -1.013507 0.181836 -0.961760
v -0.970827 0.138055 -0.933578
v -1.013507 0.138055 -0.964449
v -1.013507 0.138055 -0.933578
v -0.970827 0.138055 -0.964449
v -0.970827 0.083051 -0.964449
v -1.013507 0.083051 -0.933578
v -1.013507 0.083051 -0.964449
v -0.970827 0.083051 -0.933578
v -1.013507 0.083051 -0.933578
v -1.013507 0.138055 -0.964449
v -1.013507 0.083051 -0.964449
v -1.013507 0.138055 -0.933578
v -0.970827 0.083051 -0.933578
v -1.013507 0.138055 -0.933578
v -1.013507 0.083051 -0.933578
v -0.970827 0.138055 -0.933578
v -0.970827 0.083051 -0.964449
v -0.970827 0.138055 -0.933578
v -0.970827 0.083051 -0.933578
v -0.970827 0.138055 -0.964449
v -1.013507 0.083051 -0.964449
v -0.970827 0.138055 -0.964449
v -0.970827 0.083051 -0.964449
v -1.013507 0.138055 -0.964449
v -0.981489 0.181836 -0.748945
v -1.013507 0.181836 -0.699280
v -0.981489 0.181836 -0.699280
v -1.013507 0.181836 -0.748945
v -0.981489 0.139156 -0.699280
v -1.013507 0.139156 -0.748945
v -0.981489 0.139156 -0.748945
v -1.013507 0.139156 -0.699280
v -1.013507 0.181836 -0.699280
v -1.013507 0.181836 -0.748945
v -1.013507 0.139156 -0.748945
v -1.013507 0.139156 -0.699280
v -1.013507 0.181836 -0.748945
v -0.981489 0.181836 -0.748945
v -0.981489 0.139156 -0.748945
v -1.013507 0.139156 -0.748945
v -0.981489 0.181836 -0.748945
v -0.981489 0.181836 -0.699280
v -0.981489 0.139156 -0.699280
v -0.981489 0.139156 -0.748945
v -0.981489 0.181836 -0.699280
v -1.013507 0.139156 -0.699280
v -0.981489 0.139156 -0.699280
v -1.013507 0.181836 -0.699280
v -0.970826 0.138055 -0.727461
v -1.013507 0.138055 -0.696591
v -0.970826 0.138055 -0.696591
v -1.013507 0.138055 -0.727461
v -0.970826 0.083051 -0.696591
v -1.013507 0.083051 -0.727461
v -0.970826 0.083051 -0.727461
v -1.013507 0.083051 -0.696591
v -1.013507 0.138055 -0.696591
v -1.013507 0.083051 -0.727461
v -1.013507 0.083051 -0.696591
v -1.013507 0.138055 -0.727461
v -1.013507 0.138055 -0.727461
v -0.970826 0.138055 -0.727461
v -0.970826 0.083051 -0.727461
v -1.013507 0.083051 -0.727461
v -0.970826 0.138055 -0.727461
v -0.970826 0.083051 -0.696591
v -0.970826 0.083051 -0.727461
v -0.970826 0.138055 -0.696591
v -0.970826 0.138055 -0.696591
v -1.013507 0.083051 -0.696591
v -0.970826 0.083051 -0.696591
v -1.013507 0.138055 -0.696591
v -0.742484 0.181836 -0.961760
v -0.774501 0.181836 -0.912095
v -0.742484 0.181836 -0.912095
v -0.774501 0.181836 -0.961760
v -0.742484 0.139156 -0.912095
v -0.774501 0.139156 -0.961760
v -0.742484 0.139156 -0.961760
v -0.774501 0.139156 -0.912095
v -0.742484 0.181836 -0.961760
v -0.742484 0.139156 -0.912095
v -0.742484 0.139156 -0.961760
v -0.742484 0.181836 -0.912095
v -0.742484 0.181836 -0.912095
v -0.774501 0.139156 -0.912095
v -0.742484 0.139156 -0.912095
v -0.774501 0.181836 -0.912095
v -0.774501 0.181836 -0.912095
v -0.774501 0.139156 -0.961760
v -0.774501 0.139156 -0.912095
v -0.774501 0.181836 -0.961760
v -0.774501 0.181836 -0.961760
v -0.742484 0.139156 -0.961760
v -0.774501 0.139156 -0.961760
v -0.742484 0.181836 -0.961760
v -0.742484 0.138055 -0.964449
v -0.785164 0.138055 -0.933579
v -0.742484 0.138055 -0.933579
v -0.785164 0.138055 -0.964449
v -0.742484 0.083051 -0.933579
v -0.785164 0.083051 -0.933579
v -0.785164 0.083051 -0.964449
v -0.742484 0.083051 -0.964449
v -0.742484 0.138055 -0.964449
v -0.742484 0.083051 -0.933579
v -0.742484 0.083051 -0.964449
v -0.742484 0.138055 -0.933579
v -0.742484 0.138055 -0.933579
v -0.785164 0.083051 -0.933579
v -0.742484 0.083051 -0.933579
v -0.785164 0.138055 -0.933579
v -0.785164 0.138055 -0.933579
v -0.785164 0.083051 -0.964449
v -0.785164 0.083051 -0.933579
v -0.785164 0.138055 -0.964449
v -0.785164 0.138055 -0.964449
v -0.742484 0.083051 -0.964449
v -0.785164 0.083051 -0.964449
v -0.742484 0.138055 -0.964449
v -0.774501 0.181836 -0.699280
v -0.742484 0.181836 -0.748945
v -0.774501 0.181836 -0.748945
v -0.742484 0.181836 -0.699280
v -0.774501 0.139156 -0.699280
v -0.774501 0.139156 -0.748945
v -0.742484 0.139156 -0.748945
v -0.742484 0.139156 -0.699280
v -0.742484 0.139156 -0.748945
v -0.742484 0.181836 -0.699280
v -0.742484 0.139156 -0.699280
v -0.742484 0.181836 -0.748945
v -0.774501 0.139156 -0.748945
v -0.742484 0.181836 -0.748945
v -0.742484 0.139156 -0.748945
v -0.774501 0.181836 -0.748945
v -0.774501 0.139156 -0.699280
v -0.774501 0.181836 -0.748945
v -0.774501 0.139156 -0.748945
v -0.774501 0.181836 -0.699280
v -0.742484 0.139156 -0.699280
v -0.774501 0.181836 -0.699280
v -0.774501 0.139156 -0.699280
v -0.742484 0.181836 -0.699280
v -0.785164 0.138055 -0.727462
v -0.785164 0.138055 -0.696591
v -0.742484 0.138055 -0.696591
v -0.742484 0.138055 -0.727462
v -0.785164 0.083051 -0.696591
v -0.785164 0.083051 -0.727462
v -0.742484 0.083051 -0.727462
v -0.742484 0.083051 -0.696591
v -0.742484 0.083051 -0.727462
v -0.742484 0.138055 -0.696591
v -0.742484 0.083051 -0.696591
v -0.742484 0.138055 -0.727462
v -0.785164 0.083051 -0.727462
v -0.742484 0.138055 -0.727462
v -0.742484 0.083051 -0.727462
v -0.785164 0.138055 -0.727462
v -0.785164 0.083051 -0.696591
v -0.785164 0.138055 -0.727462
v -0.785164 0.083051 -0.727462
v -0.785164 0.138055 -0.696591
v -0.742484 0.083051 -0.696591
v -0.785164 0.138055 -0.696591
v -0.785164 0.083051 -0.696591
v -0.742484 0.138055 -0.696591
v -1.024459 0.100476 -0.678472
v -1.024459 0.100476 -0.981765
v -1.024459 0.070826 -0.678472
v -1.024459 0.070826 -0.981765
v -0.721167 0.100476 -0.981765
v -0.721167 0.100476 -0.678472
v -0.721167 0.070826 -0.981765
v -0.721167 0.070826 -0.678472
v -1.024459 0.100476 -0.981765
v -0.721167 0.100476 -0.981765
v -1.024459 0.070826 -0.981765
v -0.721167 0.070826 -0.981765
v -0.721167 0.100476 -0.678472
v -1.024459 0.100476 -0.678472
v -0.721167 0.070826 -0.678472
v -1.024459 0.070826 -0.678472
v -0.721167 0.070826 -0.981765
v -1.024459 0.070826 -0.678472
v -1.024459 0.070826 -0.981765
v -0.721167 0.070826 -0.678472
v -1.024459 0.100476 -0.678472
v -0.721167 0.100476 -0.981765
v -1.024459 0.100476 -0.981765
v -0.721167 0.100476 -0.678472
v -0.985995 0.838905 -0.732980
v -1.031631 0.891200 -0.732980
v -1.031631 0.838905 -0.732980
v -0.985995 0.891200 -0.732980
v -1.031631 0.838905 -0.797464
v -0.985995 0.891200 -0.797464
v -0.985995 0.838905 -0.797464
v -1.031631 0.891200 -0.797464
v -0.985995 0.838905 -0.797464
v -0.985995 0.891200 -0.732980
v -0.985995 0.838905 -0.732980
v -0.985995 0.891200 -0.797464
v -1.031631 0.838905 -0.732980
v -1.031631 0.838905 -0.797464
v -0.985995 0.838905 -0.797464
v -0.985995 0.838905 -0.732980
v -1.031631 0.838905 -0.732980
v -1.031631 0.891200 -0.797464
v -1.031631 0.838905 -0.797464
v -1.031631 0.891200 -0.732980
v -1.031631 0.891200 -0.797464
v -1.031631 0.891200 -0.732980
v -0.985995 0.891200 -0.732980
v -0.985995 0.891200 -0.797464
v -0.986150 0.838905 -0.806000
v -1.031785 0.936846 -0.806000
v -1.031785 0.838905 -0.806000
v -0.986150 0.936846 -0.806000
v -1.031785 0.838905 -0.855665
v -0.986150 0.936846 -0.855665
v -0.986150 0.838905 -0.855665
v -1.031785 0.936846 -0.855665
v -0.986150 0.838905 -0.855665
v -0.986150 0.936846 -0.806000
v -0.986150 0.838905 -0.806000
v -0.986150 0.936846 -0.855665
v -1.031785 0.838905 -0.806000
v -1.031785 0.838905 -0.855665
v -0.986150 0.838905 -0.855665
v -0.986150 0.838905 -0.806000
v -1.031785 0.838905 -0.806000
v -1.031785 0.936846 -0.855665
v -1.031785 0.838905 -0.855665
v -1.031785 0.936846 -0.806000
v -1.031785 0.936846 -0.855665
v -1.031785 0.936846 -0.806000
v -0.986150 0.936846 -0.806000
v -0.986150 0.936846 -0.855665
v -0.985995 0.838905 -0.865697
v -1.031631 0.896234 -0.865697
v -1.031631 0.838905 -0.865697
v -0.985995 0.896234 -0.865697
v -1.031631 0.838905 -0.930764
v -0.985995 0.896234 -0.930764
v -0.985995 0.838905 -0.930764
v -1.031631 0.896234 -0.930764
v -0.985995 0.838905 -0.930764
v -0.985995 0.896234 -0.865697
v -0.985995 0.838905 -0.865697
v -0.985995 0.896234 -0.930764
v -1.031631 0.838905 -0.865697
v -1.031631 0.838905 -0.930764
v -0.985995 0.838905 -0.930764
v -0.985995 0.838905 -0.865697
v -1.031631 0.838905 -0.865697
v -1.031631 0.896234 -0.930764
v -1.031631 0.838905 -0.930764
v -1.031631 0.896234 -0.865697
v -1.031631 0.896234 -0.930764
v -1.031631 0.896234 -0.865697
v -0.985995 0.896234 -0.865697
v -0.985995 0.896234 -0.930764
v -0.975535 0.838905 -0.938520
v -0.975535 0.891200 -0.984156
v -0.975535 0.838905 -0.984156
v -0.975535 0.891200 -0.938520
v -0.911052 0.838905 -0.984156
v -0.911052 0.891200 -0.938520
v -0.911052 0.838905 -0.938520
v -0.911052 0.891200 -0.984156
v -0.911052 0.838905 -0.938520
v -0.975535 0.891200 -0.938520
v -0.975535 0.838905 -0.938520
v -0.911052 0.891200 -0.938520
v -0.911052 0.838905 -0.938520
v -0.975535 0.838905 -0.984156
v -0.911052 0.838905 -0.984156
v -0.975535 0.838905 -0.938520
v -0.975535 0.838905 -0.984156
v -0.911052 0.891200 -0.984156
v -0.911052 0.838905 -0.984156
v -0.975535 0.891200 -0.984156
v -0.911052 0.891200 -0.938520
v -0.975535 0.891200 -0.984156
v -0.975535 0.891200 -0.938520
v -0.911052 0.891200 -0.984156
v -0.902515 0.838905 -0.938674
v -0.902515 0.936846 -0.984310
v -0.902515 0.838905 -0.984310
v -0.902515 0.936846 -0.938674
v -0.852850 0.838905 -0.984310
v -0.852850 0.936846 -0.938674
v -0.852850 0.838905 -0.938674
v -0.852850 0.936846 -0.984310
v -0.852850 0.838905 -0.938674
v -0.902515 0.936846 -0.938674
v -0.902515 0.838905 -0.938674
v -0.852850 0.936846 -0.938674
v -0.852850 0.838905 -0.938674
v -0.902515 0.838905 -0.984310
v -0.852850 0.838905 -0.984310
v -0.902515 0.838905 -0.938674
v -0.902515 0.838905 -0.984310
v -0.852850 0.936846 -0.984310
v -0.852850 0.838905 -0.984310
v -0.902515 0.936846 -0.984310
v -0.852850 0.936846 -0.938674
v -0.902515 0.936846 -0.984310
v -0.902515 0.936846 -0.938674
v -0.852850 0.936846 -0.984310
v -0.842818 0.838905 -0.938520
v -0.842818 0.896234 -0.984156
v -0.842818 0.838905 -0.984156
v -0.842818 0.896234 -0.938520
v -0.777751 0.838905 -0.984156
v -0.777751 0.896234 -0.938520
v -0.777751 0.838905 -0.938520
v -0.777751 0.896234 -0.984156
v -0.777751 0.838905 -0.938520
v -0.842818 0.896234 -0.938520
v -0.842818 0.838905 -0.938520
v -0.777751 0.896234 -0.938520
v -0.777751 0.838905 -0.938520
v -0.842818 0.838905 -0.984156
v -0.777751 0.838905 -0.984156
v -0.842818 0.838905 -0.938520
v -0.842818 0.838905 -0.984156
v -0.777751 0.896234 -0.984156
v -0.777751 0.838905 -0.984156
v -0.842818 0.896234 -0.984156
v -0.777751 0.896234 -0.984156
v -0.842818 0.896234 -0.938520
v -0.777751 0.896234 -0.938520
v -0.842818 0.896234 -0.984156
v -0.769995 0.838905 -0.928060
v -0.724360 0.891200 -0.928060
v -0.724360 0.838905 -0.928060
v -0.769995 0.891200 -0.928060
v -0.724360 0.838905 -0.863577
v -0.769995 0.891200 -0.863577
v -0.769995 0.838905 -0.863577
v -0.724360 0.891200 -0.863577
v -0.769995 0.838905 -0.863577
v -0.769995 0.891200 -0.928060
v -0.769995 0.838905 -0.928060
v -0.769995 0.891200 -0.863577
v -0.724360 0.838905 -0.928060
v -0.769995 0.838905 -0.863577
v -0.769995 0.838905 -0.928060
v -0.724360 0.838905 -0.863577
v -0.724360 0.838905 -0.928060
v -0.724360 0.891200 -0.863577
v -0.724360 0.838905 -0.863577
v -0.724360 0.891200 -0.928060
v -0.769995 0.891200 -0.863577
v -0.724360 0.891200 -0.928060
v -0.769995 0.891200 -0.928060
v -0.724360 0.891200 -0.863577
v -0.769841 0.838905 -0.855040
v -0.724205 0.936846 -0.855040
v -0.724205 0.838905 -0.855040
v -0.769841 0.936846 -0.855040
v -0.724205 0.838905 -0.805375
v -0.769841 0.936846 -0.805375
v -0.769841 0.838905 -0.805375
v -0.724205 0.936846 -0.805375
v -0.769841 0.838905 -0.805375
v -0.769841 0.936846 -0.855040
v -0.769841 0.838905 -0.855040
v -0.769841 0.936846 -0.805375
v -0.724205 0.838905 -0.855040
v -0.769841 0.838905 -0.805375
v -0.769841 0.838905 -0.855040
v -0.724205 0.838905 -0.805375
v -0.724205 0.838905 -0.855040
v -0.724205 0.936846 -0.805375
v -0.724205 0.838905 -0.805375
v -0.724205 0.936846 -0.855040
v -0.724205 0.936846 -0.805375
v -0.769841 0.936846 -0.855040
v -0.769841 0.936846 -0.805375
v -0.724205 0.936846 -0.855040
v -0.769995 0.838905 -0.795343
v -0.724360 0.896234 -0.795343
v -0.724360 0.838905 -0.795343
v -0.769995 0.896234 -0.795343
v -0.724360 0.838905 -0.730276
v -0.769995 0.896234 -0.730276
v -0.769995 0.838905 -0.730276
v -0.724360 0.896234 -0.730276
v -0.769995 0.838905 -0.730276
v -0.769995 0.896234 -0.795343
v -0.769995 0.838905 -0.795343
v -0.769995 0.896234 -0.730276
v -0.724360 0.838905 -0.795343
v -0.769995 0.838905 -0.730276
v -0.769995 0.838905 -0.795343
v -0.724360 0.838905 -0.730276
v -0.724360 0.838905 -0.795343
v -0.724360 0.896234 -0.730276
v -0.724360 0.838905 -0.730276
v -0.724360 0.896234 -0.795343
v -0.769995 0.896234 -0.730276
v -0.724360 0.896234 -0.795343
v -0.769995 0.896234 -0.795343
v -0.724360 0.896234 -0.730276
v -0.780456 0.838905 -0.722520
v -0.780456 0.891200 -0.676884
v -0.780456 0.838905 -0.676884
v -0.780456 0.891200 -0.722520
v -0.844939 0.838905 -0.676884
v -0.844939 0.891200 -0.722520
v -0.844939 0.838905 -0.722520
v -0.844939 0.891200 -0.676884
v -0.844939 0.838905 -0.722520
v -0.780456 0.891200 -0.722520
v -0.780456 0.838905 -0.722520
v -0.844939 0.891200 -0.722520
v -0.780456 0.838905 -0.676884
v -0.844939 0.838905 -0.722520
v -0.780456 0.838905 -0.722520
v -0.844939 0.838905 -0.676884
v -0.780456 0.838905 -0.676884
v -0.844939 0.891200 -0.676884
v -0.844939 0.838905 -0.676884
v -0.780456 0.891200 -0.676884
v -0.780456 0.891200 -0.722520
v -0.844939 0.891200 -0.722520
v -0.844939 0.891200 -0.676884
v -0.780456 0.891200 -0.676884
v -0.853475 0.838905 -0.722366
v -0.853475 0.936846 -0.676730
v -0.853475 0.838905 -0.676730
v -0.853475 0.936846 -0.722366
v -0.903141 0.838905 -0.676730
v -0.903141 0.936846 -0.722366
v -0.903141 0.838905 -0.722366
v -0.903141 0.936846 -0.676730
v -0.903141 0.838905 -0.722366
v -0.853475 0.936846 -0.722366
v -0.853475 0.838905 -0.722366
v -0.903141 0.936846 -0.722366
v -0.853475 0.838905 -0.676730
v -0.903141 0.838905 -0.722366
v -0.853475 0.838905 -0.722366
v -0.903141 0.838905 -0.676730
v -0.853475 0.838905 -0.676730
v -0.903141 0.936846 -0.676730
v -0.903141 0.838905 -0.676730
v -0.853475 0.936846 -0.676730
v -0.853475 0.936846 -0.722366
v -0.903141 0.936846 -0.676730
v -0.853475 0.936846 -0.676730
v -0.903141 0.936846 -0.722366
v -0.913172 0.838905 -0.722520
v -0.913172 0.896234 -0.676884
v -0.913172 0.838905 -0.676884
v -0.913172 0.896234 -0.722520
v -0.978239 0.838905 -0.676884
v -0.978239 0.896234 -0.722520
v -0.978239 0.838905 -0.722520
v -0.978239 0.896234 -0.676884
v -0.978239 0.838905 -0.722520
v -0.913172 0.896234 -0.722520
v -0.913172 0.838905 -0.722520
v -0.978239 0.896234 -0.722520
v -0.913172 0.838905 -0.676884
v -0.978239 0.838905 -0.722520
v -0.913172 0.838905 -0.722520
v -0.978239 0.838905 -0.676884
v -0.913172 0.838905 -0.676884
v -0.978239 0.896234 -0.676884
v -0.978239 0.838905 -0.676884
v -0.913172 0.896234 -0.676884
v -0.913172 0.896234 -0.722520
v -0.978239 0.896234 -0.676884
v -0.913172 0.896234 -0.676884
v -0.978239 0.896234 -0.722520
v -0.986150 0.838905 -0.935050
v -1.031785 0.936846 -0.935050
v -1.031785 0.838905 -0.935050
v -0.986150 0.936846 -0.935050
v -1.031785 0.838905 -0.984715
v -0.986150 0.936846 -0.984715
v -0.986150 0.838905 -0.984715
v -1.031785 0.936846 -0.984715
v -0.986150 0.838905 -0.984715
v -0.986150 0.936846 -0.935050
v -0.986150 0.838905 -0.935050
v -0.986150 0.936846 -0.984715
v -1.031785 0.838905 -0.984715
v -0.986150 0.838905 -0.935050
v -1.031785 0.838905 -0.935050
v -0.986150 0.838905 -0.984715
v -1.031785 0.838905 -0.935050
v -1.031785 0.936846 -0.984715
v -1.031785 0.838905 -0.984715
v -1.031785 0.936846 -0.935050
v -1.031785 0.936846 -0.984715
v -1.031785 0.936846 -0.935050
v -0.986150 0.936846 -0.935050
v -0.986150 0.936846 -0.984715
v -1.013507 0.837192 -0.912095
v -0.981489 0.837192 -0.961760
v -1.013507 0.837192 -0.961760
v -0.981489 0.837192 -0.912095
v -0.981489 0.794512 -0.961760
v -1.013507 0.794512 -0.912095
v -1.013507 0.794512 -0.961760
v -0.981489 0.794512 -0.912095
v -1.013507 0.794512 -0.912095
v -1.013507 0.837192 -0.961760
v -1.013507 0.794512 -0.961760
v -1.013507 0.837192 -0.912095
v -0.981489 0.794512 -0.912095
v -1.013507 0.837192 -0.912095
v -1.013507 0.794512 -0.912095
v -0.981489 0.837192 -0.912095
v -0.981489 0.794512 -0.961760
v -0.981489 0.837192 -0.912095
v -0.981489 0.794512 -0.912095
v -0.981489 0.837192 -0.961760
v -1.013507 0.794512 -0.961760
v -0.981489 0.837192 -0.961760
v -0.981489 0.794512 -0.961760
v -1.013507 0.837192 -0.961760
v -0.785164 0.472353 -0.727462
v -0.742484 0.527357 -0.727462
v -0.742484 0.472353 -0.727462
v -0.785164 0.527357 -0.727462
v -0.785164 0.527357 -0.727462
v -0.785164 0.527357 -0.696591
v -0.742484 0.527357 -0.696591
v -0.742484 0.527357 -0.727462
v -0.742484 0.472353 -0.727462
v -0.742484 0.527357 -0.696591
v -0.742484 0.472353 -0.696591
v -0.742484 0.527357 -0.727462
v -0.742484 0.472353 -0.696591
v -0.785164 0.527357 -0.696591
v -0.785164 0.472353 -0.696591
v -0.742484 0.527357 -0.696591
v -0.785164 0.472353 -0.696591
v -0.785164 0.527357 -0.727462
v -0.785164 0.472353 -0.727462
v -0.785164 0.527357 -0.696591
v -0.785164 0.472353 -0.696591
v -0.785164 0.472353 -0.727462
v -0.742484 0.472353 -0.727462
v -0.742484 0.472353 -0.696591
v -1.013507 0.370124 -0.912095
v -0.981489 0.370124 -0.961760
v -1.013507 0.370124 -0.961760
v -0.981489 0.370124 -0.912095
v -0.981489 0.327443 -0.961760
v -1.013507 0.327443 -0.912095
v -1.013507 0.327443 -0.961760
v -0.981489 0.327443 -0.912095
v -1.013507 0.327443 -0.912095
v -1.013507 0.370124 -0.961760
v -1.013507 0.327443 -0.961760
v -1.013507 0.370124 -0.912095
v -0.981489 0.327443 -0.912095
v -1.013507 0.370124 -0.912095
v -1.013507 0.327443 -0.912095
v -0.981489 0.370124 -0.912095
v -0.981489 0.327443 -0.961760
v -0.981489 0.370124 -0.912095
v -0.981489 0.327443 -0.912095
v -0.981489 0.370124 -0.961760
v -1.013507 0.327443 -0.961760
v -0.981489 0.370124 -0.961760
v -0.981489 0.327443 -0.961760
v -1.013507 0.370124 -0.961760
v -1.013507 0.326342 -0.922325
v -0.978614 0.326342 -0.965006
v -1.013507 0.326342 -0.965006
v -0.978614 0.326342 -0.922325
v -0.978614 0.283662 -0.965006
v -1.013507 0.283662 -0.922325
v -1.013507 0.283662 -0.965006
v -0.978614 0.283662 -0.922325
v -1.013507 0.283662 -0.922325
v -1.013507 0.326342 -0.965006
v -1.013507 0.283662 -0.965006
v -1.013507 0.326342 -0.922325
v -0.978614 0.283662 -0.922325
v -1.013507 0.326342 -0.922325
v -1.013507 0.283662 -0.922325
v -0.978614 0.326342 -0.922325
v -0.978614 0.283662 -0.965006
v -0.978614 0.326342 -0.922325
v -0.978614 0.283662 -0.922325
v -0.978614 0.326342 -0.965006
v -1.013507 0.283662 -0.965006
v -0.978614 0.326342 -0.965006
v -0.978614 0.283662 -0.965006
v -1.013507 0.326342 -0.965006
v -1.013507 0.281628 -0.912095
v -0.981489 0.281628 -0.961760
v -1.013507 0.281628 -0.961760
v -0.981489 0.281628 -0.912095
v -0.981489 0.238947 -0.961760
v -1.013507 0.238947 -0.912095
v -1.013507 0.238947 -0.961760
v -0.981489 0.238947 -0.912095
v -1.013507 0.238947 -0.912095
v -1.013507 0.281628 -0.961760
v -1.013507 0.238947 -0.961760
v -1.013507 0.281628 -0.912095
v -0.981489 0.238947 -0.912095
v -1.013507 0.281628 -0.912095
v -1.013507 0.238947 -0.912095
v -0.981489 0.281628 -0.912095
v -0.981489 0.238947 -0.961760
v -0.981489 0.281628 -0.912095
v -0.981489 0.238947 -0.912095
v -0.981489 0.281628 -0.961760
v -1.013507 0.238947 -0.961760
v -0.981489 0.281628 -0.961760
v -0.981489 0.238947 -0.961760
v -1.013507 0.281628 -0.961760
v -0.970827 0.237846 -0.933578
v -1.013507 0.237846 -0.964449
v -1.013507 0.237846 -0.933578
v -0.970827 0.237846 -0.964449
v -0.970827 0.182842 -0.964449
v -1.013507 0.182842 -0.933578
v -1.013507 0.182842 -0.964449
v -0.970827 0.182842 -0.933578
v -1.013507 0.182842 -0.933578
v -1.013507 0.237846 -0.964449
v -1.013507 0.182842 -0.964449
v -1.013507 0.237846 -0.933578
v -0.970827 0.182842 -0.933578
v -1.013507 0.237846 -0.933578
v -1.013507 0.182842 -0.933578
v -0.970827 0.237846 -0.933578
v -0.970827 0.182842 -0.964449
v -0.970827 0.237846 -0.933578
v -0.970827 0.182842 -0.933578
v -0.970827 0.237846 -0.964449
v -1.013507 0.182842 -0.964449
v -0.970827 0.237846 -0.964449
v -0.970827 0.182842 -0.964449
v -1.013507 0.237846 -0.964449
v -1.031785 0.838905 -0.726874
v -0.986150 0.936846 -0.726874
v -0.986150 0.838905 -0.726874
v -1.031785 0.936846 -0.726874
v -1.031785 0.936846 -0.726874
v -1.031785 0.936846 -0.677209
v -0.986150 0.936846 -0.677209
v -0.986150 0.936846 -0.726874
v -0.986150 0.838905 -0.726874
v -0.986150 0.936846 -0.677209
v -0.986150 0.838905 -0.677209
v -0.986150 0.936846 -0.726874
v -0.986150 0.838905 -0.677209
v -1.031785 0.936846 -0.677209
v -1.031785 0.838905 -0.677209
v -0.986150 0.936846 -0.677209
v -1.031785 0.838905 -0.677209
v -1.031785 0.936846 -0.726874
v -1.031785 0.838905 -0.726874
v -1.031785 0.936846 -0.677209
v -1.031785 0.838905 -0.677209
v -1.031785 0.838905 -0.726874
v -0.986150 0.838905 -0.726874
v -0.986150 0.838905 -0.677209
v -0.981489 0.837192 -0.748945
v -1.013507 0.837192 -0.699280
v -0.981489 0.837192 -0.699280
v -1.013507 0.837192 -0.748945
v -0.981489 0.794512 -0.699280
v -1.013507 0.794512 -0.748945
v -0.981489 0.794512 -0.748945
v -1.013507 0.794512 -0.699280
v -1.013507 0.837192 -0.699280
v -1.013507 0.794512 -0.748945
v -1.013507 0.794512 -0.699280
v -1.013507 0.837192 -0.748945
v -1.013507 0.837192 -0.748945
v -0.981489 0.837192 -0.748945
v -0.981489 0.794512 -0.748945
v -1.013507 0.794512 -0.748945
v -0.981489 0.837192 -0.748945
v -0.981489 0.837192 -0.699280
v -0.981489 0.794512 -0.699280
v -0.981489 0.794512 -0.748945
v -0.981489 0.837192 -0.699280
v -1.013507 0.794512 -0.699280
v -0.981489 0.794512 -0.699280
v -1.013507 0.837192 -0.699280
v -0.774501 0.528459 -0.748945
v -0.742484 0.571139 -0.748945
v -0.742484 0.528459 -0.748945
v -0.774501 0.571139 -0.748945
v -0.774501 0.571139 -0.699280
v -0.742484 0.571139 -0.748945
v -0.774501 0.571139 -0.748945
v -0.742484 0.571139 -0.699280
v -0.742484 0.528459 -0.748945
v -0.742484 0.571139 -0.699280
v -0.742484 0.528459 -0.699280
v -0.742484 0.571139 -0.748945
v -0.742484 0.528459 -0.699280
v -0.774501 0.571139 -0.699280
v -0.774501 0.528459 -0.699280
v -0.742484 0.571139 -0.699280
v -0.774501 0.528459 -0.699280
v -0.774501 0.571139 -0.748945
v -0.774501 0.528459 -0.748945
v -0.774501 0.571139 -0.699280
v -0.774501 0.528459 -0.699280
v -0.774501 0.528459 -0.748945
v -0.742484 0.528459 -0.748945
v -0.742484 0.528459 -0.699280
v -0.981489 0.370124 -0.748945
v -1.013507 0.370124 -0.699280
v -0.981489 0.370124 -0.699280
v -1.013507 0.370124 -0.748945
v -0.981489 0.327443 -0.699280
v -1.013507 0.327443 -0.748945
v -0.981489 0.327443 -0.748945
v -1.013507 0.327443 -0.699280
v -1.013507 0.370124 -0.699280
v -1.013507 0.327443 -0.748945
v -1.013507 0.327443 -0.699280
v -1.013507 0.370124 -0.748945
v -1.013507 0.370124 -0.748945
v -0.981489 0.327443 -0.748945
v -1.013507 0.327443 -0.748945
v -0.981489 0.370124 -0.748945
v -0.981489 0.370124 -0.748945
v -0.981489 0.370124 -0.699280
v -0.981489 0.327443 -0.699280
v -0.981489 0.327443 -0.748945
v -0.981489 0.370124 -0.699280
v -1.013507 0.327443 -0.699280
v -0.981489 0.327443 -0.699280
v -1.013507 0.370124 -0.699280
v -0.978614 0.326342 -0.738715
v -1.013507 0.326342 -0.696034
v -0.978614 0.326342 -0.696034
v -1.013507 0.326342 -0.738715
v -0.978614 0.283662 -0.696034
v -1.013507 0.283662 -0.738715
v -0.978614 0.283662 -0.738715
v -1.013507 0.283662 -0.696034
v -1.013507 0.326342 -0.696034
v -1.013507 0.283662 -0.738715
v -1.013507 0.283662 -0.696034
v -1.013507 0.326342 -0.738715
v -1.013507 0.326342 -0.738715
v -0.978614 0.283662 -0.738715
v -1.013507 0.283662 -0.738715
v -0.978614 0.326342 -0.738715
v -0.978614 0.326342 -0.738715
v -0.978614 0.326342 -0.696034
v -0.978614 0.283662 -0.696034
v -0.978614 0.283662 -0.738715
v -0.978614 0.326342 -0.696034
v -1.013507 0.283662 -0.696034
v -0.978614 0.283662 -0.696034
v -1.013507 0.326342 -0.696034
v -0.981489 0.281628 -0.748945
v -1.013507 0.281628 -0.699280
v -0.981489 0.281628 -0.699280
v -1.013507 0.281628 -0.748945
v -0.981489 0.238947 -0.699280
v -1.013507 0.238947 -0.748945
v -0.981489 0.238947 -0.748945
v -1.013507 0.238947 -0.699280
v -1.013507 0.281628 -0.699280
v -1.013507 0.281628 -0.748945
v -1.013507 0.238947 -0.748945
v -1.013507 0.238947 -0.699280
v -1.013507 0.281628 -0.748945
v -0.981489 0.281628 -0.748945
v -0.981489 0.238947 -0.748945
v -1.013507 0.238947 -0.748945
v -0.981489 0.281628 -0.748945
v -0.981489 0.281628 -0.699280
v -0.981489 0.238947 -0.699280
v -0.981489 0.238947 -0.748945
v -0.981489 0.281628 -0.699280
v -1.013507 0.281628 -0.699280
v -1.013507 0.238947 -0.699280
v -0.981489 0.238947 -0.699280
v -0.970826 0.237846 -0.727462
v -1.013507 0.237846 -0.696591
v -0.970826 0.237846 -0.696591
v -1.013507 0.237846 -0.727462
v -0.970826 0.182842 -0.696591
v -1.013507 0.182842 -0.727461
v -0.970826 0.182842 -0.727461
v -1.013507 0.182842 -0.696591
v -1.013507 0.237846 -0.696591
v -1.013507 0.182842 -0.727461
v -1.013507 0.182842 -0.696591
v -1.013507 0.237846 -0.727462
v -1.013507 0.237846 -0.727462
v -0.970826 0.237846 -0.727462
v -0.970826 0.182842 -0.727461
v -1.013507 0.182842 -0.727461
v -0.970826 0.237846 -0.727462
v -0.970826 0.182842 -0.696591
v -0.970826 0.182842 -0.727461
v -0.970826 0.237846 -0.696591
v -0.970826 0.237846 -0.696591
v -1.013507 0.237846 -0.696591
v -1.013507 0.182842 -0.696591
v -0.970826 0.182842 -0.696591
v -0.767092 0.838905 -0.984715
v -0.721457 0.936846 -0.984715
v -0.721457 0.838905 -0.984715
v -0.767092 0.936846 -0.984715
v -0.767092 0.936846 -0.984715
v -0.767092 0.936846 -0.935050
v -0.721457 0.936846 -0.935050
v -0.721457 0.936846 -0.984715
v -0.721457 0.838905 -0.984715
v -0.721457 0.936846 -0.935050
v -0.721457 0.838905 -0.935050
v -0.721457 0.936846 -0.984715
v -0.721457 0.838905 -0.935050
v -0.767092 0.936846 -0.935050
v -0.767092 0.838905 -0.935050
v -0.721457 0.936846 -0.935050
v -0.767092 0.838905 -0.935050
v -0.767092 0.936846 -0.984715
v -0.767092 0.838905 -0.984715
v -0.767092 0.936846 -0.935050
v -0.767092 0.838905 -0.984715
v -0.721457 0.838905 -0.935050
v -0.767092 0.838905 -0.935050
v -0.721457 0.838905 -0.984715
v -0.742484 0.837192 -0.961760
v -0.774501 0.837192 -0.961760
v -0.774501 0.837192 -0.912095
v -0.742484 0.837192 -0.912095
v -0.742484 0.794512 -0.912095
v -0.774501 0.794512 -0.912095
v -0.774501 0.794512 -0.961760
v -0.742484 0.794512 -0.961760
v -0.742484 0.837192 -0.961760
v -0.742484 0.837192 -0.912095
v -0.742484 0.794512 -0.912095
v -0.742484 0.794512 -0.961760
v -0.742484 0.837192 -0.912095
v -0.774501 0.837192 -0.912095
v -0.774501 0.794512 -0.912095
v -0.742484 0.794512 -0.912095
v -0.774501 0.837192 -0.912095
v -0.774501 0.837192 -0.961760
v -0.774501 0.794512 -0.961760
v -0.774501 0.794512 -0.912095
v -0.774501 0.837192 -0.961760
v -0.742484 0.837192 -0.961760
v -0.742484 0.794512 -0.961760
v -0.774501 0.794512 -0.961760
v -0.777376 0.573173 -0.738715
v -0.742484 0.615853 -0.738715
v -0.742484 0.573173 -0.738715
v -0.777376 0.615853 -0.738715
v -0.777376 0.615853 -0.738715
v -0.777376 0.615853 -0.696035
v -0.742484 0.615853 -0.696035
v -0.742484 0.615853 -0.738715
v -0.742484 0.573173 -0.738715
v -0.742484 0.615853 -0.696035
v -0.742484 0.573173 -0.696035
v -0.742484 0.615853 -0.738715
v -0.742484 0.573173 -0.696035
v -0.777376 0.615853 -0.696035
v -0.777376 0.573173 -0.696035
v -0.742484 0.615853 -0.696035
v -0.777376 0.573173 -0.696035
v -0.777376 0.615853 -0.738715
v -0.777376 0.573173 -0.738715
v -0.777376 0.615853 -0.696035
v -0.777376 0.573173 -0.696035
v -0.777376 0.573173 -0.738715
v -0.742484 0.573173 -0.738715
v -0.742484 0.573173 -0.696035
v -0.742484 0.370124 -0.961760
v -0.774501 0.370124 -0.961760
v -0.774501 0.370124 -0.912095
v -0.742484 0.370124 -0.912095
v -0.742484 0.327443 -0.912095
v -0.774501 0.327443 -0.912095
v -0.774501 0.327443 -0.961760
v -0.742484 0.327443 -0.961760
v -0.742484 0.370124 -0.961760
v -0.742484 0.370124 -0.912095
v -0.742484 0.327443 -0.912095
v -0.742484 0.327443 -0.961760
v -0.742484 0.370124 -0.912095
v -0.774501 0.327443 -0.912095
v -0.742484 0.327443 -0.912095
v -0.774501 0.370124 -0.912095
v -0.774501 0.370124 -0.912095
v -0.774501 0.370124 -0.961760
v -0.774501 0.327443 -0.961760
v -0.774501 0.327443 -0.912095
v -0.774501 0.370124 -0.961760
v -0.742484 0.370124 -0.961760
v -0.742484 0.327443 -0.961760
v -0.774501 0.327443 -0.961760
v -0.742484 0.326342 -0.965006
v -0.777376 0.326342 -0.965006
v -0.777376 0.326342 -0.922325
v -0.742484 0.326342 -0.922325
v -0.742484 0.283662 -0.922325
v -0.777376 0.283662 -0.922325
v -0.777376 0.283662 -0.965006
v -0.742484 0.283662 -0.965006
v -0.742484 0.326342 -0.965006
v -0.742484 0.326342 -0.922325
v -0.742484 0.283662 -0.922325
v -0.742484 0.283662 -0.965006
v -0.742484 0.326342 -0.922325
v -0.777376 0.326342 -0.922325
v -0.777376 0.283662 -0.922325
v -0.742484 0.283662 -0.922325
v -0.777376 0.326342 -0.922325
v -0.777376 0.326342 -0.965006
v -0.777376 0.283662 -0.965006
v -0.777376 0.283662 -0.922325
v -0.777376 0.326342 -0.965006
v -0.742484 0.326342 -0.965006
v -0.742484 0.283662 -0.965006
v -0.777376 0.283662 -0.965006
v -0.742484 0.281628 -0.961760
v -0.774501 0.281628 -0.961760
v -0.774501 0.281628 -0.912095
v -0.742484 0.281628 -0.912095
v -0.742484 0.238947 -0.912095
v -0.774501 0.238947 -0.961760
v -0.742484 0.238947 -0.961760
v -0.774501 0.238947 -0.912095
v -0.742484 0.281628 -0.961760
v -0.742484 0.281628 -0.912095
v -0.742484 0.238947 -0.912095
v -0.742484 0.238947 -0.961760
v -0.742484 0.281628 -0.912095
v -0.774501 0.281628 -0.912095
v -0.774501 0.238947 -0.912095
v -0.742484 0.238947 -0.912095
v -0.774501 0.281628 -0.912095
v -0.774501 0.281628 -0.961760
v -0.774501 0.238947 -0.961760
v -0.774501 0.238947 -0.912095
v -0.774501 0.281628 -0.961760
v -0.742484 0.281628 -0.961760
v -0.742484 0.238947 -0.961760
v -0.774501 0.238947 -0.961760
v -0.742484 0.237846 -0.964449
v -0.785164 0.237846 -0.964449
v -0.785164 0.237846 -0.933579
v -0.742484 0.237846 -0.933579
v -0.742484 0.182842 -0.933579
v -0.785164 0.182842 -0.933579
v -0.785164 0.182842 -0.964449
v -0.742484 0.182842 -0.964449
v -0.742484 0.237846 -0.964449
v -0.742484 0.182842 -0.933579
v -0.742484 0.182842 -0.964449
v -0.742484 0.237846 -0.933579
v -0.742484 0.237846 -0.933579
v -0.785164 0.182842 -0.933579
v -0.742484 0.182842 -0.933579
v -0.785164 0.237846 -0.933579
v -0.785164 0.237846 -0.933579
v -0.785164 0.182842 -0.964449
v -0.785164 0.182842 -0.933579
v -0.785164 0.237846 -0.964449
v -0.785164 0.237846 -0.964449
v -0.742484 0.237846 -0.964449
v -0.742484 0.182842 -0.964449
v -0.785164 0.182842 -0.964449
v -0.767092 0.936846 -0.726874
v -0.767092 0.936846 -0.677209
v -0.721457 0.936846 -0.677209
v -0.721457 0.936846 -0.726874
v -0.767092 0.838905 -0.677209
v -0.767092 0.838905 -0.726874
v -0.721457 0.838905 -0.726874
v -0.721457 0.838905 -0.677209
v -0.721457 0.838905 -0.726874
v -0.721457 0.936846 -0.677209
v -0.721457 0.838905 -0.677209
v -0.721457 0.936846 -0.726874
v -0.767092 0.838905 -0.726874
v -0.721457 0.936846 -0.726874
v -0.721457 0.838905 -0.726874
v -0.767092 0.936846 -0.726874
v -0.767092 0.838905 -0.677209
v -0.767092 0.936846 -0.726874
v -0.767092 0.838905 -0.726874
v -0.767092 0.936846 -0.677209
v -0.721457 0.838905 -0.677209
v -0.767092 0.936846 -0.677209
v -0.767092 0.838905 -0.677209
v -0.721457 0.936846 -0.677209
v -0.774501 0.837192 -0.699280
v -0.742484 0.837192 -0.748945
v -0.774501 0.837192 -0.748945
v -0.742484 0.837192 -0.699280
v -0.774501 0.794512 -0.699280
v -0.774501 0.794512 -0.748945
v -0.742484 0.794512 -0.748945
v -0.742484 0.794512 -0.699280
v -0.742484 0.794512 -0.748945
v -0.742484 0.837192 -0.699280
v -0.742484 0.794512 -0.699280
v -0.742484 0.837192 -0.748945
v -0.774501 0.794512 -0.748945
v -0.742484 0.837192 -0.748945
v -0.742484 0.794512 -0.748945
v -0.774501 0.837192 -0.748945
v -0.774501 0.794512 -0.699280
v -0.774501 0.837192 -0.748945
v -0.774501 0.794512 -0.748945
v -0.774501 0.837192 -0.699280
v -0.742484 0.794512 -0.699280
v -0.774501 0.837192 -0.699280
v -0.774501 0.794512 -0.699280
v -0.742484 0.837192 -0.699280
v -0.774501 0.616955 -0.748945
v -0.742484 0.659635 -0.748945
v -0.742484 0.616955 -0.748945
v -0.774501 0.659635 -0.748945
v -0.774501 0.659635 -0.699280
v -0.742484 0.659635 -0.748945
v -0.774501 0.659635 -0.748945
v -0.742484 0.659635 -0.699280
v -0.742484 0.616955 -0.748945
v -0.742484 0.659635 -0.699280
v -0.742484 0.616955 -0.699280
v -0.742484 0.659635 -0.748945
v -0.742484 0.616955 -0.699280
v -0.774501 0.659635 -0.699280
v -0.774501 0.616955 -0.699280
v -0.742484 0.659635 -0.699280
v -0.774501 0.616955 -0.699280
v -0.774501 0.659635 -0.748945
v -0.774501 0.616955 -0.748945
v -0.774501 0.659635 -0.699280
v -0.774501 0.616955 -0.699280
v -0.774501 0.616955 -0.748945
v -0.742484 0.616955 -0.748945
v -0.742484 0.616955 -0.699280
v -0.774501 0.370124 -0.699280
v -0.742484 0.370124 -0.748945
v -0.774501 0.370124 -0.748945
v -0.742484 0.370124 -0.699280
v -0.774501 0.327443 -0.699280
v -0.774501 0.327443 -0.748945
v -0.742484 0.327443 -0.748945
v -0.742484 0.327443 -0.699280
v -0.742484 0.327443 -0.748945
v -0.742484 0.370124 -0.699280
v -0.742484 0.327443 -0.699280
v -0.742484 0.370124 -0.748945
v -0.774501 0.327443 -0.748945
v -0.742484 0.370124 -0.748945
v -0.742484 0.327443 -0.748945
v -0.774501 0.370124 -0.748945
v -0.774501 0.327443 -0.699280
v -0.774501 0.370124 -0.748945
v -0.774501 0.327443 -0.748945
v -0.774501 0.370124 -0.699280
v -0.742484 0.327443 -0.699280
v -0.774501 0.370124 -0.699280
v -0.774501 0.327443 -0.699280
v -0.742484 0.370124 -0.699280
v -0.777376 0.326342 -0.738715
v -0.777376 0.326342 -0.696035
v -0.742484 0.326342 -0.696035
v -0.742484 0.326342 -0.738715
v -0.777376 0.283662 -0.696035
v -0.777376 0.283662 -0.738715
v -0.742484 0.283662 -0.738715
v -0.742484 0.283662 -0.696035
v -0.742484 0.283662 -0.738715
v -0.742484 0.326342 -0.696035
v -0.742484 0.283662 -0.696035
v -0.742484 0.326342 -0.738715
v -0.777376 0.283662 -0.738715
v -0.742484 0.326342 -0.738715
v -0.742484 0.283662 -0.738715
v -0.777376 0.326342 -0.738715
v -0.777376 0.283662 -0.696035
v -0.777376 0.326342 -0.738715
v -0.777376 0.283662 -0.738715
v -0.777376 0.326342 -0.696035
v -0.742484 0.283662 -0.696035
v -0.777376 0.326342 -0.696035
v -0.777376 0.283662 -0.696035
v -0.742484 0.326342 -0.696035
v -0.774501 0.281628 -0.699280
v -0.742484 0.281628 -0.748945
v -0.774501 0.281628 -0.748945
v -0.742484 0.281628 -0.699280
v -0.774501 0.238947 -0.699280
v -0.774501 0.238947 -0.748945
v -0.742484 0.238947 -0.748945
v -0.742484 0.238947 -0.699280
v -0.742484 0.238947 -0.748945
v -0.742484 0.281628 -0.699280
v -0.742484 0.238947 -0.699280
v -0.742484 0.281628 -0.748945
v -0.774501 0.238947 -0.748945
v -0.742484 0.281628 -0.748945
v -0.742484 0.238947 -0.748945
v -0.774501 0.281628 -0.748945
v -0.774501 0.238947 -0.699280
v -0.774501 0.281628 -0.748945
v -0.774501 0.238947 -0.748945
v -0.774501 0.281628 -0.699280
v -0.742484 0.238947 -0.699280
v -0.774501 0.281628 -0.699280
v -0.774501 0.238947 -0.699280
v -0.742484 0.281628 -0.699280
v -0.785164 0.237846 -0.727462
v -0.785164 0.237846 -0.696591
v -0.742484 0.237846 -0.696591
v -0.742484 0.237846 -0.727462
v -0.785164 0.182842 -0.696591
v -0.785164 0.182842 -0.727462
v -0.742484 0.182842 -0.727462
v -0.742484 0.182842 -0.696591
v -0.742484 0.182842 -0.727462
v -0.742484 0.237846 -0.696591
v -0.742484 0.182842 -0.696591
v -0.742484 0.237846 -0.727462
v -0.785164 0.182842 -0.727462
v -0.742484 0.237846 -0.727462
v -0.742484 0.182842 -0.727462
v -0.785164 0.237846 -0.727462
v -0.785164 0.182842 -0.696591
v -0.785164 0.237846 -0.727462
v -0.785164 0.182842 -0.727462
v -0.785164 0.237846 -0.696591
v -0.742484 0.182842 -0.696591
v -0.785164 0.237846 -0.696591
v -0.785164 0.182842 -0.696591
v -0.742484 0.237846 -0.696591
v -0.439317 0.181837 0.707692
v -0.407300 0.181837 0.658027
v -0.439318 0.181837 0.658027
v -0.407300 0.181837 0.707692
v -0.407300 0.139156 0.658027
v -0.439317 0.139156 0.707692
v -0.439318 0.139156 0.658027
v -0.407300 0.139156 0.707692
v -0.439317 0.139156 0.707692
v -0.439318 0.181837 0.658027
v -0.439318 0.139156 0.658027
v -0.439317 0.181837 0.707692
v -0.407300 0.139156 0.707692
v -0.439317 0.181837 0.707692
v -0.439317 0.139156 0.707692
v -0.407300 0.181837 0.707692
v -0.407300 0.139156 0.658027
v -0.407300 0.181837 0.707692
v -0.407300 0.139156 0.707692
v -0.407300 0.181837 0.658027
v -0.439318 0.139156 0.658027
v -0.407300 0.181837 0.658027
v -0.407300 0.139156 0.658027
v -0.439318 0.181837 0.658027
v -0.396637 0.138055 0.686209
v -0.439318 0.138055 0.655338
v -0.439318 0.138055 0.686209
v -0.396637 0.138055 0.655338
v -0.439318 0.083051 0.655338
v -0.396637 0.083051 0.686209
v -0.439318 0.083051 0.686209
v -0.396637 0.083051 0.655338
v -0.439318 0.083051 0.686209
v -0.439318 0.138055 0.655338
v -0.439318 0.083051 0.655338
v -0.439318 0.138055 0.686209
v -0.396637 0.083051 0.686209
v -0.439318 0.138055 0.686209
v -0.439318 0.083051 0.686209
v -0.396637 0.138055 0.686209
v -0.396637 0.083051 0.655338
v -0.396637 0.138055 0.686209
v -0.396637 0.083051 0.686209
v -0.396637 0.138055 0.655338
v -0.439318 0.083051 0.655338
v -0.396637 0.138055 0.655338
v -0.396637 0.083051 0.655338
v -0.439318 0.138055 0.655338
v -0.407300 0.181837 0.870842
v -0.439317 0.181837 0.920507
v -0.407300 0.181837 0.920507
v -0.439317 0.181837 0.870842
v -0.407300 0.139156 0.920507
v -0.439317 0.139156 0.870842
v -0.407300 0.139156 0.870842
v -0.439317 0.139156 0.920507
v -0.439317 0.181837 0.920507
v -0.439317 0.181837 0.870842
v -0.439317 0.139156 0.870842
v -0.439317 0.139156 0.920507
v -0.439317 0.181837 0.870842
v -0.407300 0.181837 0.870842
v -0.407300 0.139156 0.870842
v -0.439317 0.139156 0.870842
v -0.407300 0.181837 0.870842
v -0.407300 0.181837 0.920507
v -0.407300 0.139156 0.920507
v -0.407300 0.139156 0.870842
v -0.407300 0.181837 0.920507
v -0.439317 0.181837 0.920507
v -0.439317 0.139156 0.920507
v -0.407300 0.139156 0.920507
v -0.396637 0.138055 0.892326
v -0.439317 0.138055 0.923196
v -0.396637 0.138055 0.923196
v -0.439317 0.138055 0.892326
v -0.396637 0.083051 0.923196
v -0.439317 0.083051 0.892326
v -0.396637 0.083051 0.892326
v -0.439317 0.083051 0.923196
v -0.439317 0.138055 0.923196
v -0.439317 0.083051 0.892326
v -0.439317 0.083051 0.923196
v -0.439317 0.138055 0.892326
v -0.439317 0.138055 0.892326
v -0.396637 0.138055 0.892326
v -0.396637 0.083051 0.892326
v -0.439317 0.083051 0.892326
v -0.396637 0.138055 0.892326
v -0.396637 0.083051 0.923196
v -0.396637 0.083051 0.892326
v -0.396637 0.138055 0.923196
v -0.396637 0.138055 0.923196
v -0.439317 0.138055 0.923196
v -0.439317 0.083051 0.923196
v -0.396637 0.083051 0.923196
v -0.168295 0.181837 0.658027
v -0.200312 0.181837 0.658027
v -0.200312 0.181837 0.707692
v -0.168295 0.181837 0.707692
v -0.168295 0.139156 0.658027
v -0.200312 0.139156 0.707692
v -0.200312 0.139156 0.658027
v -0.168295 0.139156 0.707692
v -0.168295 0.181837 0.658027
v -0.168295 0.181837 0.707692
v -0.168295 0.139156 0.707692
v -0.168295 0.139156 0.658027
v -0.168295 0.181837 0.707692
v -0.200312 0.181837 0.707692
v -0.200312 0.139156 0.707692
v -0.168295 0.139156 0.707692
v -0.200312 0.181837 0.707692
v -0.200312 0.181837 0.658027
v -0.200312 0.139156 0.658027
v -0.200312 0.139156 0.707692
v -0.200312 0.181837 0.658027
v -0.168295 0.181837 0.658027
v -0.168295 0.139156 0.658027
v -0.200312 0.139156 0.658027
v -0.168295 0.138055 0.686208
v -0.210975 0.138055 0.655338
v -0.210975 0.138055 0.686208
v -0.168295 0.138055 0.655338
v -0.168295 0.083051 0.686208
v -0.210975 0.083051 0.686208
v -0.210975 0.083051 0.655338
v -0.168295 0.083051 0.655338
v -0.168295 0.138055 0.655338
v -0.168295 0.083051 0.686208
v -0.168295 0.083051 0.655338
v -0.168295 0.138055 0.686208
v -0.168295 0.138055 0.686208
v -0.210975 0.138055 0.686208
v -0.210975 0.083051 0.686208
v -0.168295 0.083051 0.686208
v -0.210975 0.138055 0.686208
v -0.210975 0.083051 0.655338
v -0.210975 0.083051 0.686208
v -0.210975 0.138055 0.655338
v -0.210975 0.138055 0.655338
v -0.168295 0.138055 0.655338
v -0.168295 0.083051 0.655338
v -0.210975 0.083051 0.655338
v -0.200312 0.181837 0.920507
v -0.168295 0.181837 0.870842
v -0.200312 0.181837 0.870842
v -0.168295 0.181837 0.920507
v -0.200312 0.139156 0.920507
v -0.200312 0.139156 0.870842
v -0.168295 0.139156 0.870842
v -0.168295 0.139156 0.920507
v -0.168295 0.139156 0.870842
v -0.168295 0.181837 0.920507
v -0.168295 0.139156 0.920507
v -0.168295 0.181837 0.870842
v -0.200312 0.139156 0.870842
v -0.168295 0.181837 0.870842
v -0.168295 0.139156 0.870842
v -0.200312 0.181837 0.870842
v -0.200312 0.139156 0.920507
v -0.200312 0.181837 0.870842
v -0.200312 0.139156 0.870842
v -0.200312 0.181837 0.920507
v -0.168295 0.139156 0.920507
v -0.200312 0.181837 0.920507
v -0.200312 0.139156 0.920507
v -0.168295 0.181837 0.920507
v -0.210975 0.138055 0.892326
v -0.210975 0.138055 0.923196
v -0.168295 0.138055 0.923196
v -0.168295 0.138055 0.892326
v -0.210975 0.083051 0.923196
v -0.210975 0.083051 0.892326
v -0.168295 0.083051 0.892326
v -0.168295 0.083051 0.923196
v -0.168295 0.083051 0.892326
v -0.168295 0.138055 0.923196
v -0.168295 0.083051 0.923196
v -0.168295 0.138055 0.892326
v -0.210975 0.083051 0.892326
v -0.168295 0.138055 0.892326
v -0.168295 0.083051 0.892326
v -0.210975 0.138055 0.892326
v -0.210975 0.083051 0.923196
v -0.210975 0.138055 0.892326
v -0.210975 0.083051 0.892326
v -0.210975 0.138055 0.923196
v -0.168295 0.083051 0.923196
v -0.210975 0.138055 0.923196
v -0.210975 0.083051 0.923196
v -0.168295 0.138055 0.923196
v -1.028560 0.181837 0.717075
v -0.996543 0.181837 0.667410
v -1.028561 0.181837 0.667410
v -0.996543 0.181837 0.717075
v -0.996543 0.139156 0.667410
v -1.028560 0.139156 0.717075
v -1.028561 0.139156 0.667410
v -0.996543 0.139156 0.717075
v -1.028560 0.139156 0.717075
v -1.028561 0.181837 0.667410
v -1.028561 0.139156 0.667410
v -1.028560 0.181837 0.717075
v -0.996543 0.139156 0.717075
v -1.028560 0.181837 0.717075
v -1.028560 0.139156 0.717075
v -0.996543 0.181837 0.717075
v -0.996543 0.139156 0.667410
v -0.996543 0.181837 0.717075
v -0.996543 0.139156 0.717075
v -0.996543 0.181837 0.667410
v -1.028561 0.139156 0.667410
v -0.996543 0.181837 0.667410
v -0.996543 0.139156 0.667410
v -1.028561 0.181837 0.667410
v -0.985880 0.138055 0.695592
v -1.028561 0.138055 0.664721
v -1.028561 0.138055 0.695592
v -0.985880 0.138055 0.664721
v -0.985880 0.083051 0.664721
v -1.028561 0.083051 0.695592
v -1.028561 0.083051 0.664721
v -0.985880 0.083051 0.695592
v -1.028561 0.083051 0.695592
v -1.028561 0.138055 0.664721
v -1.028561 0.083051 0.664721
v -1.028561 0.138055 0.695592
v -0.985880 0.083051 0.695592
v -1.028561 0.138055 0.695592
v -1.028561 0.083051 0.695592
v -0.985880 0.138055 0.695592
v -0.985880 0.083051 0.664721
v -0.985880 0.138055 0.695592
v -0.985880 0.083051 0.695592
v -0.985880 0.138055 0.664721
v -1.028561 0.083051 0.664721
v -0.985880 0.138055 0.664721
v -0.985880 0.083051 0.664721
v -1.028561 0.138055 0.664721
v -0.996543 0.181837 0.880225
v -1.028560 0.181837 0.929890
v -0.996543 0.181837 0.929890
v -1.028560 0.181837 0.880225
v -0.996543 0.139156 0.929890
v -1.028560 0.139156 0.880225
v -0.996543 0.139156 0.880225
v -1.028560 0.139156 0.929890
v -1.028560 0.181837 0.929890
v -1.028560 0.181837 0.880225
v -1.028560 0.139156 0.880225
v -1.028560 0.139156 0.929890
v -1.028560 0.181837 0.880225
v -0.996543 0.181837 0.880225
v -0.996543 0.139156 0.880225
v -1.028560 0.139156 0.880225
v -0.996543 0.181837 0.880225
v -0.996543 0.181837 0.929890
v -0.996543 0.139156 0.929890
v -0.996543 0.139156 0.880225
v -0.996543 0.181837 0.929890
v -1.028560 0.181837 0.929890
v -1.028560 0.139156 0.929890
v -0.996543 0.139156 0.929890
v -0.985880 0.138055 0.901708
v -1.028560 0.138055 0.932579
v -0.985880 0.138055 0.932579
v -1.028560 0.138055 0.901708
v -0.985880 0.083051 0.932579
v -1.028560 0.083051 0.901708
v -0.985880 0.083051 0.901708
v -1.028560 0.083051 0.932579
v -1.028560 0.138055 0.932579
v -1.028560 0.083051 0.901708
v -1.028560 0.083051 0.932579
v -1.028560 0.138055 0.901708
v -1.028560 0.138055 0.901708
v -0.985880 0.083051 0.901708
v -1.028560 0.083051 0.901708
v -0.985880 0.138055 0.901708
v -0.985880 0.138055 0.901708
v -0.985880 0.083051 0.932579
v -0.985880 0.083051 0.901708
v -0.985880 0.138055 0.932579
v -0.985880 0.138055 0.932579
v -1.028560 0.138055 0.932579
v -1.028560 0.083051 0.932579
v -0.985880 0.083051 0.932579
v -0.757538 0.181837 0.667410
v -0.789555 0.181837 0.667410
v -0.789555 0.181837 0.717075
v -0.757538 0.181837 0.717075
v -0.757538 0.139156 0.717075
v -0.789555 0.139156 0.667410
v -0.757538 0.139156 0.667410
v -0.789555 0.139156 0.717075
v -0.757538 0.181837 0.667410
v -0.757538 0.181837 0.717075
v -0.757538 0.139156 0.717075
v -0.757538 0.139156 0.667410
v -0.757538 0.181837 0.717075
v -0.789555 0.139156 0.717075
v -0.757538 0.139156 0.717075
v -0.789555 0.181837 0.717075
v -0.789555 0.181837 0.717075
v -0.789555 0.139156 0.667410
v -0.789555 0.139156 0.717075
v -0.789555 0.181837 0.667410
v -0.789555 0.181837 0.667410
v -0.757538 0.139156 0.667410
v -0.789555 0.139156 0.667410
v -0.757538 0.181837 0.667410
v -0.757538 0.138055 0.664721
v -0.800218 0.138055 0.695591
v -0.757538 0.138055 0.695591
v -0.800218 0.138055 0.664721
v -0.757538 0.083051 0.695591
v -0.800218 0.083051 0.664721
v -0.757538 0.083051 0.664721
v -0.800218 0.083051 0.695591
v -0.757538 0.138055 0.664721
v -0.757538 0.083051 0.695591
v -0.757538 0.083051 0.664721
v -0.757538 0.138055 0.695591
v -0.757538 0.138055 0.695591
v -0.800218 0.138055 0.695591
v -0.800218 0.083051 0.695591
v -0.757538 0.083051 0.695591
v -0.800218 0.138055 0.695591
v -0.800218 0.083051 0.664721
v -0.800218 0.083051 0.695591
v -0.800218 0.138055 0.664721
v -0.800218 0.138055 0.664721
v -0.757538 0.083051 0.664721
v -0.800218 0.083051 0.664721
v -0.757538 0.138055 0.664721
v -0.789555 0.181837 0.929890
v -0.757538 0.181837 0.880225
v -0.789555 0.181837 0.880225
v -0.757538 0.181837 0.929890
v -0.789555 0.139156 0.929890
v -0.789555 0.139156 0.880225
v -0.757538 0.139156 0.880225
v -0.757538 0.139156 0.929890
v -0.757538 0.139156 0.880225
v -0.757538 0.181837 0.929890
v -0.757538 0.139156 0.929890
v -0.757538 0.181837 0.880225
v -0.789555 0.139156 0.880225
v -0.757538 0.181837 0.880225
v -0.757538 0.139156 0.880225
v -0.789555 0.181837 0.880225
v -0.789555 0.139156 0.929890
v -0.789555 0.181837 0.880225
v -0.789555 0.139156 0.880225
v -0.789555 0.181837 0.929890
v -0.757538 0.139156 0.929890
v -0.789555 0.181837 0.929890
v -0.789555 0.139156 0.929890
v -0.757538 0.181837 0.929890
v -0.800218 0.138055 0.901708
v -0.800218 0.138055 0.932579
v -0.757538 0.138055 0.932579
v -0.757538 0.138055 0.901708
v -0.800218 0.083051 0.932579
v -0.800218 0.083051 0.901708
v -0.757538 0.083051 0.901708
v -0.757538 0.083051 0.932579
v -0.757538 0.083051 0.901708
v -0.757538 0.138055 0.932579
v -0.757538 0.083051 0.932579
v -0.757538 0.138055 0.901708
v -0.800218 0.083051 0.901708
v -0.757538 0.138055 0.901708
v -0.757538 0.083051 0.901708
v -0.800218 0.138055 0.901708
v -0.800218 0.083051 0.932579
v -0.800218 0.138055 0.901708
v -0.800218 0.083051 0.901708
v -0.800218 0.138055 0.932579
v -0.757538 0.083051 0.932579
v -0.800218 0.138055 0.932579
v -0.800218 0.083051 0.932579
v -0.757538 0.138055 0.932579
v -0.450270 0.100476 0.941315
v -0.450270 0.100476 0.638022
v -0.450270 0.070826 0.941315
v -0.450270 0.070826 0.638022
v -0.146978 0.100476 0.638022
v -0.146978 0.100476 0.941315
v -0.146978 0.070826 0.638022
v -0.146978 0.070826 0.941315
v -0.450270 0.100476 0.638022
v -0.146978 0.100476 0.638022
v -0.450270 0.070826 0.638022
v -0.146978 0.070826 0.638022
v -0.146978 0.100476 0.941315
v -0.450270 0.100476 0.941315
v -0.146978 0.070826 0.941315
v -0.450270 0.070826 0.941315
v -0.146978 0.070826 0.941315
v -0.450270 0.070826 0.941315
v -0.450270 0.070826 0.638022
v -0.146978 0.070826 0.638022
v -0.450270 0.100476 0.638022
v -0.450270 0.100476 0.941315
v -0.146978 0.100476 0.941315
v -0.146978 0.100476 0.638022
v -0.439317 0.556496 0.707692
v -0.407300 0.556496 0.658027
v -0.439318 0.556496 0.658027
v -0.407300 0.556496 0.707692
v -0.407300 0.513816 0.658027
v -0.439317 0.513816 0.707692
v -0.439318 0.513816 0.658027
v -0.407300 0.513816 0.707692
v -0.439317 0.513816 0.707692
v -0.439318 0.556496 0.658027
v -0.439318 0.513816 0.658027
v -0.439317 0.556496 0.707692
v -0.407300 0.513816 0.707692
v -0.439317 0.556496 0.707692
v -0.439317 0.513816 0.707692
v -0.407300 0.556496 0.707692
v -0.407300 0.513816 0.658027
v -0.407300 0.556496 0.707692
v -0.407300 0.513816 0.707692
v -0.407300 0.556496 0.658027
v -0.439318 0.513816 0.658027
v -0.407300 0.556496 0.658027
v -0.407300 0.513816 0.658027
v -0.439318 0.556496 0.658027
v -0.800218 0.370094 0.901708
v -0.757538 0.425098 0.901708
v -0.757538 0.370094 0.901708
v -0.800218 0.425098 0.901708
v -0.800218 0.425098 0.901708
v -0.800218 0.425098 0.932579
v -0.757538 0.425098 0.932579
v -0.757538 0.425098 0.901708
v -0.757538 0.370094 0.901708
v -0.757538 0.425098 0.932579
v -0.757538 0.370094 0.932579
v -0.757538 0.425098 0.901708
v -0.757538 0.370094 0.932579
v -0.800218 0.425098 0.932579
v -0.800218 0.370094 0.932579
v -0.757538 0.425098 0.932579
v -0.800218 0.370094 0.932579
v -0.800218 0.425098 0.901708
v -0.800218 0.370094 0.901708
v -0.800218 0.425098 0.932579
v -0.800218 0.370094 0.932579
v -0.800218 0.370094 0.901708
v -0.757538 0.370094 0.901708
v -0.757538 0.370094 0.932579
v -0.439317 0.370124 0.707692
v -0.407300 0.370124 0.658027
v -0.439318 0.370124 0.658027
v -0.407300 0.370124 0.707692
v -0.407300 0.327444 0.658027
v -0.439317 0.327444 0.707692
v -0.439318 0.327444 0.658027
v -0.407300 0.327444 0.707692
v -0.439317 0.327444 0.707692
v -0.439318 0.370124 0.658027
v -0.439318 0.327444 0.658027
v -0.439317 0.370124 0.707692
v -0.407300 0.327444 0.707692
v -0.439317 0.370124 0.707692
v -0.439317 0.327444 0.707692
v -0.407300 0.370124 0.707692
v -0.407300 0.327444 0.658027
v -0.407300 0.370124 0.707692
v -0.407300 0.327444 0.707692
v -0.407300 0.370124 0.658027
v -0.439318 0.327444 0.658027
v -0.407300 0.370124 0.658027
v -0.407300 0.327444 0.658027
v -0.439318 0.370124 0.658027
v -0.439317 0.326342 0.697462
v -0.404425 0.326342 0.654781
v -0.439318 0.326342 0.654781
v -0.404425 0.326342 0.697462
v -0.404425 0.283662 0.654781
v -0.439317 0.283662 0.697462
v -0.439318 0.283662 0.654781
v -0.404425 0.283662 0.697462
v -0.439317 0.283662 0.697462
v -0.439318 0.326342 0.654781
v -0.439318 0.283662 0.654781
v -0.439317 0.326342 0.697462
v -0.404425 0.283662 0.697462
v -0.439317 0.326342 0.697462
v -0.439317 0.283662 0.697462
v -0.404425 0.326342 0.697462
v -0.404425 0.283662 0.654781
v -0.404425 0.326342 0.697462
v -0.404425 0.283662 0.697462
v -0.404425 0.326342 0.654781
v -0.439318 0.283662 0.654781
v -0.404425 0.326342 0.654781
v -0.404425 0.283662 0.654781
v -0.439318 0.326342 0.654781
v -0.439317 0.281628 0.707692
v -0.407300 0.281628 0.658027
v -0.439318 0.281628 0.658027
v -0.407300 0.281628 0.707692
v -0.407300 0.238948 0.658027
v -0.439317 0.238948 0.707692
v -0.439318 0.238948 0.658027
v -0.407300 0.238948 0.707692
v -0.439317 0.238948 0.707692
v -0.439318 0.281628 0.658027
v -0.439318 0.238948 0.658027
v -0.439317 0.281628 0.707692
v -0.407300 0.238948 0.707692
v -0.439317 0.281628 0.707692
v -0.439317 0.238948 0.707692
v -0.407300 0.281628 0.707692
v -0.407300 0.238948 0.658027
v -0.407300 0.281628 0.707692
v -0.407300 0.238948 0.707692
v -0.407300 0.281628 0.658027
v -0.439318 0.238948 0.658027
v -0.407300 0.281628 0.658027
v -0.407300 0.238948 0.658027
v -0.439318 0.281628 0.658027
v -0.396637 0.237846 0.686208
v -0.439318 0.237846 0.655338
v -0.439318 0.237846 0.686208
v -0.396637 0.237846 0.655338
v -0.439318 0.182842 0.655338
v -0.396637 0.182842 0.686209
v -0.439318 0.182842 0.686209
v -0.396637 0.182842 0.655338
v -0.439318 0.182842 0.686209
v -0.439318 0.237846 0.655338
v -0.439318 0.182842 0.655338
v -0.439318 0.237846 0.686208
v -0.396637 0.182842 0.686209
v -0.439318 0.237846 0.686208
v -0.439318 0.182842 0.686209
v -0.396637 0.237846 0.686208
v -0.396637 0.182842 0.655338
v -0.396637 0.237846 0.686208
v -0.396637 0.182842 0.686209
v -0.396637 0.237846 0.655338
v -0.439318 0.182842 0.655338
v -0.396637 0.237846 0.655338
v -0.396637 0.182842 0.655338
v -0.439318 0.237846 0.655338
v -0.407300 0.556496 0.870842
v -0.439317 0.556496 0.920507
v -0.407300 0.556496 0.920507
v -0.439317 0.556496 0.870842
v -0.407300 0.513816 0.920507
v -0.439317 0.513816 0.870842
v -0.407300 0.513816 0.870842
v -0.439317 0.513816 0.920507
v -0.439317 0.556496 0.920507
v -0.439317 0.556496 0.870842
v -0.439317 0.513816 0.870842
v -0.439317 0.513816 0.920507
v -0.439317 0.556496 0.870842
v -0.407300 0.513816 0.870842
v -0.439317 0.513816 0.870842
v -0.407300 0.556496 0.870842
v -0.407300 0.556496 0.870842
v -0.407300 0.513816 0.920507
v -0.407300 0.513816 0.870842
v -0.407300 0.556496 0.920507
v -0.407300 0.556496 0.920507
v -0.439317 0.556496 0.920507
v -0.439317 0.513816 0.920507
v -0.407300 0.513816 0.920507
v -0.789555 0.426200 0.880225
v -0.757538 0.468880 0.880225
v -0.757538 0.426200 0.880225
v -0.789555 0.468880 0.880225
v -0.789555 0.468880 0.929890
v -0.757538 0.468880 0.880225
v -0.789555 0.468880 0.880225
v -0.757538 0.468880 0.929890
v -0.757538 0.426200 0.880225
v -0.757538 0.468880 0.929890
v -0.757538 0.426200 0.929890
v -0.757538 0.468880 0.880225
v -0.757538 0.426200 0.929890
v -0.789555 0.468880 0.929890
v -0.789555 0.426200 0.929890
v -0.757538 0.468880 0.929890
v -0.789555 0.426200 0.929890
v -0.789555 0.468880 0.880225
v -0.789555 0.426200 0.880225
v -0.789555 0.468880 0.929890
v -0.789555 0.426200 0.929890
v -0.789555 0.426200 0.880225
v -0.757538 0.426200 0.880225
v -0.757538 0.426200 0.929890
v -0.407300 0.370124 0.870842
v -0.439317 0.370124 0.920507
v -0.407300 0.370124 0.920507
v -0.439317 0.370124 0.870842
v -0.407300 0.327444 0.920507
v -0.439317 0.327444 0.870842
v -0.407300 0.327444 0.870842
v -0.439317 0.327444 0.920507
v -0.439317 0.370124 0.920507
v -0.439317 0.327444 0.870842
v -0.439317 0.327444 0.920507
v -0.439317 0.370124 0.870842
v -0.439317 0.370124 0.870842
v -0.407300 0.327444 0.870842
v -0.439317 0.327444 0.870842
v -0.407300 0.370124 0.870842
v -0.407300 0.370124 0.870842
v -0.407300 0.327444 0.920507
v -0.407300 0.327444 0.870842
v -0.407300 0.370124 0.920507
v -0.407300 0.370124 0.920507
v -0.439317 0.370124 0.920507
v -0.439317 0.327444 0.920507
v -0.407300 0.327444 0.920507
v -0.404425 0.326342 0.881072
v -0.439317 0.326342 0.923752
v -0.404425 0.326342 0.923752
v -0.439317 0.326342 0.881072
v -0.404425 0.283662 0.923752
v -0.439317 0.283662 0.881072
v -0.404425 0.283662 0.881072
v -0.439317 0.283662 0.923752
v -0.439317 0.326342 0.923752
v -0.439317 0.326342 0.881072
v -0.439317 0.283662 0.881072
v -0.439317 0.283662 0.923752
v -0.439317 0.326342 0.881072
v -0.404425 0.326342 0.881072
v -0.404425 0.283662 0.881072
v -0.439317 0.283662 0.881072
v -0.404425 0.326342 0.881072
v -0.404425 0.326342 0.923752
v -0.404425 0.283662 0.923752
v -0.404425 0.283662 0.881072
v -0.404425 0.326342 0.923752
v -0.439317 0.283662 0.923752
v -0.404425 0.283662 0.923752
v -0.439317 0.326342 0.923752
v -0.407300 0.281628 0.870842
v -0.439317 0.281628 0.920507
v -0.407300 0.281628 0.920507
v -0.439317 0.281628 0.870842
v -0.407300 0.238948 0.920507
v -0.439317 0.238948 0.870842
v -0.407300 0.238948 0.870842
v -0.439317 0.238948 0.920507
v -0.439317 0.281628 0.920507
v -0.439317 0.238948 0.870842
v -0.439317 0.238948 0.920507
v -0.439317 0.281628 0.870842
v -0.439317 0.281628 0.870842
v -0.407300 0.238948 0.870842
v -0.439317 0.238948 0.870842
v -0.407300 0.281628 0.870842
v -0.407300 0.281628 0.870842
v -0.407300 0.238948 0.920507
v -0.407300 0.238948 0.870842
v -0.407300 0.281628 0.920507
v -0.407300 0.281628 0.920507
v -0.439317 0.238948 0.920507
v -0.407300 0.238948 0.920507
v -0.439317 0.281628 0.920507
v -0.396637 0.237846 0.892325
v -0.439317 0.237846 0.923196
v -0.396637 0.237846 0.923196
v -0.439317 0.237846 0.892325
v -0.396637 0.182843 0.923196
v -0.439317 0.182843 0.892326
v -0.396637 0.182843 0.892326
v -0.439317 0.182843 0.923196
v -0.439317 0.237846 0.923196
v -0.439317 0.182843 0.892326
v -0.439317 0.182843 0.923196
v -0.439317 0.237846 0.892325
v -0.439317 0.237846 0.892325
v -0.396637 0.182843 0.892326
v -0.439317 0.182843 0.892326
v -0.396637 0.237846 0.892325
v -0.396637 0.237846 0.892325
v -0.396637 0.182843 0.923196
v -0.396637 0.182843 0.892326
v -0.396637 0.237846 0.923196
v -0.396637 0.237846 0.923196
v -0.439317 0.182843 0.923196
v -0.396637 0.182843 0.923196
v -0.439317 0.237846 0.923196
v -0.168295 0.556496 0.658027
v -0.200312 0.556496 0.658027
v -0.200312 0.556496 0.707692
v -0.168295 0.556496 0.707692
v -0.168295 0.513816 0.658027
v -0.200312 0.513816 0.707692
v -0.200312 0.513816 0.658027
v -0.168295 0.513816 0.707692
v -0.168295 0.556496 0.658027
v -0.168295 0.556496 0.707692
v -0.168295 0.513816 0.707692
v -0.168295 0.513816 0.658027
v -0.168295 0.556496 0.707692
v -0.200312 0.556496 0.707692
v -0.200312 0.513816 0.707692
v -0.168295 0.513816 0.707692
v -0.200312 0.556496 0.707692
v -0.200312 0.556496 0.658027
v -0.200312 0.513816 0.658027
v -0.200312 0.513816 0.707692
v -0.200312 0.556496 0.658027
v -0.168295 0.556496 0.658027
v -0.168295 0.513816 0.658027
v -0.200312 0.513816 0.658027
v -0.792430 0.470914 0.890455
v -0.757538 0.513594 0.890455
v -0.757538 0.470914 0.890455
v -0.792430 0.513594 0.890455
v -0.792430 0.513594 0.890455
v -0.792430 0.513594 0.933135
v -0.757538 0.513594 0.933135
v -0.757538 0.513594 0.890455
v -0.757538 0.470914 0.890455
v -0.757538 0.513594 0.933135
v -0.757538 0.470914 0.933135
v -0.757538 0.513594 0.890455
v -0.757538 0.470914 0.933135
v -0.792430 0.513594 0.933135
v -0.792430 0.470914 0.933135
v -0.757538 0.513594 0.933135
v -0.792430 0.470914 0.933135
v -0.792430 0.513594 0.890455
v -0.792430 0.470914 0.890455
v -0.792430 0.513594 0.933135
v -0.792430 0.470914 0.933135
v -0.792430 0.470914 0.890455
v -0.757538 0.470914 0.890455
v -0.757538 0.470914 0.933135
v -0.168295 0.370124 0.658027
v -0.200312 0.370124 0.658027
v -0.200312 0.370124 0.707692
v -0.168295 0.370124 0.707692
v -0.168295 0.327444 0.658027
v -0.200312 0.327444 0.707692
v -0.200312 0.327444 0.658027
v -0.168295 0.327444 0.707692
v -0.168295 0.370124 0.658027
v -0.168295 0.370124 0.707692
v -0.168295 0.327444 0.707692
v -0.168295 0.327444 0.658027
v -0.168295 0.370124 0.707692
v -0.200312 0.370124 0.707692
v -0.200312 0.327444 0.707692
v -0.168295 0.327444 0.707692
v -0.200312 0.370124 0.707692
v -0.200312 0.370124 0.658027
v -0.200312 0.327444 0.658027
v -0.200312 0.327444 0.707692
v -0.200312 0.370124 0.658027
v -0.168295 0.370124 0.658027
v -0.168295 0.327444 0.658027
v -0.200312 0.327444 0.658027
v -0.168295 0.326342 0.654781
v -0.203187 0.326342 0.654781
v -0.203187 0.326342 0.697462
v -0.168295 0.326342 0.697462
v -0.168295 0.283662 0.654781
v -0.203187 0.283662 0.697462
v -0.203187 0.283662 0.654781
v -0.168295 0.283662 0.697462
v -0.168295 0.326342 0.654781
v -0.168295 0.326342 0.697462
v -0.168295 0.283662 0.697462
v -0.168295 0.283662 0.654781
v -0.168295 0.326342 0.697462
v -0.203187 0.326342 0.697462
v -0.203187 0.283662 0.697462
v -0.168295 0.283662 0.697462
v -0.203187 0.326342 0.697462
v -0.203187 0.326342 0.654781
v -0.203187 0.283662 0.654781
v -0.203187 0.283662 0.697462
v -0.203187 0.326342 0.654781
v -0.168295 0.326342 0.654781
v -0.168295 0.283662 0.654781
v -0.203187 0.283662 0.654781
v -0.168295 0.281628 0.658027
v -0.200312 0.281628 0.658027
v -0.200312 0.281628 0.707692
v -0.168295 0.281628 0.707692
v -0.168295 0.238948 0.658027
v -0.200312 0.238948 0.707692
v -0.200312 0.238948 0.658027
v -0.168295 0.238948 0.707692
v -0.168295 0.281628 0.658027
v -0.168295 0.281628 0.707692
v -0.168295 0.238948 0.707692
v -0.168295 0.238948 0.658027
v -0.168295 0.281628 0.707692
v -0.200312 0.281628 0.707692
v -0.200312 0.238948 0.707692
v -0.168295 0.238948 0.707692
v -0.200312 0.281628 0.707692
v -0.200312 0.281628 0.658027
v -0.200312 0.238948 0.658027
v -0.200312 0.238948 0.707692
v -0.200312 0.281628 0.658027
v -0.168295 0.281628 0.658027
v -0.168295 0.238948 0.658027
v -0.200312 0.238948 0.658027
v -0.168295 0.237846 0.686208
v -0.210975 0.237846 0.655338
v -0.210975 0.237846 0.686208
v -0.168295 0.237846 0.655338
v -0.168295 0.182842 0.686208
v -0.210975 0.182842 0.686208
v -0.210975 0.182842 0.655338
v -0.168295 0.182842 0.655338
v -0.168295 0.237846 0.655338
v -0.168295 0.182842 0.686208
v -0.168295 0.182842 0.655338
v -0.168295 0.237846 0.686208
v -0.168295 0.237846 0.686208
v -0.210975 0.237846 0.686208
v -0.210975 0.182842 0.686208
v -0.168295 0.182842 0.686208
v -0.210975 0.237846 0.686208
v -0.210975 0.182842 0.655338
v -0.210975 0.182842 0.686208
v -0.210975 0.237846 0.655338
v -0.210975 0.237846 0.655338
v -0.168295 0.237846 0.655338
v -0.168295 0.182842 0.655338
v -0.210975 0.182842 0.655338
v -0.200312 0.556496 0.920507
v -0.168295 0.556496 0.870842
v -0.200312 0.556496 0.870842
v -0.168295 0.556496 0.920507
v -0.200312 0.513816 0.920507
v -0.200312 0.513816 0.870842
v -0.168295 0.513816 0.870842
v -0.168295 0.513816 0.920507
v -0.168295 0.513816 0.870842
v -0.168295 0.556496 0.920507
v -0.168295 0.513816 0.920507
v -0.168295 0.556496 0.870842
v -0.200312 0.513816 0.870842
v -0.168295 0.556496 0.870842
v -0.168295 0.513816 0.870842
v -0.200312 0.556496 0.870842
v -0.200312 0.513816 0.920507
v -0.200312 0.556496 0.870842
v -0.200312 0.513816 0.870842
v -0.200312 0.556496 0.920507
v -0.168295 0.513816 0.920507
v -0.200312 0.556496 0.920507
v -0.200312 0.513816 0.920507
v -0.168295 0.556496 0.920507
v -0.200312 0.370124 0.920507
v -0.168295 0.370124 0.870842
v -0.200312 0.370124 0.870842
v -0.168295 0.370124 0.920507
v -0.200312 0.327444 0.920507
v -0.200312 0.327444 0.870842
v -0.168295 0.327444 0.870842
v -0.168295 0.327444 0.920507
v -0.168295 0.327444 0.870842
v -0.168295 0.370124 0.920507
v -0.168295 0.327444 0.920507
v -0.168295 0.370124 0.870842
v -0.200312 0.327444 0.870842
v -0.168295 0.370124 0.870842
v -0.168295 0.327444 0.870842
v -0.200312 0.370124 0.870842
v -0.200312 0.327444 0.920507
v -0.200312 0.370124 0.870842
v -0.200312 0.327444 0.870842
v -0.200312 0.370124 0.920507
v -0.168295 0.327444 0.920507
v -0.200312 0.370124 0.920507
v -0.200312 0.327444 0.920507
v -0.168295 0.370124 0.920507
v -0.203187 0.326342 0.881072
v -0.203187 0.326342 0.923752
v -0.168295 0.326342 0.923752
v -0.168295 0.326342 0.881072
v -0.203187 0.283662 0.923752
v -0.203187 0.283662 0.881072
v -0.168295 0.283662 0.881072
v -0.168295 0.283662 0.923752
v -0.168295 0.283662 0.881072
v -0.168295 0.326342 0.923752
v -0.168295 0.283662 0.923752
v -0.168295 0.326342 0.881072
v -0.203187 0.283662 0.881072
v -0.168295 0.326342 0.881072
v -0.168295 0.283662 0.881072
v -0.203187 0.326342 0.881072
v -0.203187 0.283662 0.923752
v -0.203187 0.326342 0.881072
v -0.203187 0.283662 0.881072
v -0.203187 0.326342 0.923752
v -0.168295 0.283662 0.923752
v -0.203187 0.326342 0.923752
v -0.203187 0.283662 0.923752
v -0.168295 0.326342 0.923752
v -0.200312 0.281628 0.920507
v -0.168295 0.281628 0.870842
v -0.200312 0.281628 0.870842
v -0.168295 0.281628 0.920507
v -0.200312 0.238948 0.920507
v -0.200312 0.238948 0.870842
v -0.168295 0.238948 0.870842
v -0.168295 0.238948 0.920507
v -0.168295 0.238948 0.870842
v -0.168295 0.281628 0.920507
v -0.168295 0.238948 0.920507
v -0.168295 0.281628 0.870842
v -0.200312 0.238948 0.870842
v -0.168295 0.281628 0.870842
v -0.168295 0.238948 0.870842
v -0.200312 0.281628 0.870842
v -0.200312 0.238948 0.920507
v -0.200312 0.281628 0.870842
v -0.200312 0.238948 0.870842
v -0.200312 0.281628 0.920507
v -0.168295 0.238948 0.920507
v -0.200312 0.281628 0.920507
v -0.200312 0.238948 0.920507
v -0.168295 0.281628 0.920507
v -0.210975 0.237846 0.892325
v -0.210975 0.237846 0.923196
v -0.168295 0.237846 0.923196
v -0.168295 0.237846 0.892325
v -0.210975 0.182843 0.923196
v -0.210975 0.182843 0.892326
v -0.168295 0.182843 0.892326
v -0.168295 0.182843 0.923196
v -0.168295 0.182843 0.892326
v -0.168295 0.237846 0.923196
v -0.168295 0.182843 0.923196
v -0.168295 0.237846 0.892325
v -0.210975 0.182843 0.892326
v -0.168295 0.237846 0.892325
v -0.168295 0.182843 0.892326
v -0.210975 0.237846 0.892325
v -0.210975 0.182843 0.923196
v -0.210975 0.237846 0.892325
v -0.210975 0.182843 0.892326
v -0.210975 0.237846 0.923196
v -0.168295 0.182843 0.923196
v -0.210975 0.237846 0.923196
v -0.210975 0.182843 0.923196
v -0.168295 0.237846 0.923196
v -1.039513 0.100476 0.950698
v -1.039513 0.100476 0.647405
v -1.039513 0.070826 0.950698
v -1.039513 0.070826 0.647405
v -0.736220 0.100476 0.647405
v -0.736220 0.100476 0.950698
v -0.736220 0.070826 0.647405
v -0.736220 0.070826 0.950698
v -1.039513 0.100476 0.647405
v -0.736220 0.100476 0.647405
v -1.039513 0.070826 0.647405
v -0.736220 0.070826 0.647405
v -0.736220 0.100476 0.950698
v -1.039513 0.100476 0.950698
v -0.736220 0.070826 0.950698
v -1.039513 0.070826 0.950698
v -0.736220 0.070826 0.950698
v -1.039513 0.070826 0.950698
v -1.039513 0.070826 0.647405
v -0.736220 0.070826 0.647405
v -1.039513 0.100476 0.647405
v -1.039513 0.100476 0.950698
v -0.736220 0.100476 0.950698
v -0.736220 0.100476 0.647405
v -1.001049 0.558209 0.896190
v -1.046685 0.610504 0.896190
v -1.046685 0.558209 0.896190
v -1.001049 0.610504 0.896190
v -1.046685 0.558209 0.831707
v -1.001049 0.610504 0.831707
v -1.001049 0.558209 0.831707
v -1.046685 0.610504 0.831707
v -1.001049 0.558209 0.831707
v -1.001049 0.610504 0.896190
v -1.001049 0.558209 0.896190
v -1.001049 0.610504 0.831707
v -1.046685 0.558209 0.896190
v -1.046685 0.558209 0.831707
v -1.001049 0.558209 0.831707
v -1.001049 0.558209 0.896190
v -1.046685 0.558209 0.896190
v -1.046685 0.610504 0.831707
v -1.046685 0.558209 0.831707
v -1.046685 0.610504 0.896190
v -1.046685 0.610504 0.831707
v -1.046685 0.610504 0.896190
v -1.001049 0.610504 0.896190
v -1.001049 0.610504 0.831707
v -1.001203 0.558209 0.823170
v -1.046839 0.656150 0.823170
v -1.046839 0.558209 0.823170
v -1.001203 0.656150 0.823170
v -1.046839 0.558209 0.773505
v -1.001203 0.656150 0.773505
v -1.001203 0.558209 0.773505
v -1.046839 0.656150 0.773505
v -1.001203 0.558209 0.773505
v -1.001203 0.656150 0.823170
v -1.001203 0.558209 0.823170
v -1.001203 0.656150 0.773505
v -1.046839 0.558209 0.823170
v -1.046839 0.558209 0.773505
v -1.001203 0.558209 0.773505
v -1.001203 0.558209 0.823170
v -1.046839 0.558209 0.823170
v -1.046839 0.656150 0.773505
v -1.046839 0.558209 0.773505
v -1.046839 0.656150 0.823170
v -1.046839 0.656150 0.773505
v -1.046839 0.656150 0.823170
v -1.001203 0.656150 0.823170
v -1.001203 0.656150 0.773505
v -1.001049 0.558209 0.763473
v -1.046685 0.615538 0.763473
v -1.046685 0.558209 0.763473
v -1.001049 0.615538 0.763473
v -1.046685 0.558209 0.698406
v -1.001049 0.615538 0.698406
v -1.001049 0.558209 0.698406
v -1.046685 0.615538 0.698406
v -1.001049 0.558209 0.698406
v -1.001049 0.615538 0.763473
v -1.001049 0.558209 0.763473
v -1.001049 0.615538 0.698406
v -1.046685 0.558209 0.763473
v -1.046685 0.558209 0.698406
v -1.001049 0.558209 0.698406
v -1.001049 0.558209 0.763473
v -1.046685 0.558209 0.763473
v -1.046685 0.615538 0.698406
v -1.046685 0.558209 0.698406
v -1.046685 0.615538 0.763473
v -1.046685 0.615538 0.698406
v -1.046685 0.615538 0.763473
v -1.001049 0.615538 0.763473
v -1.001049 0.615538 0.698406
v -0.990589 0.558209 0.690650
v -0.990589 0.610504 0.645014
v -0.990589 0.558209 0.645014
v -0.990589 0.610504 0.690650
v -0.926106 0.558209 0.645014
v -0.926106 0.610504 0.690650
v -0.926106 0.558209 0.690650
v -0.926106 0.610504 0.645014
v -0.926106 0.558209 0.690650
v -0.990589 0.610504 0.690650
v -0.990589 0.558209 0.690650
v -0.926106 0.610504 0.690650
v -0.926106 0.558209 0.690650
v -0.990589 0.558209 0.690650
v -0.990589 0.558209 0.645014
v -0.926106 0.558209 0.645014
v -0.990589 0.558209 0.645014
v -0.926106 0.610504 0.645014
v -0.926106 0.558209 0.645014
v -0.990589 0.610504 0.645014
v -0.926106 0.610504 0.690650
v -0.990589 0.610504 0.645014
v -0.990589 0.610504 0.690650
v -0.926106 0.610504 0.645014
v -0.917569 0.558209 0.690496
v -0.917569 0.656150 0.644860
v -0.917569 0.558209 0.644860
v -0.917569 0.656150 0.690496
v -0.867904 0.558209 0.644860
v -0.867904 0.656150 0.690496
v -0.867904 0.558209 0.690496
v -0.867904 0.656150 0.644860
v -0.867904 0.558209 0.690496
v -0.917569 0.656150 0.690496
v -0.917569 0.558209 0.690496
v -0.867904 0.656150 0.690496
v -0.867904 0.558209 0.690496
v -0.917569 0.558209 0.644860
v -0.867904 0.558209 0.644860
v -0.917569 0.558209 0.690496
v -0.917569 0.558209 0.644860
v -0.867904 0.656150 0.644860
v -0.867904 0.558209 0.644860
v -0.917569 0.656150 0.644860
v -0.867904 0.656150 0.690496
v -0.917569 0.656150 0.644860
v -0.917569 0.656150 0.690496
v -0.867904 0.656150 0.644860
v -0.857872 0.558209 0.690650
v -0.857872 0.615538 0.645014
v -0.857872 0.558209 0.645014
v -0.857872 0.615538 0.690650
v -0.792805 0.558209 0.645014
v -0.792805 0.615538 0.690650
v -0.792805 0.558209 0.690650
v -0.792805 0.615538 0.645014
v -0.792805 0.558209 0.690650
v -0.857872 0.615538 0.690650
v -0.857872 0.558209 0.690650
v -0.792805 0.615538 0.690650
v -0.792805 0.558209 0.690650
v -0.857872 0.558209 0.690650
v -0.857872 0.558209 0.645014
v -0.792805 0.558209 0.645014
v -0.857872 0.558209 0.645014
v -0.792805 0.615538 0.645014
v -0.792805 0.558209 0.645014
v -0.857872 0.615538 0.645014
v -0.792805 0.615538 0.645014
v -0.857872 0.615538 0.690650
v -0.792805 0.615538 0.690650
v -0.857872 0.615538 0.645014
v -0.785049 0.558209 0.701110
v -0.739413 0.610504 0.701110
v -0.739413 0.558209 0.701110
v -0.785049 0.610504 0.701110
v -0.739413 0.558209 0.765593
v -0.785049 0.610504 0.765593
v -0.785049 0.558209 0.765593
v -0.739413 0.610504 0.765593
v -0.785049 0.558209 0.765593
v -0.785049 0.610504 0.701110
v -0.785049 0.558209 0.701110
v -0.785049 0.610504 0.765593
v -0.739413 0.558209 0.701110
v -0.785049 0.558209 0.765593
v -0.785049 0.558209 0.701110
v -0.739413 0.558209 0.765593
v -0.739413 0.558209 0.701110
v -0.739413 0.610504 0.765593
v -0.739413 0.558209 0.765593
v -0.739413 0.610504 0.701110
v -0.785049 0.610504 0.765593
v -0.739413 0.610504 0.701110
v -0.785049 0.610504 0.701110
v -0.739413 0.610504 0.765593
v -0.784895 0.558209 0.774130
v -0.739259 0.656150 0.774130
v -0.739259 0.558209 0.774130
v -0.784895 0.656150 0.774130
v -0.739259 0.558209 0.823795
v -0.784895 0.656150 0.823795
v -0.784895 0.558209 0.823795
v -0.739259 0.656150 0.823795
v -0.784895 0.558209 0.823795
v -0.784895 0.656150 0.774130
v -0.784895 0.558209 0.774130
v -0.784895 0.656150 0.823795
v -0.739259 0.558209 0.774130
v -0.784895 0.558209 0.823795
v -0.784895 0.558209 0.774130
v -0.739259 0.558209 0.823795
v -0.739259 0.558209 0.774130
v -0.739259 0.656150 0.823795
v -0.739259 0.558209 0.823795
v -0.739259 0.656150 0.774130
v -0.739259 0.656150 0.823795
v -0.784895 0.656150 0.774130
v -0.784895 0.656150 0.823795
v -0.739259 0.656150 0.774130
v -0.785049 0.558209 0.833827
v -0.739413 0.615538 0.833827
v -0.739413 0.558209 0.833827
v -0.785049 0.615538 0.833827
v -0.739413 0.558209 0.898894
v -0.785049 0.615538 0.898894
v -0.785049 0.558209 0.898894
v -0.739413 0.615538 0.898894
v -0.785049 0.558209 0.898894
v -0.785049 0.615538 0.833827
v -0.785049 0.558209 0.833827
v -0.785049 0.615538 0.898894
v -0.739413 0.558209 0.833827
v -0.785049 0.558209 0.898894
v -0.785049 0.558209 0.833827
v -0.739413 0.558209 0.898894
v -0.739413 0.558209 0.833827
v -0.739413 0.615538 0.898894
v -0.739413 0.558209 0.898894
v -0.739413 0.615538 0.833827
v -0.785049 0.615538 0.898894
v -0.739413 0.615538 0.833827
v -0.785049 0.615538 0.833827
v -0.739413 0.615538 0.898894
v -0.795509 0.558209 0.906650
v -0.795509 0.610504 0.952286
v -0.795509 0.558209 0.952286
v -0.795509 0.610504 0.906650
v -0.859993 0.558209 0.952286
v -0.859993 0.610504 0.906650
v -0.859993 0.558209 0.906650
v -0.859993 0.610504 0.952286
v -0.859993 0.558209 0.906650
v -0.795509 0.610504 0.906650
v -0.795509 0.558209 0.906650
v -0.859993 0.610504 0.906650
v -0.795509 0.558209 0.952286
v -0.859993 0.558209 0.906650
v -0.795509 0.558209 0.906650
v -0.859993 0.558209 0.952286
v -0.795509 0.558209 0.952286
v -0.859993 0.610504 0.952286
v -0.859993 0.558209 0.952286
v -0.795509 0.610504 0.952286
v -0.795509 0.610504 0.906650
v -0.859993 0.610504 0.906650
v -0.859993 0.610504 0.952286
v -0.795509 0.610504 0.952286
v -0.868529 0.558209 0.906804
v -0.868529 0.656150 0.952440
v -0.868529 0.558209 0.952440
v -0.868529 0.656150 0.906804
v -0.918194 0.558209 0.952440
v -0.918194 0.656150 0.906804
v -0.918194 0.558209 0.906804
v -0.918194 0.656150 0.952440
v -0.918194 0.558209 0.906804
v -0.868529 0.656150 0.906804
v -0.868529 0.558209 0.906804
v -0.918194 0.656150 0.906804
v -0.868529 0.558209 0.952440
v -0.918194 0.558209 0.906804
v -0.868529 0.558209 0.906804
v -0.918194 0.558209 0.952440
v -0.868529 0.558209 0.952440
v -0.918194 0.656150 0.952440
v -0.918194 0.558209 0.952440
v -0.868529 0.656150 0.952440
v -0.868529 0.656150 0.906804
v -0.918194 0.656150 0.952440
v -0.868529 0.656150 0.952440
v -0.918194 0.656150 0.906804
v -0.928226 0.558209 0.906650
v -0.928226 0.615538 0.952286
v -0.928226 0.558209 0.952286
v -0.928226 0.615538 0.906650
v -0.993293 0.558209 0.952286
v -0.993293 0.615538 0.906650
v -0.993293 0.558209 0.906650
v -0.993293 0.615538 0.952286
v -0.993293 0.558209 0.906650
v -0.928226 0.615538 0.906650
v -0.928226 0.558209 0.906650
v -0.993293 0.615538 0.906650
v -0.928226 0.558209 0.952286
v -0.993293 0.558209 0.906650
v -0.928226 0.558209 0.906650
v -0.993293 0.558209 0.952286
v -0.928226 0.558209 0.952286
v -0.993293 0.615538 0.952286
v -0.993293 0.558209 0.952286
v -0.928226 0.615538 0.952286
v -0.928226 0.615538 0.906650
v -0.993293 0.615538 0.906650
v -0.993293 0.615538 0.952286
v -0.928226 0.615538 0.952286
v -1.001204 0.558209 0.694120
v -1.046839 0.656150 0.694120
v -1.046839 0.558209 0.694120
v -1.001204 0.656150 0.694120
v -1.046839 0.558209 0.644455
v -1.001204 0.656150 0.644454
v -1.001204 0.558209 0.644454
v -1.046839 0.656150 0.644455
v -1.001204 0.558209 0.644454
v -1.001204 0.656150 0.694120
v -1.001204 0.558209 0.694120
v -1.001204 0.656150 0.644454
v -1.046839 0.558209 0.644455
v -1.001204 0.558209 0.694120
v -1.046839 0.558209 0.694120
v -1.001204 0.558209 0.644454
v -1.046839 0.558209 0.694120
v -1.046839 0.656150 0.644455
v -1.046839 0.558209 0.644455
v -1.046839 0.656150 0.694120
v -1.046839 0.656150 0.644455
v -1.046839 0.656150 0.694120
v -1.001204 0.656150 0.694120
v -1.001204 0.656150 0.644454
v -1.028560 0.556496 0.717075
v -0.996543 0.556496 0.667410
v -1.028561 0.556496 0.667410
v -0.996543 0.556496 0.717075
v -0.996543 0.513816 0.667410
v -1.028560 0.513816 0.717075
v -1.028561 0.513816 0.667410
v -0.996543 0.513816 0.717075
v -1.028560 0.513816 0.717075
v -1.028561 0.556496 0.667410
v -1.028561 0.513816 0.667410
v -1.028560 0.556496 0.717075
v -0.996543 0.513816 0.717075
v -1.028560 0.556496 0.717075
v -1.028560 0.513816 0.717075
v -0.996543 0.556496 0.717075
v -0.996543 0.513816 0.667410
v -0.996543 0.556496 0.717075
v -0.996543 0.513816 0.717075
v -0.996543 0.556496 0.667410
v -1.028561 0.513816 0.667410
v -0.996543 0.556496 0.667410
v -0.996543 0.513816 0.667410
v -1.028561 0.556496 0.667410
v -0.757538 0.425098 0.695591
v -0.800218 0.425098 0.695591
v -0.800218 0.370094 0.695591
v -0.757538 0.370094 0.695591
v -0.757538 0.425098 0.664721
v -0.800218 0.425098 0.664721
v -0.800218 0.425098 0.695591
v -0.757538 0.425098 0.695591
v -0.757538 0.425098 0.664721
v -0.757538 0.370094 0.695591
v -0.757538 0.370094 0.664721
v -0.757538 0.425098 0.695591
v -0.800218 0.425098 0.664721
v -0.757538 0.370094 0.664721
v -0.800218 0.370094 0.664721
v -0.757538 0.425098 0.664721
v -0.800218 0.425098 0.695591
v -0.800218 0.370094 0.664721
v -0.800218 0.370094 0.695591
v -0.800218 0.425098 0.664721
v -0.757538 0.370094 0.695591
v -0.800218 0.370094 0.695591
v -0.800218 0.370094 0.664721
v -0.757538 0.370094 0.664721
v -1.028560 0.370124 0.717075
v -0.996543 0.370124 0.667410
v -1.028561 0.370124 0.667410
v -0.996543 0.370124 0.717075
v -0.996543 0.327444 0.667410
v -1.028560 0.327444 0.717075
v -1.028561 0.327444 0.667410
v -0.996543 0.327444 0.717075
v -1.028560 0.327444 0.717075
v -1.028561 0.370124 0.667410
v -1.028561 0.327444 0.667410
v -1.028560 0.370124 0.717075
v -0.996543 0.327444 0.717075
v -1.028560 0.370124 0.717075
v -1.028560 0.327444 0.717075
v -0.996543 0.370124 0.717075
v -0.996543 0.327444 0.667410
v -0.996543 0.370124 0.717075
v -0.996543 0.327444 0.717075
v -0.996543 0.370124 0.667410
v -1.028561 0.327444 0.667410
v -0.996543 0.370124 0.667410
v -0.996543 0.327444 0.667410
v -1.028561 0.370124 0.667410
v -1.028560 0.326342 0.706845
v -0.993668 0.326342 0.664164
v -1.028561 0.326342 0.664164
v -0.993668 0.326342 0.706845
v -0.993668 0.283662 0.664164
v -1.028560 0.283662 0.706845
v -1.028561 0.283662 0.664164
v -0.993668 0.283662 0.706845
v -1.028560 0.283662 0.706845
v -1.028561 0.326342 0.664164
v -1.028561 0.283662 0.664164
v -1.028560 0.326342 0.706845
v -0.993668 0.283662 0.706845
v -1.028560 0.326342 0.706845
v -1.028560 0.283662 0.706845
v -0.993668 0.326342 0.706845
v -0.993668 0.283662 0.664164
v -0.993668 0.326342 0.706845
v -0.993668 0.283662 0.706845
v -0.993668 0.326342 0.664164
v -1.028561 0.283662 0.664164
v -0.993668 0.326342 0.664164
v -0.993668 0.283662 0.664164
v -1.028561 0.326342 0.664164
v -1.028560 0.281628 0.717075
v -0.996543 0.281628 0.667410
v -1.028561 0.281628 0.667410
v -0.996543 0.281628 0.717075
v -0.996543 0.238948 0.667410
v -1.028560 0.238948 0.717075
v -1.028561 0.238948 0.667410
v -0.996543 0.238948 0.717075
v -1.028560 0.238948 0.717075
v -1.028561 0.281628 0.667410
v -1.028561 0.238948 0.667410
v -1.028560 0.281628 0.717075
v -0.996543 0.238948 0.717075
v -1.028560 0.281628 0.717075
v -1.028560 0.238948 0.717075
v -0.996543 0.281628 0.717075
v -0.996543 0.238948 0.667410
v -0.996543 0.281628 0.717075
v -0.996543 0.238948 0.717075
v -0.996543 0.281628 0.667410
v -1.028561 0.238948 0.667410
v -0.996543 0.281628 0.667410
v -0.996543 0.238948 0.667410
v -1.028561 0.281628 0.667410
v -0.985880 0.237846 0.695591
v -1.028561 0.237846 0.664721
v -1.028561 0.237846 0.695591
v -0.985880 0.237846 0.664721
v -0.985880 0.182842 0.664721
v -1.028561 0.182842 0.695592
v -1.028561 0.182842 0.664721
v -0.985880 0.182842 0.695592
v -1.028561 0.182842 0.695592
v -1.028561 0.237846 0.664721
v -1.028561 0.182842 0.664721
v -1.028561 0.237846 0.695591
v -0.985880 0.182842 0.695592
v -1.028561 0.237846 0.695591
v -1.028561 0.182842 0.695592
v -0.985880 0.237846 0.695591
v -0.985880 0.182842 0.664721
v -0.985880 0.237846 0.695591
v -0.985880 0.182842 0.695592
v -0.985880 0.237846 0.664721
v -1.028561 0.182842 0.664721
v -0.985880 0.237846 0.664721
v -0.985880 0.182842 0.664721
v -1.028561 0.237846 0.664721
v -1.046839 0.558209 0.902296
v -1.001203 0.656150 0.902296
v -1.001203 0.558209 0.902296
v -1.046839 0.656150 0.902296
v -1.046839 0.656150 0.902296
v -1.046839 0.656150 0.951961
v -1.001203 0.656150 0.951961
v -1.001203 0.656150 0.902296
v -1.001203 0.558209 0.902296
v -1.001203 0.656150 0.951961
v -1.001203 0.558209 0.951961
v -1.001203 0.656150 0.902296
v -1.001203 0.558209 0.951961
v -1.046839 0.656150 0.951961
v -1.046839 0.558209 0.951961
v -1.001203 0.656150 0.951961
v -1.046839 0.558209 0.951961
v -1.046839 0.656150 0.902296
v -1.046839 0.558209 0.902296
v -1.046839 0.656150 0.951961
v -1.046839 0.558209 0.951961
v -1.046839 0.558209 0.902296
v -1.001203 0.558209 0.902296
v -1.001203 0.558209 0.951961
v -0.996543 0.556496 0.880225
v -1.028560 0.556496 0.929890
v -0.996543 0.556496 0.929890
v -1.028560 0.556496 0.880225
v -0.996543 0.513816 0.929890
v -1.028560 0.513816 0.880225
v -0.996543 0.513816 0.880225
v -1.028560 0.513816 0.929890
v -1.028560 0.556496 0.929890
v -1.028560 0.556496 0.880225
v -1.028560 0.513816 0.880225
v -1.028560 0.513816 0.929890
v -1.028560 0.556496 0.880225
v -0.996543 0.513816 0.880225
v -1.028560 0.513816 0.880225
v -0.996543 0.556496 0.880225
v -0.996543 0.556496 0.880225
v -0.996543 0.513816 0.929890
v -0.996543 0.513816 0.880225
v -0.996543 0.556496 0.929890
v -0.996543 0.556496 0.929890
v -1.028560 0.513816 0.929890
v -0.996543 0.513816 0.929890
v -1.028560 0.556496 0.929890
v -0.757538 0.468880 0.717075
v -0.789555 0.426200 0.717075
v -0.757538 0.426200 0.717075
v -0.789555 0.468880 0.717075
v -0.757538 0.468880 0.667410
v -0.789555 0.468880 0.717075
v -0.757538 0.468880 0.717075
v -0.789555 0.468880 0.667410
v -0.757538 0.468880 0.667410
v -0.757538 0.426200 0.717075
v -0.757538 0.426200 0.667410
v -0.757538 0.468880 0.717075
v -0.789555 0.468880 0.667410
v -0.757538 0.426200 0.667410
v -0.789555 0.426200 0.667410
v -0.757538 0.468880 0.667410
v -0.789555 0.468880 0.717075
v -0.789555 0.426200 0.667410
v -0.789555 0.426200 0.717075
v -0.789555 0.468880 0.667410
v -0.757538 0.426200 0.717075
v -0.789555 0.426200 0.667410
v -0.757538 0.426200 0.667410
v -0.789555 0.426200 0.717075
v -0.996543 0.370124 0.880225
v -1.028560 0.370124 0.929890
v -0.996543 0.370124 0.929890
v -1.028560 0.370124 0.880225
v -0.996543 0.327444 0.929890
v -1.028560 0.327444 0.880225
v -0.996543 0.327444 0.880225
v -1.028560 0.327444 0.929890
v -1.028560 0.370124 0.929890
v -1.028560 0.327444 0.880225
v -1.028560 0.327444 0.929890
v -1.028560 0.370124 0.880225
v -1.028560 0.370124 0.880225
v -0.996543 0.327444 0.880225
v -1.028560 0.327444 0.880225
v -0.996543 0.370124 0.880225
v -0.996543 0.370124 0.880225
v -0.996543 0.327444 0.929890
v -0.996543 0.327444 0.880225
v -0.996543 0.370124 0.929890
v -0.996543 0.370124 0.929890
v -1.028560 0.327444 0.929890
v -0.996543 0.327444 0.929890
v -1.028560 0.370124 0.929890
v -0.993668 0.326342 0.890455
v -1.028560 0.326342 0.933136
v -0.993668 0.326342 0.933136
v -1.028560 0.326342 0.890455
v -0.993668 0.283662 0.933136
v -1.028560 0.283662 0.890455
v -0.993668 0.283662 0.890455
v -1.028560 0.283662 0.933136
v -1.028560 0.326342 0.933136
v -1.028560 0.283662 0.890455
v -1.028560 0.283662 0.933136
v -1.028560 0.326342 0.890455
v -1.028560 0.326342 0.890455
v -0.993668 0.283662 0.890455
v -1.028560 0.283662 0.890455
v -0.993668 0.326342 0.890455
v -0.993668 0.326342 0.890455
v -0.993668 0.283662 0.933136
v -0.993668 0.283662 0.890455
v -0.993668 0.326342 0.933136
v -0.993668 0.326342 0.933136
v -1.028560 0.283662 0.933136
v -0.993668 0.283662 0.933136
v -1.028560 0.326342 0.933136
v -0.996543 0.281628 0.880225
v -1.028560 0.281628 0.929890
v -0.996543 0.281628 0.929890
v -1.028560 0.281628 0.880225
v -0.996543 0.238948 0.929890
v -1.028560 0.238948 0.880225
v -0.996543 0.238948 0.880225
v -1.028560 0.238948 0.929890
v -1.028560 0.281628 0.929890
v -1.028560 0.238948 0.880225
v -1.028560 0.238948 0.929890
v -1.028560 0.281628 0.880225
v -1.028560 0.281628 0.880225
v -0.996543 0.238948 0.880225
v -1.028560 0.238948 0.880225
v -0.996543 0.281628 0.880225
v -0.996543 0.281628 0.880225
v -0.996543 0.238948 0.929890
v -0.996543 0.238948 0.880225
v -0.996543 0.281628 0.929890
v -0.996543 0.281628 0.929890
v -1.028560 0.238948 0.929890
v -0.996543 0.238948 0.929890
v -1.028560 0.281628 0.929890
v -0.985880 0.237846 0.901708
v -1.028560 0.237846 0.932579
v -0.985880 0.237846 0.932579
v -1.028560 0.237846 0.901708
v -0.985880 0.182843 0.932579
v -1.028560 0.182843 0.901708
v -0.985880 0.182843 0.901708
v -1.028560 0.182843 0.932579
v -1.028560 0.237846 0.932579
v -1.028560 0.182843 0.901708
v -1.028560 0.182843 0.932579
v -1.028560 0.237846 0.901708
v -1.028560 0.237846 0.901708
v -0.985880 0.182843 0.901708
v -1.028560 0.182843 0.901708
v -0.985880 0.237846 0.901708
v -0.985880 0.237846 0.901708
v -0.985880 0.182843 0.932579
v -0.985880 0.182843 0.901708
v -0.985880 0.237846 0.932579
v -0.985880 0.237846 0.932579
v -1.028560 0.182843 0.932579
v -0.985880 0.182843 0.932579
v -1.028560 0.237846 0.932579
v -0.782146 0.558209 0.644454
v -0.736511 0.656150 0.644454
v -0.736511 0.558209 0.644454
v -0.782146 0.656150 0.644454
v -0.782146 0.656150 0.644454
v -0.782146 0.656150 0.694120
v -0.736511 0.656150 0.694120
v -0.736511 0.656150 0.644454
v -0.736511 0.558209 0.644454
v -0.736511 0.656150 0.694120
v -0.736511 0.558209 0.694120
v -0.736511 0.656150 0.644454
v -0.736511 0.558209 0.694120
v -0.782146 0.656150 0.694120
v -0.782146 0.558209 0.694120
v -0.736511 0.656150 0.694120
v -0.782146 0.558209 0.694120
v -0.782146 0.656150 0.644454
v -0.782146 0.558209 0.644454
v -0.782146 0.656150 0.694120
v -0.782146 0.558209 0.644454
v -0.736511 0.558209 0.694120
v -0.782146 0.558209 0.694120
v -0.736511 0.558209 0.644454
v -0.757538 0.556496 0.667410
v -0.789555 0.556496 0.717075
v -0.757538 0.556496 0.717075
v -0.789555 0.556496 0.667410
v -0.757538 0.513816 0.717075
v -0.789555 0.513816 0.667410
v -0.757538 0.513816 0.667410
v -0.789555 0.513816 0.717075
v -0.757538 0.556496 0.667410
v -0.757538 0.513816 0.717075
v -0.757538 0.513816 0.667410
v -0.757538 0.556496 0.717075
v -0.757538 0.556496 0.717075
v -0.789555 0.513816 0.717075
v -0.757538 0.513816 0.717075
v -0.789555 0.556496 0.717075
v -0.789555 0.556496 0.717075
v -0.789555 0.513816 0.667410
v -0.789555 0.513816 0.717075
v -0.789555 0.556496 0.667410
v -0.789555 0.556496 0.667410
v -0.757538 0.513816 0.667410
v -0.789555 0.513816 0.667410
v -0.757538 0.556496 0.667410
v -0.757538 0.513594 0.706844
v -0.792430 0.470914 0.706844
v -0.757538 0.470914 0.706844
v -0.792430 0.513594 0.706844
v -0.757538 0.513594 0.664164
v -0.792430 0.513594 0.706844
v -0.757538 0.513594 0.706844
v -0.792430 0.513594 0.664164
v -0.757538 0.513594 0.664164
v -0.757538 0.470914 0.706844
v -0.757538 0.470914 0.664164
v -0.757538 0.513594 0.706844
v -0.792430 0.513594 0.664164
v -0.757538 0.470914 0.664164
v -0.792430 0.470914 0.664164
v -0.757538 0.513594 0.664164
v -0.792430 0.513594 0.706844
v -0.792430 0.470914 0.664164
v -0.792430 0.470914 0.706844
v -0.792430 0.513594 0.664164
v -0.757538 0.470914 0.706844
v -0.792430 0.470914 0.664164
v -0.757538 0.470914 0.664164
v -0.792430 0.470914 0.706844
v -0.757538 0.370124 0.667410
v -0.789555 0.370124 0.717075
v -0.757538 0.370124 0.717075
v -0.789555 0.370124 0.667410
v -0.757538 0.327444 0.717075
v -0.789555 0.327444 0.667410
v -0.757538 0.327444 0.667410
v -0.789555 0.327444 0.717075
v -0.757538 0.370124 0.667410
v -0.757538 0.327444 0.717075
v -0.757538 0.327444 0.667410
v -0.757538 0.370124 0.717075
v -0.757538 0.370124 0.717075
v -0.789555 0.327444 0.717075
v -0.757538 0.327444 0.717075
v -0.789555 0.370124 0.717075
v -0.789555 0.370124 0.717075
v -0.789555 0.327444 0.667410
v -0.789555 0.327444 0.717075
v -0.789555 0.370124 0.667410
v -0.789555 0.370124 0.667410
v -0.757538 0.327444 0.667410
v -0.789555 0.327444 0.667410
v -0.757538 0.370124 0.667410
v -0.757538 0.326342 0.664164
v -0.792430 0.326342 0.706844
v -0.757538 0.326342 0.706844
v -0.792430 0.326342 0.664164
v -0.757538 0.283662 0.706844
v -0.792430 0.283662 0.664164
v -0.757538 0.283662 0.664164
v -0.792430 0.283662 0.706844
v -0.757538 0.326342 0.664164
v -0.757538 0.283662 0.706844
v -0.757538 0.283662 0.664164
v -0.757538 0.326342 0.706844
v -0.757538 0.326342 0.706844
v -0.792430 0.283662 0.706844
v -0.757538 0.283662 0.706844
v -0.792430 0.326342 0.706844
v -0.792430 0.326342 0.706844
v -0.792430 0.283662 0.664164
v -0.792430 0.283662 0.706844
v -0.792430 0.326342 0.664164
v -0.792430 0.326342 0.664164
v -0.757538 0.283662 0.664164
v -0.792430 0.283662 0.664164
v -0.757538 0.326342 0.664164
v -0.757538 0.281628 0.667410
v -0.789555 0.281628 0.717075
v -0.757538 0.281628 0.717075
v -0.789555 0.281628 0.667410
v -0.757538 0.238948 0.717075
v -0.789555 0.238948 0.667410
v -0.757538 0.238948 0.667410
v -0.789555 0.238948 0.717075
v -0.757538 0.281628 0.667410
v -0.757538 0.238948 0.717075
v -0.757538 0.238948 0.667410
v -0.757538 0.281628 0.717075
v -0.757538 0.281628 0.717075
v -0.789555 0.238948 0.717075
v -0.757538 0.238948 0.717075
v -0.789555 0.281628 0.717075
v -0.789555 0.281628 0.717075
v -0.789555 0.238948 0.667410
v -0.789555 0.238948 0.717075
v -0.789555 0.281628 0.667410
v -0.789555 0.281628 0.667410
v -0.757538 0.238948 0.667410
v -0.789555 0.238948 0.667410
v -0.757538 0.281628 0.667410
v -0.757538 0.237846 0.664721
v -0.800218 0.237846 0.695591
v -0.757538 0.237846 0.695591
v -0.800218 0.237846 0.664721
v -0.757538 0.182842 0.695591
v -0.800218 0.182842 0.664721
v -0.757538 0.182842 0.664721
v -0.800218 0.182842 0.695591
v -0.757538 0.237846 0.664721
v -0.757538 0.182842 0.695591
v -0.757538 0.182842 0.664721
v -0.757538 0.237846 0.695591
v -0.757538 0.237846 0.695591
v -0.800218 0.182842 0.695591
v -0.757538 0.182842 0.695591
v -0.800218 0.237846 0.695591
v -0.800218 0.237846 0.695591
v -0.800218 0.182842 0.664721
v -0.800218 0.182842 0.695591
v -0.800218 0.237846 0.664721
v -0.800218 0.237846 0.664721
v -0.757538 0.182842 0.664721
v -0.800218 0.182842 0.664721
v -0.757538 0.237846 0.664721
v -0.782146 0.656150 0.902296
v -0.782146 0.656150 0.951961
v -0.736511 0.656150 0.951961
v -0.736511 0.656150 0.902296
v -0.782146 0.558209 0.951961
v -0.782146 0.558209 0.902296
v -0.736511 0.558209 0.902296
v -0.736511 0.558209 0.951961
v -0.736511 0.558209 0.902296
v -0.736511 0.656150 0.951961
v -0.736511 0.558209 0.951961
v -0.736511 0.656150 0.902296
v -0.782146 0.558209 0.902296
v -0.736511 0.656150 0.902296
v -0.736511 0.558209 0.902296
v -0.782146 0.656150 0.902296
v -0.782146 0.558209 0.951961
v -0.782146 0.656150 0.902296
v -0.782146 0.558209 0.902296
v -0.782146 0.656150 0.951961
v -0.736511 0.558209 0.951961
v -0.782146 0.656150 0.951961
v -0.782146 0.558209 0.951961
v -0.736511 0.656150 0.951961
v -0.789555 0.556496 0.929890
v -0.757538 0.556496 0.880225
v -0.789555 0.556496 0.880225
v -0.757538 0.556496 0.929890
v -0.789555 0.513816 0.929890
v -0.789555 0.513816 0.880225
v -0.757538 0.513816 0.880225
v -0.757538 0.513816 0.929890
v -0.757538 0.513816 0.880225
v -0.757538 0.556496 0.929890
v -0.757538 0.513816 0.929890
v -0.757538 0.556496 0.880225
v -0.789555 0.513816 0.880225
v -0.757538 0.556496 0.880225
v -0.757538 0.513816 0.880225
v -0.789555 0.556496 0.880225
v -0.789555 0.513816 0.929890
v -0.789555 0.556496 0.880225
v -0.789555 0.513816 0.880225
v -0.789555 0.556496 0.929890
v -0.757538 0.513816 0.929890
v -0.789555 0.556496 0.929890
v -0.789555 0.513816 0.929890
v -0.757538 0.556496 0.929890
v -0.789555 0.370124 0.929890
v -0.757538 0.370124 0.880225
v -0.789555 0.370124 0.880225
v -0.757538 0.370124 0.929890
v -0.789555 0.327444 0.929890
v -0.789555 0.327444 0.880225
v -0.757538 0.327444 0.880225
v -0.757538 0.327444 0.929890
v -0.757538 0.327444 0.880225
v -0.757538 0.370124 0.929890
v -0.757538 0.327444 0.929890
v -0.757538 0.370124 0.880225
v -0.789555 0.327444 0.880225
v -0.757538 0.370124 0.880225
v -0.757538 0.327444 0.880225
v -0.789555 0.370124 0.880225
v -0.789555 0.327444 0.929890
v -0.789555 0.370124 0.880225
v -0.789555 0.327444 0.880225
v -0.789555 0.370124 0.929890
v -0.757538 0.327444 0.929890
v -0.789555 0.370124 0.929890
v -0.789555 0.327444 0.929890
v -0.757538 0.370124 0.929890
v -0.792430 0.326342 0.890455
v -0.792430 0.326342 0.933135
v -0.757538 0.326342 0.933135
v -0.757538 0.326342 0.890455
v -0.792430 0.283662 0.933135
v -0.792430 0.283662 0.890455
v -0.757538 0.283662 0.890455
v -0.757538 0.283662 0.933135
v -0.757538 0.283662 0.890455
v -0.757538 0.326342 0.933135
v -0.757538 0.283662 0.933135
v -0.757538 0.326342 0.890455
v -0.792430 0.283662 0.890455
v -0.757538 0.326342 0.890455
v -0.757538 0.283662 0.890455
v -0.792430 0.326342 0.890455
v -0.792430 0.283662 0.933135
v -0.792430 0.326342 0.890455
v -0.792430 0.283662 0.890455
v -0.792430 0.326342 0.933135
v -0.757538 0.283662 0.933135
v -0.792430 0.326342 0.933135
v -0.792430 0.283662 0.933135
v -0.757538 0.326342 0.933135
v -0.789555 0.281628 0.929890
v -0.757538 0.281628 0.880225
v -0.789555 0.281628 0.880225
v -0.757538 0.281628 0.929890
v -0.789555 0.238948 0.929890
v -0.789555 0.238948 0.880225
v -0.757538 0.238948 0.880225
v -0.757538 0.238948 0.929890
v -0.757538 0.238948 0.880225
v -0.757538 0.281628 0.929890
v -0.757538 0.238948 0.929890
v -0.757538 0.281628 0.880225
v -0.789555 0.238948 0.880225
v -0.757538 0.281628 0.880225
v -0.757538 0.238948 0.880225
v -0.789555 0.281628 0.880225
v -0.789555 0.238948 0.929890
v -0.789555 0.281628 0.880225
v -0.789555 0.238948 0.880225
v -0.789555 0.281628 0.929890
v -0.757538 0.238948 0.929890
v -0.789555 0.281628 0.929890
v -0.789555 0.238948 0.929890
v -0.757538 0.281628 0.929890
v -0.800218 0.237846 0.901708
v -0.800218 0.237846 0.932579
v -0.757538 0.237846 0.932579
v -0.757538 0.237846 0.901708
v -0.800218 0.182843 0.932579
v -0.800218 0.182843 0.901708
v -0.757538 0.182843 0.901708
v -0.757538 0.182843 0.932579
v -0.757538 0.182843 0.901708
v -0.757538 0.237846 0.932579
v -0.757538 0.182843 0.932579
v -0.757538 0.237846 0.901708
v -0.800218 0.182843 0.901708
v -0.757538 0.237846 0.901708
v -0.757538 0.182843 0.901708
v -0.800218 0.237846 0.901708
v -0.800218 0.182843 0.932579
v -0.800218 0.237846 0.901708
v -0.800218 0.182843 0.901708
v -0.800218 0.237846 0.932579
v -0.757538 0.182843 0.932579
v -0.800218 0.237846 0.932579
v -0.800218 0.182843 0.932579
v -0.757538 0.237846 0.932579
v 1.028560 0.513594 -0.090722
v 0.993668 0.513594 -0.133402
v 0.993668 0.513594 -0.090722
v 1.028561 0.513594 -0.133402
v 1.028560 0.470914 -0.090722
v 0.993668 0.470914 -0.133402
v 1.028561 0.470914 -0.133402
v 0.993668 0.470914 -0.090722
v 1.028561 0.513594 -0.133402
v 1.028560 0.470914 -0.090722
v 1.028561 0.470914 -0.133402
v 1.028560 0.513594 -0.090722
v 1.028560 0.513594 -0.090722
v 0.993668 0.513594 -0.090722
v 0.993668 0.470914 -0.090722
v 1.028560 0.470914 -0.090722
v 0.993668 0.513594 -0.090722
v 0.993668 0.470914 -0.133402
v 0.993668 0.470914 -0.090722
v 0.993668 0.513594 -0.133402
v 0.993668 0.513594 -0.133402
v 1.028561 0.513594 -0.133402
v 1.028561 0.470914 -0.133402
v 0.993668 0.470914 -0.133402
v 1.028560 0.468880 -0.080492
v 0.996543 0.468880 -0.130157
v 0.996543 0.468880 -0.080492
v 1.028561 0.468880 -0.130157
v 1.028560 0.426199 -0.080492
v 0.996543 0.426199 -0.130157
v 1.028561 0.426199 -0.130157
v 0.996543 0.426199 -0.080492
v 1.028561 0.468880 -0.130157
v 1.028560 0.468880 -0.080492
v 1.028560 0.426199 -0.080492
v 1.028561 0.426199 -0.130157
v 1.028560 0.468880 -0.080492
v 0.996543 0.426199 -0.080492
v 1.028560 0.426199 -0.080492
v 0.996543 0.468880 -0.080492
v 0.996543 0.468880 -0.080492
v 0.996543 0.468880 -0.130157
v 0.996543 0.426199 -0.130157
v 0.996543 0.426199 -0.080492
v 0.996543 0.468880 -0.130157
v 1.028561 0.468880 -0.130157
v 1.028561 0.426199 -0.130157
v 0.996543 0.426199 -0.130157
v 1.028561 0.425098 -0.132846
v 0.985880 0.425098 -0.132846
v 0.985880 0.425098 -0.101975
v 1.028561 0.425098 -0.101975
v 1.028561 0.370094 -0.101975
v 0.985880 0.370094 -0.101975
v 0.985880 0.370094 -0.132845
v 1.028561 0.370094 -0.132845
v 1.028561 0.425098 -0.132846
v 1.028561 0.370094 -0.101975
v 1.028561 0.370094 -0.132845
v 1.028561 0.425098 -0.101975
v 1.028561 0.425098 -0.101975
v 0.985880 0.370094 -0.101975
v 1.028561 0.370094 -0.101975
v 0.985880 0.425098 -0.101975
v 0.985880 0.425098 -0.101975
v 0.985880 0.370094 -0.132845
v 0.985880 0.370094 -0.101975
v 0.985880 0.425098 -0.132846
v 0.985880 0.425098 -0.132846
v 1.028561 0.425098 -0.132846
v 1.028561 0.370094 -0.132845
v 0.985880 0.370094 -0.132845
v 0.993668 0.513594 0.092889
v 0.993668 0.513594 0.135569
v 1.028560 0.513594 0.135569
v 1.028560 0.513594 0.092889
v 0.993668 0.470914 0.135569
v 0.993668 0.470914 0.092889
v 1.028560 0.470914 0.092889
v 1.028560 0.470914 0.135569
v 1.028560 0.470914 0.092889
v 1.028560 0.513594 0.135569
v 1.028560 0.470914 0.135569
v 1.028560 0.513594 0.092889
v 0.993668 0.470914 0.092889
v 1.028560 0.513594 0.092889
v 1.028560 0.470914 0.092889
v 0.993668 0.513594 0.092889
v 0.993668 0.470914 0.135569
v 0.993668 0.513594 0.092889
v 0.993668 0.470914 0.092889
v 0.993668 0.513594 0.135569
v 1.028560 0.470914 0.135569
v 0.993668 0.513594 0.135569
v 0.993668 0.470914 0.135569
v 1.028560 0.513594 0.135569
v 0.996543 0.468880 0.082658
v 0.996543 0.468880 0.132323
v 1.028560 0.468880 0.132323
v 1.028560 0.468880 0.082658
v 0.996543 0.426199 0.132323
v 0.996543 0.426199 0.082658
v 1.028560 0.426199 0.082658
v 1.028560 0.426199 0.132323
v 1.028560 0.426199 0.082658
v 1.028560 0.468880 0.132323
v 1.028560 0.426199 0.132323
v 1.028560 0.468880 0.082658
v 0.996543 0.426199 0.082658
v 1.028560 0.468880 0.082658
v 1.028560 0.426199 0.082658
v 0.996543 0.468880 0.082658
v 0.996543 0.426199 0.132323
v 0.996543 0.468880 0.082658
v 0.996543 0.426199 0.082658
v 0.996543 0.468880 0.132323
v 1.028560 0.426199 0.132323
v 0.996543 0.468880 0.132323
v 0.996543 0.426199 0.132323
v 1.028560 0.468880 0.132323
v 0.985880 0.425098 0.104142
v 0.985880 0.425098 0.135012
v 1.028560 0.425098 0.135012
v 1.028560 0.425098 0.104142
v 0.985880 0.370094 0.135012
v 0.985880 0.370094 0.104142
v 1.028560 0.370094 0.104142
v 1.028560 0.370094 0.135012
v 1.028560 0.370094 0.104142
v 1.028560 0.425098 0.135012
v 1.028560 0.370094 0.135012
v 1.028560 0.425098 0.104142
v 0.985880 0.370094 0.104142
v 1.028560 0.425098 0.104142
v 1.028560 0.370094 0.104142
v 0.985880 0.425098 0.104142
v 0.985880 0.370094 0.135012
v 0.985880 0.425098 0.104142
v 0.985880 0.370094 0.104142
v 0.985880 0.425098 0.135012
v 1.028560 0.370094 0.135012
v 0.985880 0.425098 0.135012
v 0.985880 0.370094 0.135012
v 1.028560 0.425098 0.135012
v 1.028560 0.181836 -0.080492
v 0.996543 0.181836 -0.130157
v 0.996543 0.181836 -0.080492
v 1.028561 0.181836 -0.130157
v 1.028560 0.139156 -0.080492
v 0.996543 0.139156 -0.080492
v 0.996543 0.139156 -0.130157
v 1.028561 0.139156 -0.130157
v 1.028561 0.181836 -0.130157
v 1.028560 0.181836 -0.080492
v 1.028560 0.139156 -0.080492
v 1.028561 0.139156 -0.130157
v 1.028560 0.181836 -0.080492
v 0.996543 0.181836 -0.080492
v 0.996543 0.139156 -0.080492
v 1.028560 0.139156 -0.080492
v 0.996543 0.181836 -0.080492
v 0.996543 0.181836 -0.130157
v 0.996543 0.139156 -0.130157
v 0.996543 0.139156 -0.080492
v 0.996543 0.181836 -0.130157
v 1.028561 0.181836 -0.130157
v 1.028561 0.139156 -0.130157
v 0.996543 0.139156 -0.130157
v 1.028561 0.138055 -0.132845
v 0.985880 0.138055 -0.101975
v 1.028561 0.138055 -0.101975
v 0.985880 0.138055 -0.132845
v 1.028561 0.083051 -0.101975
v 0.985880 0.083051 -0.101975
v 0.985880 0.083051 -0.132845
v 1.028561 0.083051 -0.132845
v 1.028561 0.138055 -0.132845
v 1.028561 0.083051 -0.101975
v 1.028561 0.083051 -0.132845
v 1.028561 0.138055 -0.101975
v 1.028561 0.138055 -0.101975
v 0.985880 0.138055 -0.101975
v 0.985880 0.083051 -0.101975
v 1.028561 0.083051 -0.101975
v 0.985880 0.138055 -0.101975
v 0.985880 0.083051 -0.132845
v 0.985880 0.083051 -0.101975
v 0.985880 0.138055 -0.132845
v 0.985880 0.138055 -0.132845
v 1.028561 0.138055 -0.132845
v 1.028561 0.083051 -0.132845
v 0.985880 0.083051 -0.132845
v 0.996543 0.181836 0.082658
v 0.996543 0.181836 0.132324
v 1.028560 0.181836 0.132324
v 1.028560 0.181836 0.082658
v 0.996543 0.139156 0.132324
v 0.996543 0.139156 0.082658
v 1.028560 0.139156 0.082658
v 1.028560 0.139156 0.132324
v 1.028560 0.139156 0.082658
v 1.028560 0.181836 0.132324
v 1.028560 0.139156 0.132324
v 1.028560 0.181836 0.082658
v 0.996543 0.139156 0.082658
v 1.028560 0.181836 0.082658
v 1.028560 0.139156 0.082658
v 0.996543 0.181836 0.082658
v 0.996543 0.139156 0.132324
v 0.996543 0.181836 0.082658
v 0.996543 0.139156 0.082658
v 0.996543 0.181836 0.132324
v 1.028560 0.139156 0.132324
v 0.996543 0.181836 0.132324
v 0.996543 0.139156 0.132324
v 1.028560 0.181836 0.132324
v 0.985880 0.138055 0.104142
v 0.985880 0.138055 0.135012
v 1.028560 0.138055 0.135012
v 1.028560 0.138055 0.104142
v 0.985880 0.083051 0.135012
v 0.985880 0.083051 0.104142
v 1.028560 0.083051 0.104142
v 1.028560 0.083051 0.135012
v 1.028560 0.083051 0.104142
v 1.028560 0.138055 0.135012
v 1.028560 0.083051 0.135012
v 1.028560 0.138055 0.104142
v 0.985880 0.083051 0.104142
v 1.028560 0.138055 0.104142
v 1.028560 0.083051 0.104142
v 0.985880 0.138055 0.104142
v 0.985880 0.083051 0.135012
v 0.985880 0.138055 0.104142
v 0.985880 0.083051 0.104142
v 0.985880 0.138055 0.135012
v 1.028560 0.083051 0.135012
v 0.985880 0.138055 0.135012
v 0.985880 0.083051 0.135012
v 1.028560 0.138055 0.135012
v 0.789555 0.181836 -0.080492
v 0.757538 0.181836 -0.130157
v 0.757538 0.181836 -0.080492
v 0.789555 0.181836 -0.130157
v 0.789555 0.139156 -0.130157
v 0.757538 0.139156 -0.080492
v 0.757538 0.139156 -0.130157
v 0.789555 0.139156 -0.080492
v 0.757538 0.139156 -0.080492
v 0.757538 0.181836 -0.130157
v 0.757538 0.139156 -0.130157
v 0.757538 0.181836 -0.080492
v 0.789555 0.139156 -0.080492
v 0.757538 0.181836 -0.080492
v 0.757538 0.139156 -0.080492
v 0.789555 0.181836 -0.080492
v 0.789555 0.139156 -0.130157
v 0.789555 0.181836 -0.080492
v 0.789555 0.139156 -0.080492
v 0.789555 0.181836 -0.130157
v 0.757538 0.139156 -0.130157
v 0.789555 0.181836 -0.130157
v 0.789555 0.139156 -0.130157
v 0.757538 0.181836 -0.130157
v 0.800218 0.138055 -0.101975
v 0.757538 0.138055 -0.132846
v 0.757538 0.138055 -0.101975
v 0.800218 0.138055 -0.132846
v 0.800218 0.083051 -0.132846
v 0.757538 0.083051 -0.101975
v 0.757538 0.083051 -0.132846
v 0.800218 0.083051 -0.101975
v 0.757538 0.083051 -0.101975
v 0.757538 0.138055 -0.132846
v 0.757538 0.083051 -0.132846
v 0.757538 0.138055 -0.101975
v 0.800218 0.083051 -0.101975
v 0.757538 0.138055 -0.101975
v 0.757538 0.083051 -0.101975
v 0.800218 0.138055 -0.101975
v 0.800218 0.083051 -0.132846
v 0.800218 0.138055 -0.101975
v 0.800218 0.083051 -0.101975
v 0.800218 0.138055 -0.132846
v 0.757538 0.083051 -0.132846
v 0.800218 0.138055 -0.132846
v 0.800218 0.083051 -0.132846
v 0.757538 0.138055 -0.132846
v 0.789555 0.181836 0.132323
v 0.757538 0.181836 0.082658
v 0.757538 0.181836 0.132323
v 0.789555 0.181836 0.082658
v 0.789555 0.139156 0.132323
v 0.757538 0.139156 0.082658
v 0.789555 0.139156 0.082658
v 0.757538 0.139156 0.132323
v 0.757538 0.181836 0.132323
v 0.757538 0.181836 0.082658
v 0.757538 0.139156 0.082658
v 0.757538 0.139156 0.132323
v 0.757538 0.181836 0.082658
v 0.789555 0.181836 0.082658
v 0.789555 0.139156 0.082658
v 0.757538 0.139156 0.082658
v 0.789555 0.181836 0.082658
v 0.789555 0.139156 0.132323
v 0.789555 0.139156 0.082658
v 0.789555 0.181836 0.132323
v 0.789555 0.181836 0.132323
v 0.757538 0.181836 0.132323
v 0.757538 0.139156 0.132323
v 0.789555 0.139156 0.132323
v 0.800218 0.138055 0.104142
v 0.757538 0.138055 0.135012
v 0.800218 0.138055 0.135012
v 0.757538 0.138055 0.104142
v 0.800218 0.083051 0.135012
v 0.757538 0.083051 0.104142
v 0.800218 0.083051 0.104142
v 0.757538 0.083051 0.135012
v 0.757538 0.138055 0.135012
v 0.757538 0.083051 0.104142
v 0.757538 0.083051 0.135012
v 0.757538 0.138055 0.104142
v 0.757538 0.138055 0.104142
v 0.800218 0.138055 0.104142
v 0.800218 0.083051 0.104142
v 0.757538 0.083051 0.104142
v 0.800218 0.138055 0.104142
v 0.800218 0.083051 0.135012
v 0.800218 0.083051 0.104142
v 0.800218 0.138055 0.135012
v 0.800218 0.138055 0.135012
v 0.757538 0.138055 0.135012
v 0.757538 0.083051 0.135012
v 0.800218 0.083051 0.135012
v 0.757538 0.425098 0.104142
v 0.800218 0.425098 0.104142
v 0.800218 0.370094 0.104142
v 0.757538 0.370094 0.104142
v 0.800218 0.425098 0.104142
v 0.757538 0.425098 0.135012
v 0.800218 0.425098 0.135012
v 0.757538 0.425098 0.104142
v 0.757538 0.425098 0.135012
v 0.757538 0.370094 0.104142
v 0.757538 0.370094 0.135012
v 0.757538 0.425098 0.104142
v 0.800218 0.425098 0.135012
v 0.757538 0.425098 0.135012
v 0.757538 0.370094 0.135012
v 0.800218 0.370094 0.135012
v 0.800218 0.425098 0.104142
v 0.800218 0.370094 0.135012
v 0.800218 0.370094 0.104142
v 0.800218 0.425098 0.135012
v 0.800218 0.370094 0.135012
v 0.757538 0.370094 0.104142
v 0.800218 0.370094 0.104142
v 0.757538 0.370094 0.135012
v 0.757538 0.468880 0.082658
v 0.789555 0.468880 0.082658
v 0.789555 0.426199 0.082658
v 0.757538 0.426199 0.082658
v 0.789555 0.468880 0.132323
v 0.757538 0.468880 0.082658
v 0.757538 0.468880 0.132323
v 0.789555 0.468880 0.082658
v 0.757538 0.468880 0.132323
v 0.757538 0.426199 0.082658
v 0.757538 0.426199 0.132323
v 0.757538 0.468880 0.082658
v 0.789555 0.468880 0.132323
v 0.757538 0.468880 0.132323
v 0.757538 0.426199 0.132323
v 0.789555 0.426199 0.132323
v 0.789555 0.468880 0.082658
v 0.789555 0.468880 0.132323
v 0.789555 0.426199 0.132323
v 0.789555 0.426199 0.082658
v 0.789555 0.426199 0.132323
v 0.757538 0.426199 0.082658
v 0.789555 0.426199 0.082658
v 0.757538 0.426199 0.132323
v 0.757538 0.513594 0.092889
v 0.792430 0.513594 0.092889
v 0.792430 0.470914 0.092889
v 0.757538 0.470914 0.092889
v 0.792430 0.513594 0.092889
v 0.757538 0.513594 0.135569
v 0.792430 0.513594 0.135569
v 0.757538 0.513594 0.092889
v 0.757538 0.513594 0.135569
v 0.757538 0.513594 0.092889
v 0.757538 0.470914 0.092889
v 0.757538 0.470914 0.135569
v 0.792430 0.513594 0.135569
v 0.757538 0.513594 0.135569
v 0.757538 0.470914 0.135569
v 0.792430 0.470914 0.135569
v 0.792430 0.513594 0.092889
v 0.792430 0.470914 0.135569
v 0.792430 0.470914 0.092889
v 0.792430 0.513594 0.135569
v 0.792430 0.470914 0.135569
v 0.757538 0.470914 0.092889
v 0.792430 0.470914 0.092889
v 0.757538 0.470914 0.135569
v 1.039513 0.100476 -0.150161
v 1.039513 0.100476 0.153131
v 1.039513 0.070826 0.153131
v 1.039513 0.070826 -0.150161
v 0.736220 0.100476 0.153131
v 0.736220 0.100476 -0.150161
v 0.736220 0.070826 -0.150161
v 0.736220 0.070826 0.153131
v 0.736220 0.100476 -0.150161
v 1.039513 0.070826 -0.150161
v 0.736220 0.070826 -0.150161
v 1.039513 0.100476 -0.150161
v 1.039513 0.100476 0.153131
v 0.736220 0.070826 0.153131
v 1.039513 0.070826 0.153131
v 0.736220 0.100476 0.153131
v 0.736220 0.070826 -0.150161
v 1.039513 0.070826 0.153131
v 0.736220 0.070826 0.153131
v 1.039513 0.070826 -0.150161
v 1.039513 0.100476 0.153131
v 0.736220 0.100476 -0.150161
v 0.736220 0.100476 0.153131
v 1.039513 0.100476 -0.150161
v 1.046685 0.610504 0.098623
v 1.001049 0.610504 0.098623
v 1.001049 0.558209 0.098623
v 1.046685 0.558209 0.098623
v 1.001049 0.610504 0.034140
v 1.046685 0.610504 0.034140
v 1.046685 0.558209 0.034140
v 1.001049 0.558209 0.034140
v 1.001049 0.610504 0.098623
v 1.001049 0.610504 0.034140
v 1.001049 0.558209 0.034140
v 1.001049 0.558209 0.098623
v 1.046685 0.558209 0.098623
v 1.001049 0.558209 0.034140
v 1.046685 0.558209 0.034140
v 1.001049 0.558209 0.098623
v 1.046685 0.610504 0.034140
v 1.046685 0.610504 0.098623
v 1.046685 0.558209 0.098623
v 1.046685 0.558209 0.034140
v 1.046685 0.610504 0.034140
v 1.001049 0.610504 0.098623
v 1.046685 0.610504 0.098623
v 1.001049 0.610504 0.034140
v 1.046839 0.656150 0.025603
v 1.001203 0.558209 0.025603
v 1.046839 0.558209 0.025603
v 1.001203 0.656150 0.025603
v 1.001203 0.656150 -0.024062
v 1.046839 0.558209 -0.024062
v 1.001203 0.558209 -0.024062
v 1.046839 0.656150 -0.024062
v 1.001203 0.656150 0.025603
v 1.001203 0.558209 -0.024062
v 1.001203 0.558209 0.025603
v 1.001203 0.656150 -0.024062
v 1.046839 0.558209 0.025603
v 1.001203 0.558209 -0.024062
v 1.046839 0.558209 -0.024062
v 1.001203 0.558209 0.025603
v 1.046839 0.656150 -0.024062
v 1.046839 0.558209 0.025603
v 1.046839 0.558209 -0.024062
v 1.046839 0.656150 0.025603
v 1.046839 0.656150 -0.024062
v 1.001203 0.656150 0.025603
v 1.046839 0.656150 0.025603
v 1.001203 0.656150 -0.024062
v 1.046685 0.615538 -0.034094
v 1.001049 0.558209 -0.034094
v 1.046685 0.558209 -0.034094
v 1.001049 0.615538 -0.034094
v 1.001049 0.615538 -0.099161
v 1.046685 0.558209 -0.099161
v 1.001049 0.558209 -0.099161
v 1.046685 0.615538 -0.099161
v 1.001049 0.615538 -0.034094
v 1.001049 0.558209 -0.099161
v 1.001049 0.558209 -0.034094
v 1.001049 0.615538 -0.099161
v 1.046685 0.558209 -0.034094
v 1.001049 0.558209 -0.099161
v 1.046685 0.558209 -0.099161
v 1.001049 0.558209 -0.034094
v 1.046685 0.615538 -0.099161
v 1.046685 0.558209 -0.034094
v 1.046685 0.558209 -0.099161
v 1.046685 0.615538 -0.034094
v 1.046685 0.615538 -0.099161
v 1.001049 0.615538 -0.034094
v 1.046685 0.615538 -0.034094
v 1.001049 0.615538 -0.099161
v 0.990589 0.610504 -0.152552
v 0.990589 0.558209 -0.106917
v 0.990589 0.558209 -0.152552
v 0.990589 0.610504 -0.106917
v 0.926106 0.610504 -0.106917
v 0.926106 0.558209 -0.152552
v 0.926106 0.558209 -0.106917
v 0.926106 0.610504 -0.152552
v 0.990589 0.610504 -0.106917
v 0.926106 0.558209 -0.106917
v 0.990589 0.558209 -0.106917
v 0.926106 0.610504 -0.106917
v 0.990589 0.558209 -0.152552
v 0.926106 0.558209 -0.106917
v 0.926106 0.558209 -0.152552
v 0.990589 0.558209 -0.106917
v 0.926106 0.610504 -0.152552
v 0.990589 0.558209 -0.152552
v 0.926106 0.558209 -0.152552
v 0.990589 0.610504 -0.152552
v 0.926106 0.610504 -0.106917
v 0.990589 0.610504 -0.152552
v 0.926106 0.610504 -0.152552
v 0.990589 0.610504 -0.106917
v 0.917569 0.656150 -0.152707
v 0.917569 0.558209 -0.107071
v 0.917569 0.558209 -0.152707
v 0.917569 0.656150 -0.107071
v 0.867904 0.656150 -0.107071
v 0.867904 0.558209 -0.152707
v 0.867904 0.558209 -0.107071
v 0.867904 0.656150 -0.152707
v 0.917569 0.656150 -0.107071
v 0.867904 0.558209 -0.107071
v 0.917569 0.558209 -0.107071
v 0.867904 0.656150 -0.107071
v 0.917569 0.558209 -0.152707
v 0.867904 0.558209 -0.107071
v 0.867904 0.558209 -0.152707
v 0.917569 0.558209 -0.107071
v 0.867904 0.656150 -0.152707
v 0.917569 0.558209 -0.152707
v 0.867904 0.558209 -0.152707
v 0.917569 0.656150 -0.152707
v 0.867904 0.656150 -0.107071
v 0.917569 0.656150 -0.152707
v 0.867904 0.656150 -0.152707
v 0.917569 0.656150 -0.107071
v 0.857872 0.615538 -0.152552
v 0.857872 0.558209 -0.106917
v 0.857872 0.558209 -0.152552
v 0.857872 0.615538 -0.106917
v 0.792805 0.615538 -0.106917
v 0.792805 0.558209 -0.152552
v 0.792805 0.558209 -0.106917
v 0.792805 0.615538 -0.152552
v 0.857872 0.615538 -0.106917
v 0.792805 0.558209 -0.106917
v 0.857872 0.558209 -0.106917
v 0.792805 0.615538 -0.106917
v 0.857872 0.558209 -0.152552
v 0.792805 0.558209 -0.106917
v 0.792805 0.558209 -0.152552
v 0.857872 0.558209 -0.106917
v 0.792805 0.615538 -0.152552
v 0.857872 0.558209 -0.152552
v 0.792805 0.558209 -0.152552
v 0.857872 0.615538 -0.152552
v 0.792805 0.615538 -0.152552
v 0.792805 0.615538 -0.106917
v 0.857872 0.615538 -0.106917
v 0.857872 0.615538 -0.152552
v 0.739413 0.610504 -0.096456
v 0.785049 0.558209 -0.096456
v 0.739413 0.558209 -0.096456
v 0.785049 0.610504 -0.096456
v 0.785049 0.610504 -0.031973
v 0.739413 0.558209 -0.031973
v 0.785049 0.558209 -0.031973
v 0.739413 0.610504 -0.031973
v 0.785049 0.610504 -0.096456
v 0.785049 0.558209 -0.031973
v 0.785049 0.558209 -0.096456
v 0.785049 0.610504 -0.031973
v 0.785049 0.558209 -0.031973
v 0.739413 0.558209 -0.096456
v 0.785049 0.558209 -0.096456
v 0.739413 0.558209 -0.031973
v 0.739413 0.610504 -0.031973
v 0.739413 0.558209 -0.096456
v 0.739413 0.558209 -0.031973
v 0.739413 0.610504 -0.096456
v 0.785049 0.610504 -0.031973
v 0.739413 0.610504 -0.096456
v 0.739413 0.610504 -0.031973
v 0.785049 0.610504 -0.096456
v 0.739259 0.656150 -0.023437
v 0.784895 0.558209 -0.023437
v 0.739259 0.558209 -0.023437
v 0.784895 0.656150 -0.023437
v 0.784895 0.656150 0.026229
v 0.739259 0.558209 0.026229
v 0.784895 0.558209 0.026229
v 0.739259 0.656150 0.026229
v 0.784895 0.656150 -0.023437
v 0.784895 0.558209 0.026229
v 0.784895 0.558209 -0.023437
v 0.784895 0.656150 0.026229
v 0.784895 0.558209 0.026229
v 0.739259 0.558209 -0.023437
v 0.784895 0.558209 -0.023437
v 0.739259 0.558209 0.026229
v 0.739259 0.656150 0.026229
v 0.739259 0.558209 -0.023437
v 0.739259 0.558209 0.026229
v 0.739259 0.656150 -0.023437
v 0.784895 0.656150 -0.023437
v 0.739259 0.656150 0.026229
v 0.784895 0.656150 0.026229
v 0.739259 0.656150 -0.023437
v 0.739413 0.615538 0.036260
v 0.785049 0.558209 0.036260
v 0.739413 0.558209 0.036260
v 0.785049 0.615538 0.036260
v 0.785049 0.615538 0.101328
v 0.739413 0.558209 0.101328
v 0.785049 0.558209 0.101328
v 0.739413 0.615538 0.101328
v 0.785049 0.615538 0.036260
v 0.785049 0.558209 0.101328
v 0.785049 0.558209 0.036260
v 0.785049 0.615538 0.101328
v 0.785049 0.558209 0.101328
v 0.739413 0.558209 0.036260
v 0.785049 0.558209 0.036260
v 0.739413 0.558209 0.101328
v 0.739413 0.615538 0.101328
v 0.739413 0.558209 0.036260
v 0.739413 0.558209 0.101328
v 0.739413 0.615538 0.036260
v 0.785049 0.615538 0.101328
v 0.739413 0.615538 0.036260
v 0.739413 0.615538 0.101328
v 0.785049 0.615538 0.036260
v 0.795509 0.610504 0.154719
v 0.795509 0.558209 0.109083
v 0.795509 0.558209 0.154719
v 0.795509 0.610504 0.109083
v 0.859993 0.610504 0.109083
v 0.859993 0.558209 0.154719
v 0.859993 0.558209 0.109083
v 0.859993 0.610504 0.154719
v 0.795509 0.610504 0.109083
v 0.859993 0.558209 0.109083
v 0.795509 0.558209 0.109083
v 0.859993 0.610504 0.109083
v 0.795509 0.558209 0.154719
v 0.795509 0.558209 0.109083
v 0.859993 0.558209 0.109083
v 0.859993 0.558209 0.154719
v 0.859993 0.610504 0.154719
v 0.795509 0.558209 0.154719
v 0.859993 0.558209 0.154719
v 0.795509 0.610504 0.154719
v 0.859993 0.610504 0.154719
v 0.795509 0.610504 0.109083
v 0.795509 0.610504 0.154719
v 0.859993 0.610504 0.109083
v 0.868529 0.656150 0.154873
v 0.868529 0.558209 0.109238
v 0.868529 0.558209 0.154873
v 0.868529 0.656150 0.109238
v 0.918194 0.656150 0.109238
v 0.918194 0.558209 0.154873
v 0.918194 0.558209 0.109238
v 0.918194 0.656150 0.154873
v 0.868529 0.656150 0.109238
v 0.918194 0.558209 0.109238
v 0.868529 0.558209 0.109238
v 0.918194 0.656150 0.109238
v 0.868529 0.558209 0.154873
v 0.868529 0.558209 0.109238
v 0.918194 0.558209 0.109238
v 0.918194 0.558209 0.154873
v 0.918194 0.656150 0.154873
v 0.868529 0.558209 0.154873
v 0.918194 0.558209 0.154873
v 0.868529 0.656150 0.154873
v 0.918194 0.656150 0.154873
v 0.868529 0.656150 0.109238
v 0.868529 0.656150 0.154873
v 0.918194 0.656150 0.109238
v 0.928226 0.615538 0.154719
v 0.928226 0.558209 0.109083
v 0.928226 0.558209 0.154719
v 0.928226 0.615538 0.109083
v 0.993293 0.615538 0.109083
v 0.993293 0.558209 0.154719
v 0.993293 0.558209 0.109083
v 0.993293 0.615538 0.154719
v 0.928226 0.615538 0.109083
v 0.993293 0.558209 0.109083
v 0.928226 0.558209 0.109083
v 0.993293 0.615538 0.109083
v 0.928226 0.558209 0.154719
v 0.928226 0.558209 0.109083
v 0.993293 0.558209 0.109083
v 0.993293 0.558209 0.154719
v 0.993293 0.615538 0.154719
v 0.928226 0.558209 0.154719
v 0.993293 0.558209 0.154719
v 0.928226 0.615538 0.154719
v 0.993293 0.615538 0.154719
v 0.928226 0.615538 0.109083
v 0.928226 0.615538 0.154719
v 0.993293 0.615538 0.109083
v 1.046839 0.656150 -0.103447
v 1.001204 0.558209 -0.103447
v 1.046839 0.558209 -0.103447
v 1.001204 0.656150 -0.103447
v 1.001204 0.656150 -0.153112
v 1.046839 0.558209 -0.153112
v 1.001204 0.558209 -0.153112
v 1.046839 0.656150 -0.153112
v 1.001204 0.656150 -0.103447
v 1.001204 0.558209 -0.153112
v 1.001204 0.558209 -0.103447
v 1.001204 0.656150 -0.153112
v 1.046839 0.558209 -0.153112
v 1.001204 0.558209 -0.103447
v 1.001204 0.558209 -0.153112
v 1.046839 0.558209 -0.103447
v 1.046839 0.656150 -0.153112
v 1.046839 0.558209 -0.103447
v 1.046839 0.558209 -0.153112
v 1.046839 0.656150 -0.103447
v 1.046839 0.656150 -0.153112
v 1.001204 0.656150 -0.103447
v 1.046839 0.656150 -0.103447
v 1.001204 0.656150 -0.153112
v 1.028560 0.556496 -0.080492
v 0.996543 0.556496 -0.130157
v 0.996543 0.556496 -0.080492
v 1.028561 0.556496 -0.130157
v 1.028560 0.513816 -0.080492
v 0.996543 0.513816 -0.130157
v 1.028561 0.513816 -0.130157
v 0.996543 0.513816 -0.080492
v 1.028561 0.556496 -0.130157
v 1.028560 0.513816 -0.080492
v 1.028561 0.513816 -0.130157
v 1.028560 0.556496 -0.080492
v 1.028560 0.556496 -0.080492
v 0.996543 0.513816 -0.080492
v 1.028560 0.513816 -0.080492
v 0.996543 0.556496 -0.080492
v 0.996543 0.556496 -0.080492
v 0.996543 0.513816 -0.130157
v 0.996543 0.513816 -0.080492
v 0.996543 0.556496 -0.130157
v 0.996543 0.556496 -0.130157
v 1.028561 0.513816 -0.130157
v 0.996543 0.513816 -0.130157
v 1.028561 0.556496 -0.130157
v 0.800218 0.370094 -0.101975
v 0.757538 0.425098 -0.101975
v 0.757538 0.370094 -0.101975
v 0.800218 0.425098 -0.101975
v 0.800218 0.425098 -0.101975
v 0.757538 0.425098 -0.132846
v 0.757538 0.425098 -0.101975
v 0.800218 0.425098 -0.132846
v 0.757538 0.370094 -0.101975
v 0.757538 0.425098 -0.132846
v 0.757538 0.370094 -0.132846
v 0.757538 0.425098 -0.101975
v 0.757538 0.370094 -0.132846
v 0.800218 0.425098 -0.132846
v 0.800218 0.370094 -0.132846
v 0.757538 0.425098 -0.132846
v 0.800218 0.370094 -0.132846
v 0.800218 0.425098 -0.101975
v 0.800218 0.370094 -0.101975
v 0.800218 0.425098 -0.132846
v 0.800218 0.370094 -0.132846
v 0.757538 0.370094 -0.101975
v 0.757538 0.370094 -0.132846
v 0.800218 0.370094 -0.101975
v 1.028560 0.370124 -0.080492
v 0.996543 0.370124 -0.130157
v 0.996543 0.370124 -0.080492
v 1.028561 0.370124 -0.130157
v 1.028560 0.327444 -0.080492
v 0.996543 0.327444 -0.130157
v 1.028561 0.327444 -0.130157
v 0.996543 0.327444 -0.080492
v 1.028561 0.370124 -0.130157
v 1.028560 0.327444 -0.080492
v 1.028561 0.327444 -0.130157
v 1.028560 0.370124 -0.080492
v 1.028560 0.370124 -0.080492
v 0.996543 0.327444 -0.080492
v 1.028560 0.327444 -0.080492
v 0.996543 0.370124 -0.080492
v 0.996543 0.370124 -0.080492
v 0.996543 0.327444 -0.130157
v 0.996543 0.327444 -0.080492
v 0.996543 0.370124 -0.130157
v 0.996543 0.370124 -0.130157
v 1.028561 0.327444 -0.130157
v 0.996543 0.327444 -0.130157
v 1.028561 0.370124 -0.130157
v 1.028560 0.326342 -0.090722
v 0.993668 0.326342 -0.133402
v 0.993668 0.326342 -0.090722
v 1.028561 0.326342 -0.133402
v 1.028560 0.283662 -0.090722
v 0.993668 0.283662 -0.133402
v 1.028561 0.283662 -0.133402
v 0.993668 0.283662 -0.090722
v 1.028561 0.326342 -0.133402
v 1.028560 0.283662 -0.090722
v 1.028561 0.283662 -0.133402
v 1.028560 0.326342 -0.090722
v 1.028560 0.326342 -0.090722
v 0.993668 0.283662 -0.090722
v 1.028560 0.283662 -0.090722
v 0.993668 0.326342 -0.090722
v 0.993668 0.326342 -0.090722
v 0.993668 0.283662 -0.133402
v 0.993668 0.283662 -0.090722
v 0.993668 0.326342 -0.133402
v 0.993668 0.326342 -0.133402
v 1.028561 0.283662 -0.133402
v 0.993668 0.283662 -0.133402
v 1.028561 0.326342 -0.133402
v 1.028560 0.281628 -0.080492
v 0.996543 0.281628 -0.130157
v 0.996543 0.281628 -0.080492
v 1.028561 0.281628 -0.130157
v 1.028560 0.238947 -0.080492
v 0.996543 0.238947 -0.130157
v 1.028561 0.238947 -0.130157
v 0.996543 0.238947 -0.080492
v 1.028561 0.281628 -0.130157
v 1.028560 0.238947 -0.080492
v 1.028561 0.238947 -0.130157
v 1.028560 0.281628 -0.080492
v 1.028560 0.281628 -0.080492
v 0.996543 0.238947 -0.080492
v 1.028560 0.238947 -0.080492
v 0.996543 0.281628 -0.080492
v 0.996543 0.281628 -0.080492
v 0.996543 0.238947 -0.130157
v 0.996543 0.238947 -0.080492
v 0.996543 0.281628 -0.130157
v 0.996543 0.281628 -0.130157
v 1.028561 0.238947 -0.130157
v 0.996543 0.238947 -0.130157
v 1.028561 0.281628 -0.130157
v 1.028561 0.237846 -0.132845
v 0.985880 0.237846 -0.101975
v 1.028561 0.237846 -0.101975
v 0.985880 0.237846 -0.132845
v 1.028561 0.182842 -0.101975
v 0.985880 0.182842 -0.132845
v 1.028561 0.182842 -0.132845
v 0.985880 0.182842 -0.101975
v 1.028561 0.237846 -0.132845
v 1.028561 0.182842 -0.101975
v 1.028561 0.182842 -0.132845
v 1.028561 0.237846 -0.101975
v 1.028561 0.237846 -0.101975
v 0.985880 0.182842 -0.101975
v 1.028561 0.182842 -0.101975
v 0.985880 0.237846 -0.101975
v 0.985880 0.237846 -0.101975
v 0.985880 0.182842 -0.132845
v 0.985880 0.182842 -0.101975
v 0.985880 0.237846 -0.132845
v 0.985880 0.237846 -0.132845
v 1.028561 0.182842 -0.132845
v 0.985880 0.182842 -0.132845
v 1.028561 0.237846 -0.132845
v 1.001203 0.656150 0.104730
v 1.046839 0.558209 0.104730
v 1.001203 0.558209 0.104730
v 1.046839 0.656150 0.104730
v 1.046839 0.656150 0.104730
v 1.001203 0.656150 0.154395
v 1.046839 0.656150 0.154395
v 1.001203 0.656150 0.104730
v 1.001203 0.656150 0.154395
v 1.001203 0.558209 0.104730
v 1.001203 0.558209 0.154395
v 1.001203 0.656150 0.104730
v 1.046839 0.656150 0.154395
v 1.001203 0.558209 0.154395
v 1.046839 0.558209 0.154395
v 1.001203 0.656150 0.154395
v 1.046839 0.656150 0.104730
v 1.046839 0.558209 0.154395
v 1.046839 0.558209 0.104730
v 1.046839 0.656150 0.154395
v 1.046839 0.558209 0.154395
v 1.001203 0.558209 0.104730
v 1.046839 0.558209 0.104730
v 1.001203 0.558209 0.154395
v 0.996543 0.556496 0.082658
v 0.996543 0.556496 0.132323
v 1.028560 0.556496 0.132323
v 1.028560 0.556496 0.082658
v 0.996543 0.513816 0.132323
v 0.996543 0.513816 0.082658
v 1.028560 0.513816 0.082658
v 1.028560 0.513816 0.132323
v 1.028560 0.513816 0.082658
v 1.028560 0.556496 0.132323
v 1.028560 0.513816 0.132323
v 1.028560 0.556496 0.082658
v 0.996543 0.513816 0.082658
v 1.028560 0.556496 0.082658
v 1.028560 0.513816 0.082658
v 0.996543 0.556496 0.082658
v 0.996543 0.513816 0.132323
v 0.996543 0.556496 0.082658
v 0.996543 0.513816 0.082658
v 0.996543 0.556496 0.132323
v 1.028560 0.513816 0.132323
v 0.996543 0.556496 0.132323
v 0.996543 0.513816 0.132323
v 1.028560 0.556496 0.132323
v 0.789555 0.426199 -0.080492
v 0.757538 0.468880 -0.080492
v 0.757538 0.426199 -0.080492
v 0.789555 0.468880 -0.080492
v 0.789555 0.468880 -0.080492
v 0.757538 0.468880 -0.130157
v 0.757538 0.468880 -0.080492
v 0.789555 0.468880 -0.130157
v 0.757538 0.426199 -0.080492
v 0.757538 0.468880 -0.130157
v 0.757538 0.426199 -0.130157
v 0.757538 0.468880 -0.080492
v 0.757538 0.426199 -0.130157
v 0.789555 0.468880 -0.130157
v 0.789555 0.426199 -0.130157
v 0.757538 0.468880 -0.130157
v 0.789555 0.426199 -0.130157
v 0.789555 0.468880 -0.080492
v 0.789555 0.426199 -0.080492
v 0.789555 0.468880 -0.130157
v 0.789555 0.426199 -0.130157
v 0.757538 0.426199 -0.080492
v 0.757538 0.426199 -0.130157
v 0.789555 0.426199 -0.080492
v 0.996543 0.370124 0.082658
v 0.996543 0.370124 0.132324
v 1.028560 0.370124 0.132324
v 1.028560 0.370124 0.082658
v 0.996543 0.327444 0.132324
v 0.996543 0.327444 0.082658
v 1.028560 0.327444 0.082658
v 1.028560 0.327444 0.132324
v 1.028560 0.327444 0.082658
v 1.028560 0.370124 0.132324
v 1.028560 0.327444 0.132324
v 1.028560 0.370124 0.082658
v 0.996543 0.327444 0.082658
v 1.028560 0.370124 0.082658
v 1.028560 0.327444 0.082658
v 0.996543 0.370124 0.082658
v 0.996543 0.327444 0.132324
v 0.996543 0.370124 0.082658
v 0.996543 0.327444 0.082658
v 0.996543 0.370124 0.132324
v 1.028560 0.327444 0.132324
v 0.996543 0.370124 0.132324
v 0.996543 0.327444 0.132324
v 1.028560 0.370124 0.132324
v 0.993668 0.326342 0.092889
v 0.993668 0.326342 0.135569
v 1.028560 0.326342 0.135569
v 1.028560 0.326342 0.092889
v 0.993668 0.283662 0.135569
v 0.993668 0.283662 0.092889
v 1.028560 0.283662 0.092889
v 1.028560 0.283662 0.135569
v 1.028560 0.283662 0.092889
v 1.028560 0.326342 0.135569
v 1.028560 0.283662 0.135569
v 1.028560 0.326342 0.092889
v 0.993668 0.283662 0.092889
v 1.028560 0.326342 0.092889
v 1.028560 0.283662 0.092889
v 0.993668 0.326342 0.092889
v 0.993668 0.283662 0.135569
v 0.993668 0.326342 0.092889
v 0.993668 0.283662 0.092889
v 0.993668 0.326342 0.135569
v 1.028560 0.283662 0.135569
v 0.993668 0.326342 0.135569
v 0.993668 0.283662 0.135569
v 1.028560 0.326342 0.135569
v 0.996543 0.281628 0.082658
v 0.996543 0.281628 0.132324
v 1.028560 0.281628 0.132324
v 1.028560 0.281628 0.082658
v 0.996543 0.238948 0.132324
v 0.996543 0.238948 0.082658
v 1.028560 0.238948 0.082658
v 1.028560 0.238948 0.132324
v 1.028560 0.238948 0.082658
v 1.028560 0.281628 0.132324
v 1.028560 0.238948 0.132324
v 1.028560 0.281628 0.082658
v 0.996543 0.238948 0.082658
v 1.028560 0.281628 0.082658
v 1.028560 0.238948 0.082658
v 0.996543 0.281628 0.082658
v 0.996543 0.238948 0.132324
v 0.996543 0.281628 0.082658
v 0.996543 0.238948 0.082658
v 0.996543 0.281628 0.132324
v 1.028560 0.238948 0.132324
v 0.996543 0.281628 0.132324
v 0.996543 0.238948 0.132324
v 1.028560 0.281628 0.132324
v 0.985880 0.237846 0.104142
v 0.985880 0.237846 0.135012
v 1.028560 0.237846 0.135012
v 1.028560 0.237846 0.104142
v 0.985880 0.182842 0.135012
v 0.985880 0.182842 0.104142
v 1.028560 0.182842 0.104142
v 1.028560 0.182842 0.135012
v 1.028560 0.182842 0.104142
v 1.028560 0.237846 0.135012
v 1.028560 0.182842 0.135012
v 1.028560 0.237846 0.104142
v 0.985880 0.182842 0.104142
v 1.028560 0.237846 0.104142
v 1.028560 0.182842 0.104142
v 0.985880 0.237846 0.104142
v 0.985880 0.182842 0.135012
v 0.985880 0.237846 0.104142
v 0.985880 0.182842 0.104142
v 0.985880 0.237846 0.135012
v 1.028560 0.182842 0.135012
v 0.985880 0.237846 0.135012
v 0.985880 0.182842 0.135012
v 1.028560 0.237846 0.135012
v 0.736511 0.656150 -0.153112
v 0.782146 0.558209 -0.153112
v 0.736511 0.558209 -0.153112
v 0.782146 0.656150 -0.153112
v 0.782146 0.656150 -0.153112
v 0.736511 0.656150 -0.103447
v 0.782146 0.656150 -0.103447
v 0.736511 0.656150 -0.153112
v 0.736511 0.656150 -0.103447
v 0.736511 0.558209 -0.153112
v 0.736511 0.558209 -0.103447
v 0.736511 0.656150 -0.153112
v 0.782146 0.656150 -0.103447
v 0.736511 0.558209 -0.103447
v 0.782146 0.558209 -0.103447
v 0.736511 0.656150 -0.103447
v 0.782146 0.656150 -0.153112
v 0.782146 0.558209 -0.103447
v 0.782146 0.558209 -0.153112
v 0.782146 0.656150 -0.103447
v 0.782146 0.558209 -0.153112
v 0.736511 0.558209 -0.103447
v 0.736511 0.558209 -0.153112
v 0.782146 0.558209 -0.103447
v 0.789555 0.556496 -0.080492
v 0.757538 0.556496 -0.130157
v 0.757538 0.556496 -0.080492
v 0.789555 0.556496 -0.130157
v 0.789555 0.513816 -0.130157
v 0.757538 0.513816 -0.080492
v 0.757538 0.513816 -0.130157
v 0.789555 0.513816 -0.080492
v 0.757538 0.513816 -0.080492
v 0.757538 0.556496 -0.130157
v 0.757538 0.513816 -0.130157
v 0.757538 0.556496 -0.080492
v 0.789555 0.513816 -0.080492
v 0.757538 0.556496 -0.080492
v 0.757538 0.513816 -0.080492
v 0.789555 0.556496 -0.080492
v 0.789555 0.513816 -0.130157
v 0.789555 0.556496 -0.080492
v 0.789555 0.513816 -0.080492
v 0.789555 0.556496 -0.130157
v 0.757538 0.513816 -0.130157
v 0.789555 0.556496 -0.130157
v 0.789555 0.513816 -0.130157
v 0.757538 0.556496 -0.130157
v 0.792430 0.470914 -0.090722
v 0.757538 0.513594 -0.090722
v 0.757538 0.470914 -0.090722
v 0.792430 0.513594 -0.090722
v 0.792430 0.513594 -0.090722
v 0.757538 0.513594 -0.133402
v 0.757538 0.513594 -0.090722
v 0.792430 0.513594 -0.133402
v 0.757538 0.470914 -0.090722
v 0.757538 0.513594 -0.133402
v 0.757538 0.470914 -0.133402
v 0.757538 0.513594 -0.090722
v 0.757538 0.470914 -0.133402
v 0.792430 0.513594 -0.133402
v 0.792430 0.470914 -0.133402
v 0.757538 0.513594 -0.133402
v 0.792430 0.470914 -0.133402
v 0.792430 0.513594 -0.090722
v 0.792430 0.470914 -0.090722
v 0.792430 0.513594 -0.133402
v 0.792430 0.470914 -0.133402
v 0.757538 0.470914 -0.090722
v 0.757538 0.470914 -0.133402
v 0.792430 0.470914 -0.090722
v 0.789555 0.370124 -0.080492
v 0.757538 0.370124 -0.130157
v 0.757538 0.370124 -0.080492
v 0.789555 0.370124 -0.130157
v 0.789555 0.327444 -0.130157
v 0.757538 0.327444 -0.080492
v 0.757538 0.327444 -0.130157
v 0.789555 0.327444 -0.080492
v 0.757538 0.327444 -0.080492
v 0.757538 0.370124 -0.130157
v 0.757538 0.327444 -0.130157
v 0.757538 0.370124 -0.080492
v 0.789555 0.327444 -0.080492
v 0.757538 0.370124 -0.080492
v 0.757538 0.327444 -0.080492
v 0.789555 0.370124 -0.080492
v 0.789555 0.327444 -0.130157
v 0.789555 0.370124 -0.080492
v 0.789555 0.327444 -0.080492
v 0.789555 0.370124 -0.130157
v 0.757538 0.327444 -0.130157
v 0.789555 0.370124 -0.130157
v 0.789555 0.327444 -0.130157
v 0.757538 0.370124 -0.130157
v 0.792430 0.326342 -0.090722
v 0.757538 0.326342 -0.133402
v 0.757538 0.326342 -0.090722
v 0.792430 0.326342 -0.133402
v 0.792430 0.283662 -0.133402
v 0.757538 0.283662 -0.090722
v 0.757538 0.283662 -0.133402
v 0.792430 0.283662 -0.090722
v 0.757538 0.283662 -0.090722
v 0.757538 0.326342 -0.133402
v 0.757538 0.283662 -0.133402
v 0.757538 0.326342 -0.090722
v 0.792430 0.283662 -0.090722
v 0.757538 0.326342 -0.090722
v 0.757538 0.283662 -0.090722
v 0.792430 0.326342 -0.090722
v 0.792430 0.283662 -0.133402
v 0.792430 0.326342 -0.090722
v 0.792430 0.283662 -0.090722
v 0.792430 0.326342 -0.133402
v 0.757538 0.283662 -0.133402
v 0.792430 0.326342 -0.133402
v 0.792430 0.283662 -0.133402
v 0.757538 0.326342 -0.133402
v 0.789555 0.281628 -0.080492
v 0.757538 0.281628 -0.130157
v 0.757538 0.281628 -0.080492
v 0.789555 0.281628 -0.130157
v 0.789555 0.238947 -0.130157
v 0.757538 0.238947 -0.080492
v 0.757538 0.238947 -0.130157
v 0.789555 0.238947 -0.080492
v 0.757538 0.238947 -0.080492
v 0.757538 0.281628 -0.130157
v 0.757538 0.238947 -0.130157
v 0.757538 0.281628 -0.080492
v 0.789555 0.238947 -0.080492
v 0.757538 0.281628 -0.080492
v 0.757538 0.238947 -0.080492
v 0.789555 0.281628 -0.080492
v 0.789555 0.238947 -0.130157
v 0.789555 0.281628 -0.080492
v 0.789555 0.238947 -0.080492
v 0.789555 0.281628 -0.130157
v 0.757538 0.238947 -0.130157
v 0.789555 0.281628 -0.130157
v 0.789555 0.238947 -0.130157
v 0.757538 0.281628 -0.130157
v 0.800218 0.237846 -0.101975
v 0.757538 0.237846 -0.132846
v 0.757538 0.237846 -0.101975
v 0.800218 0.237846 -0.132846
v 0.800218 0.182842 -0.132846
v 0.757538 0.182842 -0.101975
v 0.757538 0.182842 -0.132846
v 0.800218 0.182842 -0.101975
v 0.757538 0.182842 -0.101975
v 0.757538 0.237846 -0.132846
v 0.757538 0.182842 -0.132846
v 0.757538 0.237846 -0.101975
v 0.800218 0.182842 -0.101975
v 0.757538 0.237846 -0.101975
v 0.757538 0.182842 -0.101975
v 0.800218 0.237846 -0.101975
v 0.800218 0.182842 -0.132846
v 0.800218 0.237846 -0.101975
v 0.800218 0.182842 -0.101975
v 0.800218 0.237846 -0.132846
v 0.757538 0.182842 -0.132846
v 0.800218 0.237846 -0.132846
v 0.800218 0.182842 -0.132846
v 0.757538 0.237846 -0.132846
v 0.782146 0.656150 0.104729
v 0.736511 0.656150 0.154395
v 0.782146 0.656150 0.154395
v 0.736511 0.656150 0.104729
v 0.782146 0.558209 0.154395
v 0.736511 0.558209 0.104729
v 0.782146 0.558209 0.104729
v 0.736511 0.558209 0.154395
v 0.736511 0.656150 0.154395
v 0.736511 0.558209 0.104729
v 0.736511 0.558209 0.154395
v 0.736511 0.656150 0.104729
v 0.736511 0.656150 0.104729
v 0.782146 0.558209 0.104729
v 0.736511 0.558209 0.104729
v 0.782146 0.656150 0.104729
v 0.782146 0.656150 0.104729
v 0.782146 0.558209 0.154395
v 0.782146 0.558209 0.104729
v 0.782146 0.656150 0.154395
v 0.782146 0.656150 0.154395
v 0.736511 0.558209 0.154395
v 0.782146 0.558209 0.154395
v 0.736511 0.656150 0.154395
v 0.789555 0.556496 0.132323
v 0.757538 0.556496 0.082658
v 0.757538 0.556496 0.132323
v 0.789555 0.556496 0.082658
v 0.789555 0.513816 0.132323
v 0.757538 0.513816 0.082658
v 0.789555 0.513816 0.082658
v 0.757538 0.513816 0.132323
v 0.757538 0.556496 0.132323
v 0.757538 0.556496 0.082658
v 0.757538 0.513816 0.082658
v 0.757538 0.513816 0.132323
v 0.757538 0.556496 0.082658
v 0.789555 0.513816 0.082658
v 0.757538 0.513816 0.082658
v 0.789555 0.556496 0.082658
v 0.789555 0.556496 0.082658
v 0.789555 0.513816 0.132323
v 0.789555 0.513816 0.082658
v 0.789555 0.556496 0.132323
v 0.789555 0.556496 0.132323
v 0.757538 0.513816 0.132323
v 0.789555 0.513816 0.132323
v 0.757538 0.556496 0.132323
v 0.789555 0.370124 0.132323
v 0.757538 0.370124 0.082658
v 0.757538 0.370124 0.132323
v 0.789555 0.370124 0.082658
v 0.789555 0.327444 0.132323
v 0.757538 0.327444 0.082658
v 0.789555 0.327444 0.082658
v 0.757538 0.327444 0.132323
v 0.757538 0.370124 0.132323
v 0.757538 0.370124 0.082658
v 0.757538 0.327444 0.082658
v 0.757538 0.327444 0.132323
v 0.757538 0.370124 0.082658
v 0.789555 0.370124 0.082658
v 0.789555 0.327444 0.082658
v 0.757538 0.327444 0.082658
v 0.789555 0.370124 0.082658
v 0.789555 0.370124 0.132323
v 0.789555 0.327444 0.132323
v 0.789555 0.327444 0.082658
v 0.789555 0.370124 0.132323
v 0.757538 0.370124 0.132323
v 0.757538 0.327444 0.132323
v 0.789555 0.327444 0.132323
v 0.792430 0.326342 0.092889
v 0.757538 0.326342 0.135569
v 0.792430 0.326342 0.135569
v 0.757538 0.326342 0.092889
v 0.792430 0.283662 0.135569
v 0.757538 0.283662 0.092889
v 0.792430 0.283662 0.092889
v 0.757538 0.283662 0.135569
v 0.757538 0.326342 0.135569
v 0.757538 0.326342 0.092889
v 0.757538 0.283662 0.092889
v 0.757538 0.283662 0.135569
v 0.757538 0.326342 0.092889
v 0.792430 0.283662 0.092889
v 0.757538 0.283662 0.092889
v 0.792430 0.326342 0.092889
v 0.792430 0.326342 0.092889
v 0.792430 0.283662 0.135569
v 0.792430 0.283662 0.092889
v 0.792430 0.326342 0.135569
v 0.792430 0.326342 0.135569
v 0.757538 0.283662 0.135569
v 0.792430 0.283662 0.135569
v 0.757538 0.326342 0.135569
v 0.789555 0.281628 0.132323
v 0.757538 0.281628 0.082658
v 0.757538 0.281628 0.132323
v 0.789555 0.281628 0.082658
v 0.789555 0.238948 0.132323
v 0.757538 0.238948 0.082658
v 0.789555 0.238948 0.082658
v 0.757538 0.238948 0.132323
v 0.757538 0.281628 0.132323
v 0.757538 0.281628 0.082658
v 0.757538 0.238948 0.082658
v 0.757538 0.238948 0.132323
v 0.757538 0.281628 0.082658
v 0.789555 0.281628 0.082658
v 0.789555 0.238948 0.082658
v 0.757538 0.238948 0.082658
v 0.789555 0.281628 0.082658
v 0.789555 0.238948 0.132323
v 0.789555 0.238948 0.082658
v 0.789555 0.281628 0.132323
v 0.789555 0.281628 0.132323
v 0.757538 0.238948 0.132323
v 0.789555 0.238948 0.132323
v 0.757538 0.281628 0.132323
v 0.800218 0.237846 0.104142
v 0.757538 0.237846 0.135012
v 0.800218 0.237846 0.135012
v 0.757538 0.237846 0.104142
v 0.800218 0.182842 0.135012
v 0.757538 0.182842 0.104142
v 0.800218 0.182842 0.104142
v 0.757538 0.182842 0.135012
v 0.757538 0.237846 0.135012
v 0.757538 0.182842 0.104142
v 0.757538 0.182842 0.135012
v 0.757538 0.237846 0.104142
v 0.757538 0.237846 0.104142
v 0.800218 0.182842 0.104142
v 0.757538 0.182842 0.104142
v 0.800218 0.237846 0.104142
v 0.800218 0.237846 0.104142
v 0.800218 0.182842 0.135012
v 0.800218 0.182842 0.104142
v 0.800218 0.237846 0.135012
v 0.800218 0.237846 0.135012
v 0.757538 0.182842 0.135012
v 0.800218 0.182842 0.135012
v 0.757538 0.237846 0.135012
v 0.439317 0.513594 0.697462
v 0.404425 0.513594 0.654781
v 0.404425 0.513594 0.697462
v 0.439318 0.513594 0.654781
v 0.439317 0.470914 0.697462
v 0.404425 0.470914 0.697462
v 0.404425 0.470914 0.654781
v 0.439318 0.470914 0.654781
v 0.439318 0.513594 0.654781
v 0.439317 0.513594 0.697462
v 0.439317 0.470914 0.697462
v 0.439318 0.470914 0.654781
v 0.439317 0.513594 0.697462
v 0.404425 0.513594 0.697462
v 0.404425 0.470914 0.697462
v 0.439317 0.470914 0.697462
v 0.404425 0.513594 0.697462
v 0.404425 0.470914 0.654781
v 0.404425 0.470914 0.697462
v 0.404425 0.513594 0.654781
v 0.404425 0.513594 0.654781
v 0.439318 0.513594 0.654781
v 0.439318 0.470914 0.654781
v 0.404425 0.470914 0.654781
v 0.439317 0.468880 0.707692
v 0.407300 0.468880 0.658027
v 0.407300 0.468880 0.707692
v 0.439318 0.468880 0.658027
v 0.439317 0.426200 0.707692
v 0.407300 0.426200 0.658027
v 0.439318 0.426200 0.658027
v 0.407300 0.426200 0.707692
v 0.439318 0.468880 0.658027
v 0.439317 0.426200 0.707692
v 0.439318 0.426200 0.658027
v 0.439317 0.468880 0.707692
v 0.439317 0.468880 0.707692
v 0.407300 0.426200 0.707692
v 0.439317 0.426200 0.707692
v 0.407300 0.468880 0.707692
v 0.407300 0.468880 0.707692
v 0.407300 0.468880 0.658027
v 0.407300 0.426200 0.658027
v 0.407300 0.426200 0.707692
v 0.407300 0.468880 0.658027
v 0.439318 0.426200 0.658027
v 0.407300 0.426200 0.658027
v 0.439318 0.468880 0.658027
v 0.439318 0.425098 0.655338
v 0.396637 0.425098 0.686208
v 0.439318 0.425098 0.686208
v 0.396637 0.425098 0.655338
v 0.439318 0.370094 0.655338
v 0.396637 0.370094 0.686208
v 0.396637 0.370094 0.655338
v 0.439318 0.370094 0.686208
v 0.439318 0.425098 0.655338
v 0.439318 0.370094 0.686208
v 0.439318 0.370094 0.655338
v 0.439318 0.425098 0.686208
v 0.439318 0.425098 0.686208
v 0.396637 0.370094 0.686208
v 0.439318 0.370094 0.686208
v 0.396637 0.425098 0.686208
v 0.396637 0.425098 0.686208
v 0.396637 0.370094 0.655338
v 0.396637 0.370094 0.686208
v 0.396637 0.425098 0.655338
v 0.396637 0.425098 0.655338
v 0.439318 0.370094 0.655338
v 0.396637 0.370094 0.655338
v 0.439318 0.425098 0.655338
v 0.404425 0.513594 0.881072
v 0.404425 0.513594 0.923752
v 0.439317 0.513594 0.923752
v 0.439317 0.513594 0.881072
v 0.404425 0.470914 0.923752
v 0.404425 0.470914 0.881072
v 0.439317 0.470914 0.881072
v 0.439317 0.470914 0.923752
v 0.439317 0.470914 0.881072
v 0.439317 0.513594 0.923752
v 0.439317 0.470914 0.923752
v 0.439317 0.513594 0.881072
v 0.404425 0.470914 0.881072
v 0.439317 0.513594 0.881072
v 0.439317 0.470914 0.881072
v 0.404425 0.513594 0.881072
v 0.404425 0.470914 0.923752
v 0.404425 0.513594 0.881072
v 0.404425 0.470914 0.881072
v 0.404425 0.513594 0.923752
v 0.439317 0.470914 0.923752
v 0.404425 0.513594 0.923752
v 0.404425 0.470914 0.923752
v 0.439317 0.513594 0.923752
v 0.407300 0.468880 0.870842
v 0.407300 0.468880 0.920507
v 0.439317 0.468880 0.920507
v 0.439317 0.468880 0.870842
v 0.407300 0.426200 0.920507
v 0.407300 0.426200 0.870842
v 0.439317 0.426200 0.870842
v 0.439317 0.426200 0.920507
v 0.439317 0.426200 0.870842
v 0.439317 0.468880 0.920507
v 0.439317 0.426200 0.920507
v 0.439317 0.468880 0.870842
v 0.407300 0.426200 0.870842
v 0.439317 0.468880 0.870842
v 0.439317 0.426200 0.870842
v 0.407300 0.468880 0.870842
v 0.407300 0.426200 0.920507
v 0.407300 0.468880 0.870842
v 0.407300 0.426200 0.870842
v 0.407300 0.468880 0.920507
v 0.439317 0.426200 0.920507
v 0.407300 0.468880 0.920507
v 0.407300 0.426200 0.920507
v 0.439317 0.468880 0.920507
v 0.396637 0.425098 0.892325
v 0.396637 0.425098 0.923196
v 0.439317 0.425098 0.923196
v 0.439317 0.425098 0.892325
v 0.396637 0.370094 0.923196
v 0.396637 0.370094 0.892325
v 0.439317 0.370094 0.892325
v 0.439317 0.370094 0.923196
v 0.439317 0.370094 0.892325
v 0.439317 0.425098 0.923196
v 0.439317 0.370094 0.923196
v 0.439317 0.425098 0.892325
v 0.396637 0.370094 0.892325
v 0.439317 0.425098 0.892325
v 0.439317 0.370094 0.892325
v 0.396637 0.425098 0.892325
v 0.396637 0.370094 0.923196
v 0.396637 0.425098 0.892325
v 0.396637 0.370094 0.892325
v 0.396637 0.425098 0.923196
v 0.439317 0.370094 0.923196
v 0.396637 0.425098 0.923196
v 0.396637 0.370094 0.923196
v 0.439317 0.425098 0.923196
v 0.203187 0.513594 0.697462
v 0.168295 0.513594 0.654781
v 0.168295 0.513594 0.697462
v 0.203187 0.513594 0.654781
v 0.168295 0.470914 0.654781
v 0.203187 0.470914 0.697462
v 0.168295 0.470914 0.697462
v 0.203187 0.470914 0.654781
v 0.168295 0.470914 0.697462
v 0.168295 0.513594 0.654781
v 0.168295 0.470914 0.654781
v 0.168295 0.513594 0.697462
v 0.203187 0.470914 0.697462
v 0.168295 0.513594 0.697462
v 0.168295 0.470914 0.697462
v 0.203187 0.513594 0.697462
v 0.203187 0.470914 0.654781
v 0.203187 0.513594 0.697462
v 0.203187 0.470914 0.697462
v 0.203187 0.513594 0.654781
v 0.168295 0.470914 0.654781
v 0.203187 0.513594 0.654781
v 0.203187 0.470914 0.654781
v 0.168295 0.513594 0.654781
v 0.200312 0.468880 0.707692
v 0.168295 0.468880 0.658027
v 0.168295 0.468880 0.707692
v 0.200312 0.468880 0.658027
v 0.168295 0.426200 0.658027
v 0.200312 0.426200 0.707692
v 0.168295 0.426200 0.707692
v 0.200312 0.426200 0.658027
v 0.168295 0.426200 0.707692
v 0.168295 0.468880 0.658027
v 0.168295 0.426200 0.658027
v 0.168295 0.468880 0.707692
v 0.200312 0.426200 0.707692
v 0.168295 0.468880 0.707692
v 0.168295 0.426200 0.707692
v 0.200312 0.468880 0.707692
v 0.200312 0.426200 0.658027
v 0.200312 0.468880 0.707692
v 0.200312 0.426200 0.707692
v 0.200312 0.468880 0.658027
v 0.168295 0.426200 0.658027
v 0.200312 0.468880 0.658027
v 0.200312 0.426200 0.658027
v 0.168295 0.468880 0.658027
v 0.168295 0.425098 0.686208
v 0.210975 0.425098 0.655338
v 0.168295 0.425098 0.655338
v 0.210975 0.425098 0.686208
v 0.210975 0.370094 0.655338
v 0.168295 0.370094 0.686208
v 0.168295 0.370094 0.655338
v 0.210975 0.370094 0.686208
v 0.168295 0.370094 0.686208
v 0.168295 0.425098 0.655338
v 0.168295 0.370094 0.655338
v 0.168295 0.425098 0.686208
v 0.210975 0.370094 0.686208
v 0.168295 0.425098 0.686208
v 0.168295 0.370094 0.686208
v 0.210975 0.425098 0.686208
v 0.210975 0.370094 0.655338
v 0.210975 0.425098 0.686208
v 0.210975 0.370094 0.686208
v 0.210975 0.425098 0.655338
v 0.168295 0.370094 0.655338
v 0.210975 0.425098 0.655338
v 0.210975 0.370094 0.655338
v 0.168295 0.425098 0.655338
v 0.203187 0.513594 0.881072
v 0.168295 0.513594 0.923752
v 0.203187 0.513594 0.923752
v 0.168295 0.513594 0.881072
v 0.203187 0.470914 0.923752
v 0.168295 0.470914 0.881072
v 0.203187 0.470914 0.881072
v 0.168295 0.470914 0.923752
v 0.168295 0.513594 0.923752
v 0.168295 0.470914 0.881072
v 0.168295 0.470914 0.923752
v 0.168295 0.513594 0.881072
v 0.168295 0.513594 0.881072
v 0.203187 0.470914 0.881072
v 0.168295 0.470914 0.881072
v 0.203187 0.513594 0.881072
v 0.203187 0.513594 0.881072
v 0.203187 0.470914 0.923752
v 0.203187 0.470914 0.881072
v 0.203187 0.513594 0.923752
v 0.203187 0.513594 0.923752
v 0.168295 0.470914 0.923752
v 0.203187 0.470914 0.923752
v 0.168295 0.513594 0.923752
v 0.200312 0.468880 0.920507
v 0.168295 0.468880 0.870842
v 0.168295 0.468880 0.920507
v 0.200312 0.468880 0.870842
v 0.200312 0.426200 0.920507
v 0.168295 0.426200 0.870842
v 0.200312 0.426200 0.870842
v 0.168295 0.426200 0.920507
v 0.168295 0.468880 0.920507
v 0.168295 0.468880 0.870842
v 0.168295 0.426200 0.870842
v 0.168295 0.426200 0.920507
v 0.168295 0.468880 0.870842
v 0.200312 0.468880 0.870842
v 0.200312 0.426200 0.870842
v 0.168295 0.426200 0.870842
v 0.200312 0.468880 0.870842
v 0.200312 0.468880 0.920507
v 0.200312 0.426200 0.920507
v 0.200312 0.426200 0.870842
v 0.200312 0.468880 0.920507
v 0.168295 0.426200 0.920507
v 0.200312 0.426200 0.920507
v 0.168295 0.468880 0.920507
v 0.210975 0.425098 0.892325
v 0.168295 0.425098 0.923196
v 0.210975 0.425098 0.923196
v 0.168295 0.425098 0.892325
v 0.210975 0.370094 0.923196
v 0.168295 0.370094 0.892325
v 0.210975 0.370094 0.892325
v 0.168295 0.370094 0.923196
v 0.168295 0.425098 0.923196
v 0.168295 0.370094 0.892325
v 0.168295 0.370094 0.923196
v 0.168295 0.425098 0.892325
v 0.168295 0.425098 0.892325
v 0.210975 0.425098 0.892325
v 0.210975 0.370094 0.892325
v 0.168295 0.370094 0.892325
v 0.210975 0.425098 0.892325
v 0.210975 0.370094 0.923196
v 0.210975 0.370094 0.892325
v 0.210975 0.425098 0.923196
v 0.210975 0.425098 0.923196
v 0.168295 0.370094 0.923196
v 0.210975 0.370094 0.923196
v 0.168295 0.425098 0.923196
v 1.028560 0.513594 0.706845
v 0.993668 0.513594 0.664164
v 0.993668 0.513594 0.706845
v 1.028561 0.513594 0.664164
v 1.028560 0.470914 0.706845
v 0.993668 0.470914 0.706845
v 0.993668 0.470914 0.664164
v 1.028561 0.470914 0.664164
v 1.028561 0.513594 0.664164
v 1.028560 0.513594 0.706845
v 1.028560 0.470914 0.706845
v 1.028561 0.470914 0.664164
v 1.028560 0.513594 0.706845
v 0.993668 0.513594 0.706845
v 0.993668 0.470914 0.706845
v 1.028560 0.470914 0.706845
v 0.993668 0.513594 0.706845
v 0.993668 0.513594 0.664164
v 0.993668 0.470914 0.664164
v 0.993668 0.470914 0.706845
v 0.993668 0.513594 0.664164
v 1.028561 0.513594 0.664164
v 1.028561 0.470914 0.664164
v 0.993668 0.470914 0.664164
v 1.028560 0.468880 0.717075
v 0.996543 0.468880 0.667410
v 0.996543 0.468880 0.717075
v 1.028561 0.468880 0.667410
v 1.028560 0.426200 0.717075
v 0.996543 0.426200 0.717075
v 0.996543 0.426200 0.667410
v 1.028561 0.426200 0.667410
v 1.028561 0.468880 0.667410
v 1.028560 0.468880 0.717075
v 1.028560 0.426200 0.717075
v 1.028561 0.426200 0.667410
v 1.028560 0.468880 0.717075
v 0.996543 0.468880 0.717075
v 0.996543 0.426200 0.717075
v 1.028560 0.426200 0.717075
v 0.996543 0.468880 0.717075
v 0.996543 0.468880 0.667410
v 0.996543 0.426200 0.667410
v 0.996543 0.426200 0.717075
v 0.996543 0.468880 0.667410
v 1.028561 0.468880 0.667410
v 1.028561 0.426200 0.667410
v 0.996543 0.426200 0.667410
v 1.028561 0.425098 0.664721
v 0.985880 0.425098 0.664721
v 0.985880 0.425098 0.695591
v 1.028561 0.425098 0.695591
v 1.028561 0.370094 0.695591
v 0.985880 0.370094 0.695591
v 0.985880 0.370094 0.664721
v 1.028561 0.370094 0.664721
v 1.028561 0.425098 0.664721
v 1.028561 0.370094 0.695591
v 1.028561 0.370094 0.664721
v 1.028561 0.425098 0.695591
v 1.028561 0.425098 0.695591
v 0.985880 0.370094 0.695591
v 1.028561 0.370094 0.695591
v 0.985880 0.425098 0.695591
v 0.985880 0.425098 0.695591
v 0.985880 0.370094 0.664721
v 0.985880 0.370094 0.695591
v 0.985880 0.425098 0.664721
v 0.985880 0.425098 0.664721
v 1.028561 0.425098 0.664721
v 1.028561 0.370094 0.664721
v 0.985880 0.370094 0.664721
v 0.993668 0.513594 0.890455
v 0.993668 0.513594 0.933136
v 1.028560 0.513594 0.933136
v 1.028560 0.513594 0.890455
v 0.993668 0.470914 0.933136
v 0.993668 0.470914 0.890455
v 1.028560 0.470914 0.890455
v 1.028560 0.470914 0.933136
v 1.028560 0.470914 0.890455
v 1.028560 0.513594 0.933136
v 1.028560 0.470914 0.933136
v 1.028560 0.513594 0.890455
v 0.993668 0.470914 0.890455
v 1.028560 0.513594 0.890455
v 1.028560 0.470914 0.890455
v 0.993668 0.513594 0.890455
v 0.993668 0.470914 0.933136
v 0.993668 0.513594 0.890455
v 0.993668 0.470914 0.890455
v 0.993668 0.513594 0.933136
v 1.028560 0.470914 0.933136
v 0.993668 0.513594 0.933136
v 0.993668 0.470914 0.933136
v 1.028560 0.513594 0.933136
v 0.996543 0.468880 0.880225
v 0.996543 0.468880 0.929890
v 1.028560 0.468880 0.929890
v 1.028560 0.468880 0.880225
v 0.996543 0.426200 0.929890
v 0.996543 0.426200 0.880225
v 1.028560 0.426200 0.880225
v 1.028560 0.426200 0.929890
v 1.028560 0.426200 0.880225
v 1.028560 0.468880 0.929890
v 1.028560 0.426200 0.929890
v 1.028560 0.468880 0.880225
v 0.996543 0.426200 0.880225
v 1.028560 0.468880 0.880225
v 1.028560 0.426200 0.880225
v 0.996543 0.468880 0.880225
v 0.996543 0.426200 0.929890
v 0.996543 0.468880 0.880225
v 0.996543 0.426200 0.880225
v 0.996543 0.468880 0.929890
v 1.028560 0.426200 0.929890
v 0.996543 0.468880 0.929890
v 0.996543 0.426200 0.929890
v 1.028560 0.468880 0.929890
v 0.985880 0.425098 0.901708
v 0.985880 0.425098 0.932579
v 1.028560 0.425098 0.932579
v 1.028560 0.425098 0.901708
v 0.985880 0.370094 0.932579
v 0.985880 0.370094 0.901708
v 1.028560 0.370094 0.901708
v 1.028560 0.370094 0.932579
v 1.028560 0.370094 0.901708
v 1.028560 0.425098 0.932579
v 1.028560 0.370094 0.932579
v 1.028560 0.425098 0.901708
v 0.985880 0.370094 0.901708
v 1.028560 0.425098 0.901708
v 1.028560 0.370094 0.901708
v 0.985880 0.425098 0.901708
v 0.985880 0.370094 0.932579
v 0.985880 0.425098 0.901708
v 0.985880 0.370094 0.901708
v 0.985880 0.425098 0.932579
v 1.028560 0.370094 0.932579
v 0.985880 0.425098 0.932579
v 0.985880 0.370094 0.932579
v 1.028560 0.425098 0.932579
v 1.013507 0.793601 -0.964449
v 0.970827 0.793601 -0.933579
v 1.013507 0.793601 -0.933579
v 0.970827 0.793601 -0.964449
v 1.013507 0.750126 -0.933579
v 0.970827 0.750126 -0.964449
v 1.013507 0.750126 -0.964449
v 0.970827 0.750126 -0.933579
v 1.013507 0.793601 -0.964449
v 1.013507 0.750126 -0.933579
v 1.013507 0.750126 -0.964449
v 1.013507 0.793601 -0.933579
v 1.013507 0.793601 -0.933579
v 0.970827 0.750126 -0.933579
v 1.013507 0.750126 -0.933579
v 0.970827 0.793601 -0.933579
v 0.970827 0.793601 -0.933579
v 0.970827 0.750126 -0.964449
v 0.970827 0.750126 -0.933579
v 0.970827 0.793601 -0.964449
v 0.970827 0.793601 -0.964449
v 1.013507 0.750126 -0.964449
v 0.970827 0.750126 -0.964449
v 1.013507 0.793601 -0.964449
v 0.970826 0.793601 -0.727462
v 0.970826 0.793601 -0.696591
v 1.013507 0.793601 -0.696591
v 1.013507 0.793601 -0.727462
v 0.970826 0.750126 -0.696591
v 0.970826 0.750126 -0.727462
v 1.013507 0.750126 -0.727462
v 1.013507 0.750126 -0.696591
v 1.013507 0.750126 -0.727462
v 1.013507 0.793601 -0.696591
v 1.013507 0.750126 -0.696591
v 1.013507 0.793601 -0.727462
v 0.970826 0.750126 -0.727462
v 1.013507 0.793601 -0.727462
v 1.013507 0.750126 -0.727462
v 0.970826 0.793601 -0.727462
v 0.970826 0.750126 -0.696591
v 0.970826 0.793601 -0.727462
v 0.970826 0.750126 -0.727462
v 0.970826 0.793601 -0.696591
v 1.013507 0.750126 -0.696591
v 0.970826 0.793601 -0.696591
v 0.970826 0.750126 -0.696591
v 1.013507 0.793601 -0.696591
v 0.785164 0.793601 -0.933579
v 0.742484 0.793601 -0.964449
v 0.742484 0.793601 -0.933579
v 0.785164 0.793601 -0.964449
v 0.785164 0.750126 -0.964449
v 0.742484 0.750126 -0.933579
v 0.742484 0.750126 -0.964449
v 0.785164 0.750126 -0.933579
v 0.742484 0.750126 -0.933579
v 0.742484 0.793601 -0.964449
v 0.742484 0.750126 -0.964449
v 0.742484 0.793601 -0.933579
v 0.785164 0.750126 -0.933579
v 0.742484 0.793601 -0.933579
v 0.742484 0.750126 -0.933579
v 0.785164 0.793601 -0.933579
v 0.785164 0.750126 -0.964449
v 0.785164 0.793601 -0.933579
v 0.785164 0.750126 -0.933579
v 0.785164 0.793601 -0.964449
v 0.742484 0.750126 -0.964449
v 0.785164 0.793601 -0.964449
v 0.785164 0.750126 -0.964449
v 0.742484 0.793601 -0.964449
v 0.742484 0.793601 -0.727462
v 0.785164 0.750126 -0.727462
v 0.742484 0.750126 -0.727462
v 0.785164 0.793601 -0.727462
v 0.785164 0.793601 -0.727462
v 0.742484 0.793601 -0.696591
v 0.785164 0.793601 -0.696591
v 0.742484 0.793601 -0.727462
v 0.742484 0.793601 -0.696591
v 0.742484 0.750126 -0.727462
v 0.742484 0.750126 -0.696591
v 0.742484 0.793601 -0.727462
v 0.785164 0.793601 -0.696591
v 0.742484 0.750126 -0.696591
v 0.785164 0.750126 -0.696591
v 0.742484 0.793601 -0.696591
v 0.785164 0.793601 -0.727462
v 0.785164 0.750126 -0.696591
v 0.785164 0.750126 -0.727462
v 0.785164 0.793601 -0.696591
v 0.785164 0.750126 -0.696591
v 0.742484 0.750126 -0.727462
v 0.785164 0.750126 -0.727462
v 0.742484 0.750126 -0.696591
v 1.013507 0.746204 -0.912095
v 0.981489 0.746204 -0.961760
v 0.981489 0.746204 -0.912095
v 1.013507 0.746204 -0.961760
v 1.013507 0.703524 -0.912095
v 0.981489 0.703524 -0.961760
v 1.013507 0.703524 -0.961760
v 0.981489 0.703524 -0.912095
v 1.013507 0.746204 -0.961760
v 1.013507 0.703524 -0.912095
v 1.013507 0.703524 -0.961760
v 1.013507 0.746204 -0.912095
v 1.013507 0.746204 -0.912095
v 0.981489 0.703524 -0.912095
v 1.013507 0.703524 -0.912095
v 0.981489 0.746204 -0.912095
v 0.981489 0.746204 -0.912095
v 0.981489 0.703524 -0.961760
v 0.981489 0.703524 -0.912095
v 0.981489 0.746204 -0.961760
v 0.981489 0.746204 -0.961760
v 1.013507 0.746204 -0.961760
v 1.013507 0.703524 -0.961760
v 0.981489 0.703524 -0.961760
v 1.013507 0.702423 -0.922325
v 0.978614 0.702423 -0.965006
v 0.978614 0.702423 -0.922325
v 1.013507 0.702423 -0.965006
v 1.013507 0.659743 -0.922325
v 0.978614 0.659743 -0.922325
v 0.978614 0.659743 -0.965006
v 1.013507 0.659743 -0.965006
v 1.013507 0.702423 -0.965006
v 1.013507 0.702423 -0.922325
v 1.013507 0.659743 -0.922325
v 1.013507 0.659743 -0.965006
v 1.013507 0.702423 -0.922325
v 0.978614 0.702423 -0.922325
v 0.978614 0.659743 -0.922325
v 1.013507 0.659743 -0.922325
v 0.978614 0.702423 -0.922325
v 0.978614 0.702423 -0.965006
v 0.978614 0.659743 -0.965006
v 0.978614 0.659743 -0.922325
v 0.978614 0.702423 -0.965006
v 1.013507 0.702423 -0.965006
v 1.013507 0.659743 -0.965006
v 0.978614 0.659743 -0.965006
v 0.981489 0.746204 -0.748945
v 0.981489 0.746204 -0.699280
v 1.013507 0.746204 -0.699280
v 1.013507 0.746204 -0.748945
v 0.981489 0.703524 -0.699280
v 0.981489 0.703524 -0.748945
v 1.013507 0.703524 -0.748945
v 1.013507 0.703524 -0.699280
v 1.013507 0.703524 -0.748945
v 1.013507 0.746204 -0.699280
v 1.013507 0.703524 -0.699280
v 1.013507 0.746204 -0.748945
v 0.981489 0.703524 -0.748945
v 1.013507 0.746204 -0.748945
v 1.013507 0.703524 -0.748945
v 0.981489 0.746204 -0.748945
v 0.981489 0.703524 -0.699280
v 0.981489 0.746204 -0.748945
v 0.981489 0.703524 -0.748945
v 0.981489 0.746204 -0.699280
v 1.013507 0.703524 -0.699280
v 0.981489 0.746204 -0.699280
v 0.981489 0.703524 -0.699280
v 1.013507 0.746204 -0.699280
v 0.978614 0.702423 -0.738715
v 0.978614 0.702423 -0.696035
v 1.013507 0.702423 -0.696035
v 1.013507 0.702423 -0.738715
v 0.978614 0.659743 -0.696034
v 0.978614 0.659743 -0.738715
v 1.013507 0.659743 -0.738715
v 1.013507 0.659743 -0.696034
v 1.013507 0.659743 -0.738715
v 1.013507 0.702423 -0.696035
v 1.013507 0.659743 -0.696034
v 1.013507 0.702423 -0.738715
v 0.978614 0.659743 -0.738715
v 1.013507 0.702423 -0.738715
v 1.013507 0.659743 -0.738715
v 0.978614 0.702423 -0.738715
v 0.978614 0.659743 -0.696034
v 0.978614 0.702423 -0.738715
v 0.978614 0.659743 -0.738715
v 0.978614 0.702423 -0.696035
v 1.013507 0.659743 -0.696034
v 0.978614 0.702423 -0.696035
v 0.978614 0.659743 -0.696034
v 1.013507 0.702423 -0.696035
v 0.774501 0.746204 -0.912095
v 0.742484 0.746204 -0.961760
v 0.742484 0.746204 -0.912095
v 0.774501 0.746204 -0.961760
v 0.774501 0.703524 -0.961760
v 0.742484 0.703524 -0.912095
v 0.742484 0.703524 -0.961760
v 0.774501 0.703524 -0.912095
v 0.742484 0.703524 -0.912095
v 0.742484 0.746204 -0.961760
v 0.742484 0.703524 -0.961760
v 0.742484 0.746204 -0.912095
v 0.774501 0.703524 -0.912095
v 0.742484 0.746204 -0.912095
v 0.742484 0.703524 -0.912095
v 0.774501 0.746204 -0.912095
v 0.774501 0.703524 -0.961760
v 0.774501 0.746204 -0.912095
v 0.774501 0.703524 -0.912095
v 0.774501 0.746204 -0.961760
v 0.742484 0.703524 -0.961760
v 0.774501 0.746204 -0.961760
v 0.774501 0.703524 -0.961760
v 0.742484 0.746204 -0.961760
v 0.777376 0.702423 -0.922325
v 0.742484 0.702423 -0.965006
v 0.742484 0.702423 -0.922325
v 0.777376 0.702423 -0.965006
v 0.777376 0.659743 -0.965006
v 0.742484 0.659743 -0.922325
v 0.742484 0.659743 -0.965006
v 0.777376 0.659743 -0.922325
v 0.742484 0.659743 -0.922325
v 0.742484 0.702423 -0.965006
v 0.742484 0.659743 -0.965006
v 0.742484 0.702423 -0.922325
v 0.777376 0.659743 -0.922325
v 0.742484 0.702423 -0.922325
v 0.742484 0.659743 -0.922325
v 0.777376 0.702423 -0.922325
v 0.777376 0.659743 -0.965006
v 0.777376 0.702423 -0.922325
v 0.777376 0.659743 -0.922325
v 0.777376 0.702423 -0.965006
v 0.742484 0.659743 -0.965006
v 0.777376 0.702423 -0.965006
v 0.777376 0.659743 -0.965006
v 0.742484 0.702423 -0.965006
v 0.742484 0.702423 -0.738715
v 0.777376 0.702423 -0.738715
v 0.777376 0.659743 -0.738715
v 0.742484 0.659743 -0.738715
v 0.777376 0.702423 -0.738715
v 0.742484 0.702423 -0.696035
v 0.777376 0.702423 -0.696035
v 0.742484 0.702423 -0.738715
v 0.742484 0.702423 -0.696035
v 0.742484 0.659743 -0.738715
v 0.742484 0.659743 -0.696035
v 0.742484 0.702423 -0.738715
v 0.777376 0.702423 -0.696035
v 0.742484 0.659743 -0.696035
v 0.777376 0.659743 -0.696035
v 0.742484 0.702423 -0.696035
v 0.777376 0.702423 -0.738715
v 0.777376 0.702423 -0.696035
v 0.777376 0.659743 -0.696035
v 0.777376 0.659743 -0.738715
v 0.777376 0.659743 -0.696035
v 0.742484 0.659743 -0.738715
v 0.777376 0.659743 -0.738715
v 0.742484 0.659743 -0.696035
v 0.742484 0.746204 -0.748945
v 0.774501 0.703524 -0.748945
v 0.742484 0.703524 -0.748945
v 0.774501 0.746204 -0.748945
v 0.774501 0.746204 -0.699280
v 0.742484 0.746204 -0.748945
v 0.742484 0.746204 -0.699280
v 0.774501 0.746204 -0.748945
v 0.742484 0.746204 -0.699280
v 0.742484 0.746204 -0.748945
v 0.742484 0.703524 -0.748945
v 0.742484 0.703524 -0.699280
v 0.774501 0.746204 -0.699280
v 0.742484 0.703524 -0.699280
v 0.774501 0.703524 -0.699280
v 0.742484 0.746204 -0.699280
v 0.774501 0.746204 -0.748945
v 0.774501 0.746204 -0.699280
v 0.774501 0.703524 -0.699280
v 0.774501 0.703524 -0.748945
v 0.774501 0.703524 -0.699280
v 0.742484 0.703524 -0.748945
v 0.774501 0.703524 -0.748945
v 0.742484 0.703524 -0.699280
v 1.013507 0.471347 -0.912095
v 0.981489 0.471347 -0.961760
v 0.981489 0.471347 -0.912095
v 1.013507 0.471347 -0.961760
v 1.013507 0.428667 -0.912095
v 0.981489 0.428667 -0.961760
v 1.013507 0.428667 -0.961760
v 0.981489 0.428667 -0.912095
v 1.013507 0.471347 -0.961760
v 1.013507 0.428667 -0.912095
v 1.013507 0.428667 -0.961760
v 1.013507 0.471347 -0.912095
v 1.013507 0.471347 -0.912095
v 0.981489 0.428667 -0.912095
v 1.013507 0.428667 -0.912095
v 0.981489 0.471347 -0.912095
v 0.981489 0.471347 -0.912095
v 0.981489 0.471347 -0.961760
v 0.981489 0.428667 -0.961760
v 0.981489 0.428667 -0.912095
v 0.981489 0.471347 -0.961760
v 1.013507 0.471347 -0.961760
v 1.013507 0.428667 -0.961760
v 0.981489 0.428667 -0.961760
v 1.013507 0.427566 -0.964449
v 0.970827 0.427566 -0.933578
v 1.013507 0.427566 -0.933578
v 0.970827 0.427566 -0.964449
v 1.013507 0.372562 -0.933578
v 0.970827 0.372562 -0.964449
v 1.013507 0.372562 -0.964449
v 0.970827 0.372562 -0.933578
v 1.013507 0.427566 -0.964449
v 1.013507 0.372562 -0.933578
v 1.013507 0.372562 -0.964449
v 1.013507 0.427566 -0.933578
v 1.013507 0.427566 -0.933578
v 0.970827 0.427566 -0.933578
v 0.970827 0.372562 -0.933578
v 1.013507 0.372562 -0.933578
v 0.970827 0.427566 -0.933578
v 0.970827 0.372562 -0.964449
v 0.970827 0.372562 -0.933578
v 0.970827 0.427566 -0.964449
v 0.970827 0.427566 -0.964449
v 1.013507 0.427566 -0.964449
v 1.013507 0.372562 -0.964449
v 0.970827 0.372562 -0.964449
v 0.981489 0.471347 -0.748945
v 0.981489 0.471347 -0.699280
v 1.013507 0.471347 -0.699280
v 1.013507 0.471347 -0.748945
v 0.981489 0.428667 -0.699280
v 0.981489 0.428667 -0.748945
v 1.013507 0.428667 -0.748945
v 1.013507 0.428667 -0.699280
v 1.013507 0.428667 -0.748945
v 1.013507 0.471347 -0.699280
v 1.013507 0.428667 -0.699280
v 1.013507 0.471347 -0.748945
v 0.981489 0.428667 -0.748945
v 1.013507 0.471347 -0.748945
v 1.013507 0.428667 -0.748945
v 0.981489 0.471347 -0.748945
v 0.981489 0.428667 -0.699280
v 0.981489 0.471347 -0.748945
v 0.981489 0.428667 -0.748945
v 0.981489 0.471347 -0.699280
v 1.013507 0.428667 -0.699280
v 0.981489 0.471347 -0.699280
v 0.981489 0.428667 -0.699280
v 1.013507 0.471347 -0.699280
v 0.970826 0.427566 -0.727462
v 0.970826 0.427566 -0.696591
v 1.013507 0.427566 -0.696591
v 1.013507 0.427566 -0.727462
v 0.970826 0.372562 -0.696591
v 0.970826 0.372562 -0.727462
v 1.013507 0.372562 -0.727462
v 1.013507 0.372562 -0.696591
v 1.013507 0.372562 -0.727462
v 1.013507 0.427566 -0.696591
v 1.013507 0.372562 -0.696591
v 1.013507 0.427566 -0.727462
v 0.970826 0.372562 -0.727462
v 1.013507 0.427566 -0.727462
v 1.013507 0.372562 -0.727462
v 0.970826 0.427566 -0.727462
v 0.970826 0.372562 -0.696591
v 0.970826 0.427566 -0.727462
v 0.970826 0.372562 -0.727462
v 0.970826 0.427566 -0.696591
v 1.013507 0.372562 -0.696591
v 0.970826 0.427566 -0.696591
v 0.970826 0.372562 -0.696591
v 1.013507 0.427566 -0.696591
v 0.774501 0.471347 -0.912095
v 0.742484 0.471347 -0.961760
v 0.742484 0.471347 -0.912095
v 0.774501 0.471347 -0.961760
v 0.774501 0.428667 -0.961760
v 0.742484 0.428667 -0.912095
v 0.742484 0.428667 -0.961760
v 0.774501 0.428667 -0.912095
v 0.742484 0.428667 -0.912095
v 0.742484 0.471347 -0.961760
v 0.742484 0.428667 -0.961760
v 0.742484 0.471347 -0.912095
v 0.774501 0.428667 -0.912095
v 0.742484 0.471347 -0.912095
v 0.742484 0.428667 -0.912095
v 0.774501 0.471347 -0.912095
v 0.774501 0.428667 -0.961760
v 0.774501 0.471347 -0.912095
v 0.774501 0.428667 -0.912095
v 0.774501 0.471347 -0.961760
v 0.742484 0.428667 -0.961760
v 0.774501 0.471347 -0.961760
v 0.774501 0.428667 -0.961760
v 0.742484 0.471347 -0.961760
v 0.785164 0.427566 -0.933579
v 0.742484 0.427566 -0.964449
v 0.742484 0.427566 -0.933579
v 0.785164 0.427566 -0.964449
v 0.785164 0.372562 -0.964449
v 0.742484 0.372562 -0.933579
v 0.742484 0.372562 -0.964449
v 0.785164 0.372562 -0.933579
v 0.742484 0.372562 -0.933579
v 0.742484 0.427566 -0.964449
v 0.742484 0.372562 -0.964449
v 0.742484 0.427566 -0.933579
v 0.785164 0.372562 -0.933579
v 0.742484 0.427566 -0.933579
v 0.742484 0.372562 -0.933579
v 0.785164 0.427566 -0.933579
v 0.785164 0.372562 -0.964449
v 0.785164 0.427566 -0.933579
v 0.785164 0.372562 -0.933579
v 0.785164 0.427566 -0.964449
v 0.742484 0.372562 -0.964449
v 0.785164 0.427566 -0.964449
v 0.785164 0.372562 -0.964449
v 0.742484 0.427566 -0.964449
v 0.774501 0.471347 -0.699280
v 0.742484 0.471347 -0.748945
v 0.742484 0.471347 -0.699280
v 0.774501 0.471347 -0.748945
v 0.774501 0.428667 -0.699280
v 0.742484 0.428667 -0.748945
v 0.774501 0.428667 -0.748945
v 0.742484 0.428667 -0.699280
v 0.742484 0.471347 -0.699280
v 0.742484 0.471347 -0.748945
v 0.742484 0.428667 -0.748945
v 0.742484 0.428667 -0.699280
v 0.742484 0.471347 -0.748945
v 0.774501 0.471347 -0.748945
v 0.774501 0.428667 -0.748945
v 0.742484 0.428667 -0.748945
v 0.774501 0.471347 -0.748945
v 0.774501 0.428667 -0.699280
v 0.774501 0.428667 -0.748945
v 0.774501 0.471347 -0.699280
v 0.774501 0.471347 -0.699280
v 0.742484 0.428667 -0.699280
v 0.774501 0.428667 -0.699280
v 0.742484 0.471347 -0.699280
v 0.785164 0.427566 -0.727462
v 0.742484 0.427566 -0.696591
v 0.785164 0.427566 -0.696591
v 0.742484 0.427566 -0.727462
v 0.785164 0.372562 -0.696591
v 0.742484 0.372562 -0.727462
v 0.785164 0.372562 -0.727462
v 0.742484 0.372562 -0.696591
v 0.742484 0.427566 -0.696591
v 0.742484 0.372562 -0.727462
v 0.742484 0.372562 -0.696591
v 0.742484 0.427566 -0.727462
v 0.742484 0.427566 -0.727462
v 0.785164 0.372562 -0.727462
v 0.742484 0.372562 -0.727462
v 0.785164 0.427566 -0.727462
v 0.785164 0.427566 -0.727462
v 0.785164 0.372562 -0.696591
v 0.785164 0.372562 -0.727462
v 0.785164 0.427566 -0.696591
v 0.785164 0.427566 -0.696591
v 0.742484 0.427566 -0.696591
v 0.742484 0.372562 -0.696591
v 0.785164 0.372562 -0.696591
v 1.013507 0.659635 -0.912095
v 0.981489 0.659635 -0.961760
v 0.981489 0.659635 -0.912095
v 1.013507 0.659635 -0.961760
v 1.013507 0.616955 -0.912095
v 0.981489 0.616955 -0.912095
v 0.981489 0.616955 -0.961760
v 1.013507 0.616955 -0.961760
v 1.013507 0.659635 -0.961760
v 1.013507 0.659635 -0.912095
v 1.013507 0.616955 -0.912095
v 1.013507 0.616955 -0.961760
v 1.013507 0.659635 -0.912095
v 0.981489 0.616955 -0.912095
v 1.013507 0.616955 -0.912095
v 0.981489 0.659635 -0.912095
v 0.981489 0.659635 -0.912095
v 0.981489 0.616955 -0.961760
v 0.981489 0.616955 -0.912095
v 0.981489 0.659635 -0.961760
v 0.981489 0.659635 -0.961760
v 1.013507 0.659635 -0.961760
v 1.013507 0.616955 -0.961760
v 0.981489 0.616955 -0.961760
v 1.013507 0.615853 -0.922325
v 0.978614 0.615853 -0.965006
v 0.978614 0.615853 -0.922325
v 1.013507 0.615853 -0.965006
v 1.013507 0.573173 -0.922325
v 0.978614 0.573173 -0.965006
v 1.013507 0.573173 -0.965006
v 0.978614 0.573173 -0.922325
v 1.013507 0.615853 -0.965006
v 1.013507 0.573173 -0.922325
v 1.013507 0.573173 -0.965006
v 1.013507 0.615853 -0.922325
v 1.013507 0.615853 -0.922325
v 0.978614 0.615853 -0.922325
v 0.978614 0.573173 -0.922325
v 1.013507 0.573173 -0.922325
v 0.978614 0.615853 -0.922325
v 0.978614 0.573173 -0.965006
v 0.978614 0.573173 -0.922325
v 0.978614 0.615853 -0.965006
v 0.978614 0.615853 -0.965006
v 1.013507 0.615853 -0.965006
v 1.013507 0.573173 -0.965006
v 0.978614 0.573173 -0.965006
v 1.013507 0.571139 -0.912095
v 0.981489 0.571139 -0.961760
v 0.981489 0.571139 -0.912095
v 1.013507 0.571139 -0.961760
v 1.013507 0.528459 -0.912095
v 0.981489 0.528459 -0.912095
v 0.981489 0.528459 -0.961760
v 1.013507 0.528459 -0.961760
v 1.013507 0.571139 -0.961760
v 1.013507 0.571139 -0.912095
v 1.013507 0.528459 -0.912095
v 1.013507 0.528459 -0.961760
v 1.013507 0.571139 -0.912095
v 0.981489 0.571139 -0.912095
v 0.981489 0.528459 -0.912095
v 1.013507 0.528459 -0.912095
v 0.981489 0.571139 -0.912095
v 0.981489 0.528459 -0.961760
v 0.981489 0.528459 -0.912095
v 0.981489 0.571139 -0.961760
v 0.981489 0.571139 -0.961760
v 1.013507 0.528459 -0.961760
v 0.981489 0.528459 -0.961760
v 1.013507 0.571139 -0.961760
v 1.013507 0.527357 -0.964449
v 0.970827 0.527357 -0.964449
v 0.970827 0.527357 -0.933578
v 1.013507 0.527357 -0.933578
v 1.013507 0.472353 -0.933578
v 0.970827 0.472353 -0.964449
v 1.013507 0.472353 -0.964449
v 0.970827 0.472353 -0.933578
v 1.013507 0.527357 -0.964449
v 1.013507 0.472353 -0.933578
v 1.013507 0.472353 -0.964449
v 1.013507 0.527357 -0.933578
v 1.013507 0.527357 -0.933578
v 0.970827 0.527357 -0.933578
v 0.970827 0.472353 -0.933578
v 1.013507 0.472353 -0.933578
v 0.970827 0.527357 -0.933578
v 0.970827 0.472353 -0.964449
v 0.970827 0.472353 -0.933578
v 0.970827 0.527357 -0.964449
v 0.970827 0.527357 -0.964449
v 1.013507 0.527357 -0.964449
v 1.013507 0.472353 -0.964449
v 0.970827 0.472353 -0.964449
v 0.981489 0.659635 -0.748945
v 0.981489 0.659635 -0.699280
v 1.013507 0.659635 -0.699280
v 1.013507 0.659635 -0.748945
v 0.981489 0.616955 -0.699280
v 0.981489 0.616955 -0.748945
v 1.013507 0.616955 -0.748945
v 1.013507 0.616955 -0.699280
v 1.013507 0.616955 -0.748945
v 1.013507 0.659635 -0.699280
v 1.013507 0.616955 -0.699280
v 1.013507 0.659635 -0.748945
v 0.981489 0.616955 -0.748945
v 1.013507 0.659635 -0.748945
v 1.013507 0.616955 -0.748945
v 0.981489 0.659635 -0.748945
v 0.981489 0.616955 -0.699280
v 0.981489 0.659635 -0.748945
v 0.981489 0.616955 -0.748945
v 0.981489 0.659635 -0.699280
v 1.013507 0.616955 -0.699280
v 0.981489 0.659635 -0.699280
v 0.981489 0.616955 -0.699280
v 1.013507 0.659635 -0.699280
v 0.978614 0.615853 -0.738715
v 0.978614 0.615853 -0.696034
v 1.013507 0.615853 -0.696034
v 1.013507 0.615853 -0.738715
v 0.978614 0.573173 -0.696034
v 0.978614 0.573173 -0.738715
v 1.013507 0.573173 -0.738715
v 1.013507 0.573173 -0.696034
v 1.013507 0.573173 -0.738715
v 1.013507 0.615853 -0.696034
v 1.013507 0.573173 -0.696034
v 1.013507 0.615853 -0.738715
v 0.978614 0.573173 -0.738715
v 1.013507 0.615853 -0.738715
v 1.013507 0.573173 -0.738715
v 0.978614 0.615853 -0.738715
v 0.978614 0.573173 -0.696034
v 0.978614 0.615853 -0.738715
v 0.978614 0.573173 -0.738715
v 0.978614 0.615853 -0.696034
v 1.013507 0.573173 -0.696034
v 0.978614 0.615853 -0.696034
v 0.978614 0.573173 -0.696034
v 1.013507 0.615853 -0.696034
v 0.981489 0.571139 -0.748945
v 0.981489 0.571139 -0.699280
v 1.013507 0.571139 -0.699280
v 1.013507 0.571139 -0.748945
v 0.981489 0.528459 -0.699280
v 0.981489 0.528459 -0.748945
v 1.013507 0.528459 -0.748945
v 1.013507 0.528459 -0.699280
v 1.013507 0.528459 -0.748945
v 1.013507 0.571139 -0.699280
v 1.013507 0.528459 -0.699280
v 1.013507 0.571139 -0.748945
v 0.981489 0.528459 -0.748945
v 1.013507 0.571139 -0.748945
v 1.013507 0.528459 -0.748945
v 0.981489 0.571139 -0.748945
v 0.981489 0.528459 -0.699280
v 0.981489 0.571139 -0.748945
v 0.981489 0.528459 -0.748945
v 0.981489 0.571139 -0.699280
v 1.013507 0.528459 -0.699280
v 0.981489 0.571139 -0.699280
v 0.981489 0.528459 -0.699280
v 1.013507 0.571139 -0.699280
v 0.970826 0.527357 -0.727462
v 0.970826 0.527357 -0.696591
v 1.013507 0.527357 -0.696591
v 1.013507 0.527357 -0.727462
v 0.970826 0.472353 -0.696591
v 0.970826 0.472353 -0.727462
v 1.013507 0.472353 -0.727462
v 1.013507 0.472353 -0.696591
v 1.013507 0.472353 -0.727462
v 1.013507 0.527357 -0.696591
v 1.013507 0.472353 -0.696591
v 1.013507 0.527357 -0.727462
v 0.970826 0.472353 -0.727462
v 1.013507 0.527357 -0.727462
v 1.013507 0.472353 -0.727462
v 0.970826 0.527357 -0.727462
v 0.970826 0.472353 -0.696591
v 0.970826 0.527357 -0.727462
v 0.970826 0.472353 -0.727462
v 0.970826 0.527357 -0.696591
v 1.013507 0.472353 -0.696591
v 0.970826 0.527357 -0.696591
v 0.970826 0.472353 -0.696591
v 1.013507 0.527357 -0.696591
v 0.774501 0.659635 -0.912095
v 0.742484 0.659635 -0.961760
v 0.742484 0.659635 -0.912095
v 0.774501 0.659635 -0.961760
v 0.774501 0.616955 -0.961760
v 0.742484 0.616955 -0.912095
v 0.742484 0.616955 -0.961760
v 0.774501 0.616955 -0.912095
v 0.742484 0.616955 -0.912095
v 0.742484 0.659635 -0.961760
v 0.742484 0.616955 -0.961760
v 0.742484 0.659635 -0.912095
v 0.774501 0.616955 -0.912095
v 0.742484 0.659635 -0.912095
v 0.742484 0.616955 -0.912095
v 0.774501 0.659635 -0.912095
v 0.774501 0.616955 -0.961760
v 0.774501 0.659635 -0.912095
v 0.774501 0.616955 -0.912095
v 0.774501 0.659635 -0.961760
v 0.742484 0.616955 -0.961760
v 0.774501 0.659635 -0.961760
v 0.774501 0.616955 -0.961760
v 0.742484 0.659635 -0.961760
v 0.777376 0.615853 -0.922325
v 0.742484 0.615853 -0.965006
v 0.742484 0.615853 -0.922325
v 0.777376 0.615853 -0.965006
v 0.777376 0.573173 -0.965006
v 0.742484 0.573173 -0.922325
v 0.742484 0.573173 -0.965006
v 0.777376 0.573173 -0.922325
v 0.742484 0.573173 -0.922325
v 0.742484 0.615853 -0.965006
v 0.742484 0.573173 -0.965006
v 0.742484 0.615853 -0.922325
v 0.777376 0.573173 -0.922325
v 0.742484 0.615853 -0.922325
v 0.742484 0.573173 -0.922325
v 0.777376 0.615853 -0.922325
v 0.777376 0.573173 -0.965006
v 0.777376 0.615853 -0.922325
v 0.777376 0.573173 -0.922325
v 0.777376 0.615853 -0.965006
v 0.742484 0.573173 -0.965006
v 0.777376 0.615853 -0.965006
v 0.777376 0.573173 -0.965006
v 0.742484 0.615853 -0.965006
v 0.774501 0.571139 -0.912095
v 0.742484 0.571139 -0.961760
v 0.742484 0.571139 -0.912095
v 0.774501 0.571139 -0.961760
v 0.774501 0.528459 -0.961760
v 0.742484 0.528459 -0.912095
v 0.742484 0.528459 -0.961760
v 0.774501 0.528459 -0.912095
v 0.742484 0.528459 -0.912095
v 0.742484 0.571139 -0.961760
v 0.742484 0.528459 -0.961760
v 0.742484 0.571139 -0.912095
v 0.774501 0.528459 -0.912095
v 0.742484 0.571139 -0.912095
v 0.742484 0.528459 -0.912095
v 0.774501 0.571139 -0.912095
v 0.774501 0.528459 -0.961760
v 0.774501 0.571139 -0.912095
v 0.774501 0.528459 -0.912095
v 0.774501 0.571139 -0.961760
v 0.742484 0.528459 -0.961760
v 0.774501 0.571139 -0.961760
v 0.774501 0.528459 -0.961760
v 0.742484 0.571139 -0.961760
v 0.785164 0.527357 -0.933579
v 0.742484 0.527357 -0.964449
v 0.742484 0.527357 -0.933579
v 0.785164 0.527357 -0.964449
v 0.785164 0.472353 -0.964449
v 0.742484 0.472353 -0.933579
v 0.742484 0.472353 -0.964449
v 0.785164 0.472353 -0.933579
v 0.742484 0.472353 -0.933579
v 0.742484 0.527357 -0.964449
v 0.742484 0.472353 -0.964449
v 0.742484 0.527357 -0.933579
v 0.785164 0.472353 -0.933579
v 0.742484 0.527357 -0.933579
v 0.742484 0.472353 -0.933579
v 0.785164 0.527357 -0.933579
v 0.785164 0.472353 -0.964449
v 0.785164 0.527357 -0.933579
v 0.785164 0.472353 -0.933579
v 0.785164 0.527357 -0.964449
v 0.742484 0.472353 -0.964449
v 0.785164 0.527357 -0.964449
v 0.785164 0.472353 -0.964449
v 0.742484 0.527357 -0.964449
v 1.013507 0.181836 -0.912095
v 0.981489 0.181836 -0.961760
v 0.981489 0.181836 -0.912095
v 1.013507 0.181836 -0.961760
v 1.013507 0.139156 -0.912095
v 0.981489 0.139156 -0.912095
v 0.981489 0.139156 -0.961760
v 1.013507 0.139156 -0.961760
v 1.013507 0.181836 -0.961760
v 1.013507 0.181836 -0.912095
v 1.013507 0.139156 -0.912095
v 1.013507 0.139156 -0.961760
v 1.013507 0.181836 -0.912095
v 0.981489 0.181836 -0.912095
v 0.981489 0.139156 -0.912095
v 1.013507 0.139156 -0.912095
v 0.981489 0.181836 -0.912095
v 0.981489 0.181836 -0.961760
v 0.981489 0.139156 -0.961760
v 0.981489 0.139156 -0.912095
v 0.981489 0.181836 -0.961760
v 1.013507 0.181836 -0.961760
v 1.013507 0.139156 -0.961760
v 0.981489 0.139156 -0.961760
v 1.013507 0.138055 -0.964449
v 0.970827 0.138055 -0.964449
v 0.970827 0.138055 -0.933578
v 1.013507 0.138055 -0.933578
v 1.013507 0.083051 -0.933578
v 0.970827 0.083051 -0.933578
v 0.970827 0.083051 -0.964449
v 1.013507 0.083051 -0.964449
v 1.013507 0.138055 -0.964449
v 1.013507 0.083051 -0.933578
v 1.013507 0.083051 -0.964449
v 1.013507 0.138055 -0.933578
v 1.013507 0.138055 -0.933578
v 0.970827 0.138055 -0.933578
v 0.970827 0.083051 -0.933578
v 1.013507 0.083051 -0.933578
v 0.970827 0.138055 -0.933578
v 0.970827 0.083051 -0.964449
v 0.970827 0.083051 -0.933578
v 0.970827 0.138055 -0.964449
v 0.970827 0.138055 -0.964449
v 1.013507 0.138055 -0.964449
v 1.013507 0.083051 -0.964449
v 0.970827 0.083051 -0.964449
v 0.981489 0.181836 -0.748945
v 0.981489 0.181836 -0.699280
v 1.013507 0.181836 -0.699280
v 1.013507 0.181836 -0.748945
v 0.981489 0.139156 -0.699280
v 0.981489 0.139156 -0.748945
v 1.013507 0.139156 -0.748945
v 1.013507 0.139156 -0.699280
v 1.013507 0.139156 -0.748945
v 1.013507 0.181836 -0.699280
v 1.013507 0.139156 -0.699280
v 1.013507 0.181836 -0.748945
v 0.981489 0.139156 -0.748945
v 1.013507 0.181836 -0.748945
v 1.013507 0.139156 -0.748945
v 0.981489 0.181836 -0.748945
v 0.981489 0.139156 -0.699280
v 0.981489 0.181836 -0.748945
v 0.981489 0.139156 -0.748945
v 0.981489 0.181836 -0.699280
v 1.013507 0.139156 -0.699280
v 0.981489 0.181836 -0.699280
v 0.981489 0.139156 -0.699280
v 1.013507 0.181836 -0.699280
v 0.970826 0.138055 -0.727461
v 0.970826 0.138055 -0.696591
v 1.013507 0.138055 -0.696591
v 1.013507 0.138055 -0.727461
v 0.970826 0.083051 -0.696591
v 0.970826 0.083051 -0.727461
v 1.013507 0.083051 -0.727461
v 1.013507 0.083051 -0.696591
v 1.013507 0.083051 -0.727461
v 1.013507 0.138055 -0.696591
v 1.013507 0.083051 -0.696591
v 1.013507 0.138055 -0.727461
v 0.970826 0.083051 -0.727461
v 1.013507 0.138055 -0.727461
v 1.013507 0.083051 -0.727461
v 0.970826 0.138055 -0.727461
v 0.970826 0.083051 -0.696591
v 0.970826 0.138055 -0.727461
v 0.970826 0.083051 -0.727461
v 0.970826 0.138055 -0.696591
v 1.013507 0.083051 -0.696591
v 0.970826 0.138055 -0.696591
v 0.970826 0.083051 -0.696591
v 1.013507 0.138055 -0.696591
v 0.774501 0.181836 -0.912095
v 0.742484 0.181836 -0.961760
v 0.742484 0.181836 -0.912095
v 0.774501 0.181836 -0.961760
v 0.774501 0.139156 -0.961760
v 0.742484 0.139156 -0.912095
v 0.742484 0.139156 -0.961760
v 0.774501 0.139156 -0.912095
v 0.742484 0.139156 -0.912095
v 0.742484 0.181836 -0.961760
v 0.742484 0.139156 -0.961760
v 0.742484 0.181836 -0.912095
v 0.774501 0.139156 -0.912095
v 0.742484 0.181836 -0.912095
v 0.742484 0.139156 -0.912095
v 0.774501 0.181836 -0.912095
v 0.774501 0.139156 -0.961760
v 0.774501 0.181836 -0.912095
v 0.774501 0.139156 -0.912095
v 0.774501 0.181836 -0.961760
v 0.742484 0.139156 -0.961760
v 0.774501 0.181836 -0.961760
v 0.774501 0.139156 -0.961760
v 0.742484 0.181836 -0.961760
v 0.785164 0.138055 -0.933579
v 0.742484 0.138055 -0.964449
v 0.742484 0.138055 -0.933579
v 0.785164 0.138055 -0.964449
v 0.785164 0.083051 -0.964449
v 0.742484 0.083051 -0.933579
v 0.742484 0.083051 -0.964449
v 0.785164 0.083051 -0.933579
v 0.742484 0.083051 -0.933579
v 0.742484 0.138055 -0.964449
v 0.742484 0.083051 -0.964449
v 0.742484 0.138055 -0.933579
v 0.785164 0.083051 -0.933579
v 0.742484 0.138055 -0.933579
v 0.742484 0.083051 -0.933579
v 0.785164 0.138055 -0.933579
v 0.785164 0.083051 -0.964449
v 0.785164 0.138055 -0.933579
v 0.785164 0.083051 -0.933579
v 0.785164 0.138055 -0.964449
v 0.742484 0.083051 -0.964449
v 0.785164 0.138055 -0.964449
v 0.785164 0.083051 -0.964449
v 0.742484 0.138055 -0.964449
v 0.774501 0.181836 -0.699280
v 0.742484 0.181836 -0.748945
v 0.742484 0.181836 -0.699280
v 0.774501 0.181836 -0.748945
v 0.774501 0.139156 -0.699280
v 0.742484 0.139156 -0.748945
v 0.774501 0.139156 -0.748945
v 0.742484 0.139156 -0.699280
v 0.742484 0.181836 -0.699280
v 0.742484 0.139156 -0.748945
v 0.742484 0.139156 -0.699280
v 0.742484 0.181836 -0.748945
v 0.742484 0.181836 -0.748945
v 0.774501 0.139156 -0.748945
v 0.742484 0.139156 -0.748945
v 0.774501 0.181836 -0.748945
v 0.774501 0.181836 -0.748945
v 0.774501 0.139156 -0.699280
v 0.774501 0.139156 -0.748945
v 0.774501 0.181836 -0.699280
v 0.774501 0.181836 -0.699280
v 0.742484 0.139156 -0.699280
v 0.774501 0.139156 -0.699280
v 0.742484 0.181836 -0.699280
v 0.785164 0.138055 -0.727462
v 0.742484 0.138055 -0.696591
v 0.785164 0.138055 -0.696591
v 0.742484 0.138055 -0.727462
v 0.785164 0.083051 -0.696591
v 0.742484 0.083051 -0.727462
v 0.785164 0.083051 -0.727462
v 0.742484 0.083051 -0.696591
v 0.742484 0.138055 -0.696591
v 0.742484 0.083051 -0.727462
v 0.742484 0.083051 -0.696591
v 0.742484 0.138055 -0.727462
v 0.742484 0.138055 -0.727462
v 0.785164 0.138055 -0.727462
v 0.785164 0.083051 -0.727462
v 0.742484 0.083051 -0.727462
v 0.785164 0.138055 -0.727462
v 0.785164 0.083051 -0.696591
v 0.785164 0.083051 -0.727462
v 0.785164 0.138055 -0.696591
v 0.785164 0.138055 -0.696591
v 0.742484 0.138055 -0.696591
v 0.742484 0.083051 -0.696591
v 0.785164 0.083051 -0.696591
v 1.024459 0.100476 -0.981765
v 1.024459 0.100476 -0.678472
v 1.024459 0.070826 -0.678472
v 1.024459 0.070826 -0.981765
v 0.721167 0.100476 -0.678472
v 0.721167 0.070826 -0.981765
v 0.721167 0.070826 -0.678472
v 0.721167 0.100476 -0.981765
v 0.721167 0.100476 -0.981765
v 1.024459 0.070826 -0.981765
v 0.721167 0.070826 -0.981765
v 1.024459 0.100476 -0.981765
v 1.024459 0.100476 -0.678472
v 0.721167 0.100476 -0.678472
v 0.721167 0.070826 -0.678472
v 1.024459 0.070826 -0.678472
v 0.721167 0.070826 -0.981765
v 1.024459 0.070826 -0.678472
v 0.721167 0.070826 -0.678472
v 1.024459 0.070826 -0.981765
v 1.024459 0.100476 -0.678472
v 0.721167 0.100476 -0.981765
v 0.721167 0.100476 -0.678472
v 1.024459 0.100476 -0.981765
v 1.031631 0.891200 -0.732980
v 0.985995 0.838905 -0.732980
v 1.031631 0.838905 -0.732980
v 0.985995 0.891200 -0.732980
v 0.985995 0.891200 -0.797464
v 1.031631 0.838905 -0.797464
v 0.985995 0.838905 -0.797464
v 1.031631 0.891200 -0.797464
v 0.985995 0.891200 -0.732980
v 0.985995 0.838905 -0.797464
v 0.985995 0.838905 -0.732980
v 0.985995 0.891200 -0.797464
v 1.031631 0.838905 -0.732980
v 0.985995 0.838905 -0.797464
v 1.031631 0.838905 -0.797464
v 0.985995 0.838905 -0.732980
v 1.031631 0.891200 -0.797464
v 1.031631 0.891200 -0.732980
v 1.031631 0.838905 -0.732980
v 1.031631 0.838905 -0.797464
v 1.031631 0.891200 -0.797464
v 0.985995 0.891200 -0.732980
v 1.031631 0.891200 -0.732980
v 0.985995 0.891200 -0.797464
v 1.031785 0.936846 -0.806000
v 0.986150 0.838905 -0.806000
v 1.031785 0.838905 -0.806000
v 0.986150 0.936846 -0.806000
v 0.986150 0.936846 -0.855665
v 1.031785 0.838905 -0.855665
v 0.986150 0.838905 -0.855665
v 1.031785 0.936846 -0.855665
v 0.986150 0.936846 -0.806000
v 0.986150 0.838905 -0.855665
v 0.986150 0.838905 -0.806000
v 0.986150 0.936846 -0.855665
v 1.031785 0.838905 -0.806000
v 0.986150 0.838905 -0.855665
v 1.031785 0.838905 -0.855665
v 0.986150 0.838905 -0.806000
v 1.031785 0.936846 -0.855665
v 1.031785 0.838905 -0.806000
v 1.031785 0.838905 -0.855665
v 1.031785 0.936846 -0.806000
v 1.031785 0.936846 -0.855665
v 0.986150 0.936846 -0.806000
v 1.031785 0.936846 -0.806000
v 0.986150 0.936846 -0.855665
v 1.031631 0.896234 -0.865697
v 0.985995 0.838905 -0.865697
v 1.031631 0.838905 -0.865697
v 0.985995 0.896234 -0.865697
v 0.985995 0.896234 -0.930764
v 1.031631 0.896234 -0.930764
v 1.031631 0.838905 -0.930764
v 0.985995 0.838905 -0.930764
v 0.985995 0.896234 -0.865697
v 0.985995 0.896234 -0.930764
v 0.985995 0.838905 -0.930764
v 0.985995 0.838905 -0.865697
v 1.031631 0.838905 -0.865697
v 0.985995 0.838905 -0.930764
v 1.031631 0.838905 -0.930764
v 0.985995 0.838905 -0.865697
v 1.031631 0.896234 -0.930764
v 1.031631 0.838905 -0.865697
v 1.031631 0.838905 -0.930764
v 1.031631 0.896234 -0.865697
v 1.031631 0.896234 -0.930764
v 0.985995 0.896234 -0.865697
v 1.031631 0.896234 -0.865697
v 0.985995 0.896234 -0.930764
v 0.975535 0.891200 -0.984156
v 0.975535 0.891200 -0.938520
v 0.975535 0.838905 -0.938520
v 0.975535 0.838905 -0.984156
v 0.911052 0.891200 -0.938520
v 0.911052 0.891200 -0.984156
v 0.911052 0.838905 -0.984156
v 0.911052 0.838905 -0.938520
v 0.975535 0.891200 -0.938520
v 0.911052 0.891200 -0.938520
v 0.911052 0.838905 -0.938520
v 0.975535 0.838905 -0.938520
v 0.975535 0.838905 -0.984156
v 0.911052 0.838905 -0.938520
v 0.911052 0.838905 -0.984156
v 0.975535 0.838905 -0.938520
v 0.911052 0.891200 -0.984156
v 0.975535 0.891200 -0.984156
v 0.975535 0.838905 -0.984156
v 0.911052 0.838905 -0.984156
v 0.911052 0.891200 -0.938520
v 0.975535 0.891200 -0.984156
v 0.911052 0.891200 -0.984156
v 0.975535 0.891200 -0.938520
v 0.902515 0.936846 -0.984310
v 0.902515 0.838905 -0.938674
v 0.902515 0.838905 -0.984310
v 0.902515 0.936846 -0.938674
v 0.852850 0.936846 -0.938674
v 0.852850 0.838905 -0.984310
v 0.852850 0.838905 -0.938674
v 0.852850 0.936846 -0.984310
v 0.902515 0.936846 -0.938674
v 0.852850 0.838905 -0.938674
v 0.902515 0.838905 -0.938674
v 0.852850 0.936846 -0.938674
v 0.902515 0.838905 -0.984310
v 0.852850 0.838905 -0.938674
v 0.852850 0.838905 -0.984310
v 0.902515 0.838905 -0.938674
v 0.852850 0.936846 -0.984310
v 0.902515 0.838905 -0.984310
v 0.852850 0.838905 -0.984310
v 0.902515 0.936846 -0.984310
v 0.852850 0.936846 -0.938674
v 0.902515 0.936846 -0.984310
v 0.852850 0.936846 -0.984310
v 0.902515 0.936846 -0.938674
v 0.842818 0.896234 -0.984156
v 0.842818 0.896234 -0.938520
v 0.842818 0.838905 -0.938520
v 0.842818 0.838905 -0.984156
v 0.777751 0.896234 -0.938520
v 0.777751 0.896234 -0.984156
v 0.777751 0.838905 -0.984156
v 0.777751 0.838905 -0.938520
v 0.842818 0.896234 -0.938520
v 0.777751 0.896234 -0.938520
v 0.777751 0.838905 -0.938520
v 0.842818 0.838905 -0.938520
v 0.842818 0.838905 -0.984156
v 0.777751 0.838905 -0.938520
v 0.777751 0.838905 -0.984156
v 0.842818 0.838905 -0.938520
v 0.777751 0.896234 -0.984156
v 0.842818 0.896234 -0.984156
v 0.842818 0.838905 -0.984156
v 0.777751 0.838905 -0.984156
v 0.777751 0.896234 -0.984156
v 0.777751 0.896234 -0.938520
v 0.842818 0.896234 -0.938520
v 0.842818 0.896234 -0.984156
v 0.724360 0.891200 -0.928060
v 0.769995 0.891200 -0.928060
v 0.769995 0.838905 -0.928060
v 0.724360 0.838905 -0.928060
v 0.769995 0.891200 -0.863577
v 0.724360 0.891200 -0.863577
v 0.724360 0.838905 -0.863577
v 0.769995 0.838905 -0.863577
v 0.769995 0.891200 -0.928060
v 0.769995 0.891200 -0.863577
v 0.769995 0.838905 -0.863577
v 0.769995 0.838905 -0.928060
v 0.769995 0.838905 -0.863577
v 0.724360 0.838905 -0.863577
v 0.724360 0.838905 -0.928060
v 0.769995 0.838905 -0.928060
v 0.724360 0.891200 -0.863577
v 0.724360 0.891200 -0.928060
v 0.724360 0.838905 -0.928060
v 0.724360 0.838905 -0.863577
v 0.769995 0.891200 -0.863577
v 0.724360 0.891200 -0.928060
v 0.724360 0.891200 -0.863577
v 0.769995 0.891200 -0.928060
v 0.724205 0.936846 -0.855040
v 0.769841 0.838905 -0.855040
v 0.724205 0.838905 -0.855040
v 0.769841 0.936846 -0.855040
v 0.769841 0.936846 -0.805375
v 0.724205 0.838905 -0.805375
v 0.769841 0.838905 -0.805375
v 0.724205 0.936846 -0.805375
v 0.769841 0.936846 -0.855040
v 0.769841 0.838905 -0.805375
v 0.769841 0.838905 -0.855040
v 0.769841 0.936846 -0.805375
v 0.769841 0.838905 -0.805375
v 0.724205 0.838905 -0.805375
v 0.724205 0.838905 -0.855040
v 0.769841 0.838905 -0.855040
v 0.724205 0.936846 -0.805375
v 0.724205 0.838905 -0.855040
v 0.724205 0.838905 -0.805375
v 0.724205 0.936846 -0.855040
v 0.769841 0.936846 -0.855040
v 0.724205 0.936846 -0.855040
v 0.724205 0.936846 -0.805375
v 0.769841 0.936846 -0.805375
v 0.724360 0.896234 -0.795343
v 0.769995 0.896234 -0.795343
v 0.769995 0.838905 -0.795343
v 0.724360 0.838905 -0.795343
v 0.769995 0.896234 -0.730276
v 0.724360 0.896234 -0.730276
v 0.724360 0.838905 -0.730276
v 0.769995 0.838905 -0.730276
v 0.769995 0.896234 -0.795343
v 0.769995 0.896234 -0.730276
v 0.769995 0.838905 -0.730276
v 0.769995 0.838905 -0.795343
v 0.769995 0.838905 -0.730276
v 0.724360 0.838905 -0.730276
v 0.724360 0.838905 -0.795343
v 0.769995 0.838905 -0.795343
v 0.724360 0.896234 -0.730276
v 0.724360 0.896234 -0.795343
v 0.724360 0.838905 -0.795343
v 0.724360 0.838905 -0.730276
v 0.769995 0.896234 -0.730276
v 0.724360 0.896234 -0.795343
v 0.724360 0.896234 -0.730276
v 0.769995 0.896234 -0.795343
v 0.780456 0.891200 -0.676884
v 0.780456 0.891200 -0.722520
v 0.780456 0.838905 -0.722520
v 0.780456 0.838905 -0.676884
v 0.844939 0.891200 -0.722520
v 0.844939 0.891200 -0.676884
v 0.844939 0.838905 -0.676884
v 0.844939 0.838905 -0.722520
v 0.780456 0.891200 -0.722520
v 0.844939 0.891200 -0.722520
v 0.844939 0.838905 -0.722520
v 0.780456 0.838905 -0.722520
v 0.780456 0.838905 -0.676884
v 0.780456 0.838905 -0.722520
v 0.844939 0.838905 -0.722520
v 0.844939 0.838905 -0.676884
v 0.844939 0.891200 -0.676884
v 0.780456 0.891200 -0.676884
v 0.780456 0.838905 -0.676884
v 0.844939 0.838905 -0.676884
v 0.844939 0.891200 -0.676884
v 0.780456 0.891200 -0.722520
v 0.780456 0.891200 -0.676884
v 0.844939 0.891200 -0.722520
v 0.853475 0.936846 -0.676730
v 0.853475 0.838905 -0.722366
v 0.853475 0.838905 -0.676730
v 0.853475 0.936846 -0.722366
v 0.903141 0.936846 -0.722366
v 0.903141 0.838905 -0.676730
v 0.903141 0.838905 -0.722366
v 0.903141 0.936846 -0.676730
v 0.853475 0.936846 -0.722366
v 0.903141 0.838905 -0.722366
v 0.853475 0.838905 -0.722366
v 0.903141 0.936846 -0.722366
v 0.853475 0.838905 -0.676730
v 0.853475 0.838905 -0.722366
v 0.903141 0.838905 -0.722366
v 0.903141 0.838905 -0.676730
v 0.903141 0.936846 -0.676730
v 0.853475 0.838905 -0.676730
v 0.903141 0.838905 -0.676730
v 0.853475 0.936846 -0.676730
v 0.903141 0.936846 -0.676730
v 0.853475 0.936846 -0.722366
v 0.853475 0.936846 -0.676730
v 0.903141 0.936846 -0.722366
v 0.913172 0.896234 -0.676884
v 0.913172 0.896234 -0.722520
v 0.913172 0.838905 -0.722520
v 0.913172 0.838905 -0.676884
v 0.978239 0.896234 -0.722520
v 0.978239 0.896234 -0.676884
v 0.978239 0.838905 -0.676884
v 0.978239 0.838905 -0.722520
v 0.913172 0.896234 -0.722520
v 0.978239 0.896234 -0.722520
v 0.978239 0.838905 -0.722520
v 0.913172 0.838905 -0.722520
v 0.913172 0.838905 -0.676884
v 0.913172 0.838905 -0.722520
v 0.978239 0.838905 -0.722520
v 0.978239 0.838905 -0.676884
v 0.978239 0.896234 -0.676884
v 0.913172 0.896234 -0.676884
v 0.913172 0.838905 -0.676884
v 0.978239 0.838905 -0.676884
v 0.978239 0.896234 -0.676884
v 0.913172 0.896234 -0.722520
v 0.913172 0.896234 -0.676884
v 0.978239 0.896234 -0.722520
v 1.031785 0.936846 -0.935050
v 0.986150 0.838905 -0.935050
v 1.031785 0.838905 -0.935050
v 0.986150 0.936846 -0.935050
v 0.986150 0.936846 -0.984715
v 1.031785 0.838905 -0.984715
v 0.986150 0.838905 -0.984715
v 1.031785 0.936846 -0.984715
v 0.986150 0.936846 -0.935050
v 0.986150 0.838905 -0.984715
v 0.986150 0.838905 -0.935050
v 0.986150 0.936846 -0.984715
v 1.031785 0.838905 -0.984715
v 0.986150 0.838905 -0.935050
v 0.986150 0.838905 -0.984715
v 1.031785 0.838905 -0.935050
v 1.031785 0.936846 -0.984715
v 1.031785 0.838905 -0.935050
v 1.031785 0.838905 -0.984715
v 1.031785 0.936846 -0.935050
v 1.031785 0.936846 -0.984715
v 0.986150 0.936846 -0.935050
v 1.031785 0.936846 -0.935050
v 0.986150 0.936846 -0.984715
v 1.013507 0.837192 -0.912095
v 0.981489 0.837192 -0.961760
v 0.981489 0.837192 -0.912095
v 1.013507 0.837192 -0.961760
v 1.013507 0.794512 -0.912095
v 0.981489 0.794512 -0.912095
v 0.981489 0.794512 -0.961760
v 1.013507 0.794512 -0.961760
v 1.013507 0.837192 -0.961760
v 1.013507 0.794512 -0.912095
v 1.013507 0.794512 -0.961760
v 1.013507 0.837192 -0.912095
v 1.013507 0.837192 -0.912095
v 0.981489 0.794512 -0.912095
v 1.013507 0.794512 -0.912095
v 0.981489 0.837192 -0.912095
v 0.981489 0.837192 -0.912095
v 0.981489 0.794512 -0.961760
v 0.981489 0.794512 -0.912095
v 0.981489 0.837192 -0.961760
v 0.981489 0.837192 -0.961760
v 1.013507 0.794512 -0.961760
v 0.981489 0.794512 -0.961760
v 1.013507 0.837192 -0.961760
v 0.742484 0.527357 -0.727462
v 0.785164 0.472353 -0.727462
v 0.742484 0.472353 -0.727462
v 0.785164 0.527357 -0.727462
v 0.785164 0.527357 -0.727462
v 0.742484 0.527357 -0.696591
v 0.785164 0.527357 -0.696591
v 0.742484 0.527357 -0.727462
v 0.742484 0.527357 -0.696591
v 0.742484 0.472353 -0.727462
v 0.742484 0.472353 -0.696591
v 0.742484 0.527357 -0.727462
v 0.785164 0.527357 -0.696591
v 0.742484 0.472353 -0.696591
v 0.785164 0.472353 -0.696591
v 0.742484 0.527357 -0.696591
v 0.785164 0.527357 -0.727462
v 0.785164 0.472353 -0.696591
v 0.785164 0.472353 -0.727462
v 0.785164 0.527357 -0.696591
v 0.785164 0.472353 -0.696591
v 0.742484 0.472353 -0.727462
v 0.785164 0.472353 -0.727462
v 0.742484 0.472353 -0.696591
v 1.013507 0.370124 -0.912095
v 0.981489 0.370124 -0.961760
v 0.981489 0.370124 -0.912095
v 1.013507 0.370124 -0.961760
v 1.013507 0.327443 -0.912095
v 0.981489 0.327443 -0.961760
v 1.013507 0.327443 -0.961760
v 0.981489 0.327443 -0.912095
v 1.013507 0.370124 -0.961760
v 1.013507 0.327443 -0.912095
v 1.013507 0.327443 -0.961760
v 1.013507 0.370124 -0.912095
v 1.013507 0.370124 -0.912095
v 0.981489 0.327443 -0.912095
v 1.013507 0.327443 -0.912095
v 0.981489 0.370124 -0.912095
v 0.981489 0.370124 -0.912095
v 0.981489 0.327443 -0.961760
v 0.981489 0.327443 -0.912095
v 0.981489 0.370124 -0.961760
v 0.981489 0.370124 -0.961760
v 1.013507 0.370124 -0.961760
v 1.013507 0.327443 -0.961760
v 0.981489 0.327443 -0.961760
v 1.013507 0.326342 -0.922325
v 0.978614 0.326342 -0.965006
v 0.978614 0.326342 -0.922325
v 1.013507 0.326342 -0.965006
v 1.013507 0.283662 -0.922325
v 0.978614 0.283662 -0.965006
v 1.013507 0.283662 -0.965006
v 0.978614 0.283662 -0.922325
v 1.013507 0.326342 -0.965006
v 1.013507 0.326342 -0.922325
v 1.013507 0.283662 -0.922325
v 1.013507 0.283662 -0.965006
v 1.013507 0.326342 -0.922325
v 0.978614 0.283662 -0.922325
v 1.013507 0.283662 -0.922325
v 0.978614 0.326342 -0.922325
v 0.978614 0.326342 -0.922325
v 0.978614 0.326342 -0.965006
v 0.978614 0.283662 -0.965006
v 0.978614 0.283662 -0.922325
v 0.978614 0.326342 -0.965006
v 1.013507 0.326342 -0.965006
v 1.013507 0.283662 -0.965006
v 0.978614 0.283662 -0.965006
v 1.013507 0.281628 -0.912095
v 0.981489 0.281628 -0.961760
v 0.981489 0.281628 -0.912095
v 1.013507 0.281628 -0.961760
v 1.013507 0.238947 -0.912095
v 0.981489 0.238947 -0.961760
v 1.013507 0.238947 -0.961760
v 0.981489 0.238947 -0.912095
v 1.013507 0.281628 -0.961760
v 1.013507 0.281628 -0.912095
v 1.013507 0.238947 -0.912095
v 1.013507 0.238947 -0.961760
v 1.013507 0.281628 -0.912095
v 0.981489 0.238947 -0.912095
v 1.013507 0.238947 -0.912095
v 0.981489 0.281628 -0.912095
v 0.981489 0.281628 -0.912095
v 0.981489 0.238947 -0.961760
v 0.981489 0.238947 -0.912095
v 0.981489 0.281628 -0.961760
v 0.981489 0.281628 -0.961760
v 1.013507 0.238947 -0.961760
v 0.981489 0.238947 -0.961760
v 1.013507 0.281628 -0.961760
v 1.013507 0.237846 -0.964449
v 0.970827 0.237846 -0.933578
v 1.013507 0.237846 -0.933578
v 0.970827 0.237846 -0.964449
v 1.013507 0.182842 -0.933578
v 0.970827 0.182842 -0.964449
v 1.013507 0.182842 -0.964449
v 0.970827 0.182842 -0.933578
v 1.013507 0.237846 -0.964449
v 1.013507 0.182842 -0.933578
v 1.013507 0.182842 -0.964449
v 1.013507 0.237846 -0.933578
v 1.013507 0.237846 -0.933578
v 0.970827 0.182842 -0.933578
v 1.013507 0.182842 -0.933578
v 0.970827 0.237846 -0.933578
v 0.970827 0.237846 -0.933578
v 0.970827 0.182842 -0.964449
v 0.970827 0.182842 -0.933578
v 0.970827 0.237846 -0.964449
v 0.970827 0.237846 -0.964449
v 1.013507 0.237846 -0.964449
v 1.013507 0.182842 -0.964449
v 0.970827 0.182842 -0.964449
v 0.986150 0.936846 -0.726874
v 1.031785 0.838905 -0.726874
v 0.986150 0.838905 -0.726874
v 1.031785 0.936846 -0.726874
v 1.031785 0.936846 -0.726874
v 0.986150 0.936846 -0.677209
v 1.031785 0.936846 -0.677209
v 0.986150 0.936846 -0.726874
v 0.986150 0.936846 -0.677209
v 0.986150 0.838905 -0.726874
v 0.986150 0.838905 -0.677209
v 0.986150 0.936846 -0.726874
v 1.031785 0.936846 -0.677209
v 0.986150 0.838905 -0.677209
v 1.031785 0.838905 -0.677209
v 0.986150 0.936846 -0.677209
v 1.031785 0.936846 -0.726874
v 1.031785 0.838905 -0.677209
v 1.031785 0.838905 -0.726874
v 1.031785 0.936846 -0.677209
v 1.031785 0.838905 -0.677209
v 0.986150 0.838905 -0.726874
v 1.031785 0.838905 -0.726874
v 0.986150 0.838905 -0.677209
v 0.981489 0.837192 -0.748945
v 0.981489 0.837192 -0.699280
v 1.013507 0.837192 -0.699280
v 1.013507 0.837192 -0.748945
v 0.981489 0.794512 -0.699280
v 0.981489 0.794512 -0.748945
v 1.013507 0.794512 -0.748945
v 1.013507 0.794512 -0.699280
v 1.013507 0.794512 -0.748945
v 1.013507 0.837192 -0.699280
v 1.013507 0.794512 -0.699280
v 1.013507 0.837192 -0.748945
v 0.981489 0.794512 -0.748945
v 1.013507 0.837192 -0.748945
v 1.013507 0.794512 -0.748945
v 0.981489 0.837192 -0.748945
v 0.981489 0.794512 -0.699280
v 0.981489 0.837192 -0.748945
v 0.981489 0.794512 -0.748945
v 0.981489 0.837192 -0.699280
v 1.013507 0.794512 -0.699280
v 0.981489 0.837192 -0.699280
v 0.981489 0.794512 -0.699280
v 1.013507 0.837192 -0.699280
v 0.742484 0.571139 -0.748945
v 0.774501 0.528459 -0.748945
v 0.742484 0.528459 -0.748945
v 0.774501 0.571139 -0.748945
v 0.774501 0.571139 -0.699280
v 0.742484 0.571139 -0.748945
v 0.742484 0.571139 -0.699280
v 0.774501 0.571139 -0.748945
v 0.742484 0.571139 -0.699280
v 0.742484 0.528459 -0.748945
v 0.742484 0.528459 -0.699280
v 0.742484 0.571139 -0.748945
v 0.774501 0.571139 -0.699280
v 0.742484 0.528459 -0.699280
v 0.774501 0.528459 -0.699280
v 0.742484 0.571139 -0.699280
v 0.774501 0.571139 -0.748945
v 0.774501 0.528459 -0.699280
v 0.774501 0.528459 -0.748945
v 0.774501 0.571139 -0.699280
v 0.774501 0.528459 -0.699280
v 0.742484 0.528459 -0.748945
v 0.774501 0.528459 -0.748945
v 0.742484 0.528459 -0.699280
v 0.981489 0.370124 -0.748945
v 0.981489 0.370124 -0.699280
v 1.013507 0.370124 -0.699280
v 1.013507 0.370124 -0.748945
v 0.981489 0.327443 -0.699280
v 0.981489 0.327443 -0.748945
v 1.013507 0.327443 -0.748945
v 1.013507 0.327443 -0.699280
v 1.013507 0.327443 -0.748945
v 1.013507 0.370124 -0.699280
v 1.013507 0.327443 -0.699280
v 1.013507 0.370124 -0.748945
v 0.981489 0.327443 -0.748945
v 1.013507 0.370124 -0.748945
v 1.013507 0.327443 -0.748945
v 0.981489 0.370124 -0.748945
v 0.981489 0.327443 -0.699280
v 0.981489 0.370124 -0.748945
v 0.981489 0.327443 -0.748945
v 0.981489 0.370124 -0.699280
v 1.013507 0.327443 -0.699280
v 0.981489 0.370124 -0.699280
v 0.981489 0.327443 -0.699280
v 1.013507 0.370124 -0.699280
v 0.978614 0.326342 -0.738715
v 0.978614 0.326342 -0.696034
v 1.013507 0.326342 -0.696034
v 1.013507 0.326342 -0.738715
v 0.978614 0.283662 -0.696034
v 0.978614 0.283662 -0.738715
v 1.013507 0.283662 -0.738715
v 1.013507 0.283662 -0.696034
v 1.013507 0.283662 -0.738715
v 1.013507 0.326342 -0.696034
v 1.013507 0.283662 -0.696034
v 1.013507 0.326342 -0.738715
v 0.978614 0.283662 -0.738715
v 1.013507 0.326342 -0.738715
v 1.013507 0.283662 -0.738715
v 0.978614 0.326342 -0.738715
v 0.978614 0.283662 -0.696034
v 0.978614 0.326342 -0.738715
v 0.978614 0.283662 -0.738715
v 0.978614 0.326342 -0.696034
v 1.013507 0.283662 -0.696034
v 0.978614 0.326342 -0.696034
v 0.978614 0.283662 -0.696034
v 1.013507 0.326342 -0.696034
v 0.981489 0.281628 -0.748945
v 0.981489 0.281628 -0.699280
v 1.013507 0.281628 -0.699280
v 1.013507 0.281628 -0.748945
v 0.981489 0.238947 -0.699280
v 0.981489 0.238947 -0.748945
v 1.013507 0.238947 -0.748945
v 1.013507 0.238947 -0.699280
v 1.013507 0.238947 -0.748945
v 1.013507 0.281628 -0.699280
v 1.013507 0.238947 -0.699280
v 1.013507 0.281628 -0.748945
v 0.981489 0.238947 -0.748945
v 1.013507 0.281628 -0.748945
v 1.013507 0.238947 -0.748945
v 0.981489 0.281628 -0.748945
v 0.981489 0.238947 -0.699280
v 0.981489 0.281628 -0.748945
v 0.981489 0.238947 -0.748945
v 0.981489 0.281628 -0.699280
v 1.013507 0.238947 -0.699280
v 0.981489 0.281628 -0.699280
v 0.981489 0.238947 -0.699280
v 1.013507 0.281628 -0.699280
v 0.970826 0.237846 -0.727462
v 0.970826 0.237846 -0.696591
v 1.013507 0.237846 -0.696591
v 1.013507 0.237846 -0.727462
v 0.970826 0.182842 -0.696591
v 0.970826 0.182842 -0.727461
v 1.013507 0.182842 -0.727461
v 1.013507 0.182842 -0.696591
v 1.013507 0.182842 -0.727461
v 1.013507 0.237846 -0.696591
v 1.013507 0.182842 -0.696591
v 1.013507 0.237846 -0.727462
v 0.970826 0.182842 -0.727461
v 1.013507 0.237846 -0.727462
v 1.013507 0.182842 -0.727461
v 0.970826 0.237846 -0.727462
v 0.970826 0.182842 -0.696591
v 0.970826 0.237846 -0.727462
v 0.970826 0.182842 -0.727461
v 0.970826 0.237846 -0.696591
v 1.013507 0.182842 -0.696591
v 0.970826 0.237846 -0.696591
v 0.970826 0.182842 -0.696591
v 1.013507 0.237846 -0.696591
v 0.721457 0.936846 -0.984715
v 0.767092 0.838905 -0.984715
v 0.721457 0.838905 -0.984715
v 0.767092 0.936846 -0.984715
v 0.767092 0.936846 -0.984715
v 0.721457 0.936846 -0.935050
v 0.767092 0.936846 -0.935050
v 0.721457 0.936846 -0.984715
v 0.721457 0.936846 -0.935050
v 0.721457 0.838905 -0.984715
v 0.721457 0.838905 -0.935050
v 0.721457 0.936846 -0.984715
v 0.767092 0.936846 -0.935050
v 0.721457 0.838905 -0.935050
v 0.767092 0.838905 -0.935050
v 0.721457 0.936846 -0.935050
v 0.767092 0.936846 -0.984715
v 0.767092 0.838905 -0.935050
v 0.767092 0.838905 -0.984715
v 0.767092 0.936846 -0.935050
v 0.767092 0.838905 -0.984715
v 0.721457 0.838905 -0.935050
v 0.721457 0.838905 -0.984715
v 0.767092 0.838905 -0.935050
v 0.774501 0.837192 -0.912095
v 0.742484 0.837192 -0.961760
v 0.742484 0.837192 -0.912095
v 0.774501 0.837192 -0.961760
v 0.774501 0.794512 -0.961760
v 0.742484 0.794512 -0.912095
v 0.742484 0.794512 -0.961760
v 0.774501 0.794512 -0.912095
v 0.742484 0.794512 -0.912095
v 0.742484 0.837192 -0.961760
v 0.742484 0.794512 -0.961760
v 0.742484 0.837192 -0.912095
v 0.774501 0.794512 -0.912095
v 0.742484 0.837192 -0.912095
v 0.742484 0.794512 -0.912095
v 0.774501 0.837192 -0.912095
v 0.774501 0.794512 -0.961760
v 0.774501 0.837192 -0.912095
v 0.774501 0.794512 -0.912095
v 0.774501 0.837192 -0.961760
v 0.742484 0.794512 -0.961760
v 0.774501 0.837192 -0.961760
v 0.774501 0.794512 -0.961760
v 0.742484 0.837192 -0.961760
v 0.742484 0.615853 -0.738715
v 0.777376 0.615853 -0.738715
v 0.777376 0.573173 -0.738715
v 0.742484 0.573173 -0.738715
v 0.777376 0.615853 -0.738715
v 0.742484 0.615853 -0.696035
v 0.777376 0.615853 -0.696035
v 0.742484 0.615853 -0.738715
v 0.742484 0.615853 -0.696035
v 0.742484 0.615853 -0.738715
v 0.742484 0.573173 -0.738715
v 0.742484 0.573173 -0.696035
v 0.777376 0.615853 -0.696035
v 0.742484 0.615853 -0.696035
v 0.742484 0.573173 -0.696035
v 0.777376 0.573173 -0.696035
v 0.777376 0.615853 -0.738715
v 0.777376 0.615853 -0.696035
v 0.777376 0.573173 -0.696035
v 0.777376 0.573173 -0.738715
v 0.777376 0.573173 -0.696035
v 0.742484 0.573173 -0.738715
v 0.777376 0.573173 -0.738715
v 0.742484 0.573173 -0.696035
v 0.774501 0.370124 -0.912095
v 0.742484 0.370124 -0.961760
v 0.742484 0.370124 -0.912095
v 0.774501 0.370124 -0.961760
v 0.774501 0.327443 -0.961760
v 0.742484 0.327443 -0.912095
v 0.742484 0.327443 -0.961760
v 0.774501 0.327443 -0.912095
v 0.742484 0.327443 -0.912095
v 0.742484 0.370124 -0.961760
v 0.742484 0.327443 -0.961760
v 0.742484 0.370124 -0.912095
v 0.774501 0.327443 -0.912095
v 0.742484 0.370124 -0.912095
v 0.742484 0.327443 -0.912095
v 0.774501 0.370124 -0.912095
v 0.774501 0.327443 -0.961760
v 0.774501 0.370124 -0.912095
v 0.774501 0.327443 -0.912095
v 0.774501 0.370124 -0.961760
v 0.742484 0.327443 -0.961760
v 0.774501 0.370124 -0.961760
v 0.774501 0.327443 -0.961760
v 0.742484 0.370124 -0.961760
v 0.777376 0.326342 -0.922325
v 0.742484 0.326342 -0.965006
v 0.742484 0.326342 -0.922325
v 0.777376 0.326342 -0.965006
v 0.777376 0.283662 -0.965006
v 0.742484 0.283662 -0.922325
v 0.742484 0.283662 -0.965006
v 0.777376 0.283662 -0.922325
v 0.742484 0.283662 -0.922325
v 0.742484 0.326342 -0.965006
v 0.742484 0.283662 -0.965006
v 0.742484 0.326342 -0.922325
v 0.777376 0.283662 -0.922325
v 0.742484 0.326342 -0.922325
v 0.742484 0.283662 -0.922325
v 0.777376 0.326342 -0.922325
v 0.777376 0.283662 -0.965006
v 0.777376 0.326342 -0.922325
v 0.777376 0.283662 -0.922325
v 0.777376 0.326342 -0.965006
v 0.742484 0.283662 -0.965006
v 0.777376 0.326342 -0.965006
v 0.777376 0.283662 -0.965006
v 0.742484 0.326342 -0.965006
v 0.774501 0.281628 -0.912095
v 0.742484 0.281628 -0.961760
v 0.742484 0.281628 -0.912095
v 0.774501 0.281628 -0.961760
v 0.774501 0.238947 -0.961760
v 0.742484 0.238947 -0.912095
v 0.742484 0.238947 -0.961760
v 0.774501 0.238947 -0.912095
v 0.742484 0.238947 -0.912095
v 0.742484 0.281628 -0.961760
v 0.742484 0.238947 -0.961760
v 0.742484 0.281628 -0.912095
v 0.774501 0.238947 -0.912095
v 0.742484 0.281628 -0.912095
v 0.742484 0.238947 -0.912095
v 0.774501 0.281628 -0.912095
v 0.774501 0.238947 -0.961760
v 0.774501 0.281628 -0.912095
v 0.774501 0.238947 -0.912095
v 0.774501 0.281628 -0.961760
v 0.742484 0.238947 -0.961760
v 0.774501 0.281628 -0.961760
v 0.774501 0.238947 -0.961760
v 0.742484 0.281628 -0.961760
v 0.785164 0.237846 -0.933579
v 0.742484 0.237846 -0.964449
v 0.742484 0.237846 -0.933579
v 0.785164 0.237846 -0.964449
v 0.785164 0.182842 -0.964449
v 0.742484 0.182842 -0.933579
v 0.742484 0.182842 -0.964449
v 0.785164 0.182842 -0.933579
v 0.742484 0.182842 -0.933579
v 0.742484 0.237846 -0.964449
v 0.742484 0.182842 -0.964449
v 0.742484 0.237846 -0.933579
v 0.785164 0.182842 -0.933579
v 0.742484 0.237846 -0.933579
v 0.742484 0.182842 -0.933579
v 0.785164 0.237846 -0.933579
v 0.785164 0.182842 -0.964449
v 0.785164 0.237846 -0.933579
v 0.785164 0.182842 -0.933579
v 0.785164 0.237846 -0.964449
v 0.742484 0.182842 -0.964449
v 0.785164 0.237846 -0.964449
v 0.785164 0.182842 -0.964449
v 0.742484 0.237846 -0.964449
v 0.767092 0.936846 -0.726874
v 0.721457 0.936846 -0.677209
v 0.767092 0.936846 -0.677209
v 0.721457 0.936846 -0.726874
v 0.767092 0.838905 -0.677209
v 0.721457 0.838905 -0.726874
v 0.767092 0.838905 -0.726874
v 0.721457 0.838905 -0.677209
v 0.721457 0.936846 -0.677209
v 0.721457 0.838905 -0.726874
v 0.721457 0.838905 -0.677209
v 0.721457 0.936846 -0.726874
v 0.721457 0.936846 -0.726874
v 0.767092 0.838905 -0.726874
v 0.721457 0.838905 -0.726874
v 0.767092 0.936846 -0.726874
v 0.767092 0.936846 -0.726874
v 0.767092 0.838905 -0.677209
v 0.767092 0.838905 -0.726874
v 0.767092 0.936846 -0.677209
v 0.767092 0.936846 -0.677209
v 0.721457 0.838905 -0.677209
v 0.767092 0.838905 -0.677209
v 0.721457 0.936846 -0.677209
v 0.774501 0.837192 -0.699280
v 0.742484 0.837192 -0.748945
v 0.742484 0.837192 -0.699280
v 0.774501 0.837192 -0.748945
v 0.774501 0.794512 -0.699280
v 0.742484 0.794512 -0.748945
v 0.774501 0.794512 -0.748945
v 0.742484 0.794512 -0.699280
v 0.742484 0.837192 -0.699280
v 0.742484 0.794512 -0.748945
v 0.742484 0.794512 -0.699280
v 0.742484 0.837192 -0.748945
v 0.742484 0.837192 -0.748945
v 0.774501 0.794512 -0.748945
v 0.742484 0.794512 -0.748945
v 0.774501 0.837192 -0.748945
v 0.774501 0.837192 -0.748945
v 0.774501 0.837192 -0.699280
v 0.774501 0.794512 -0.699280
v 0.774501 0.794512 -0.748945
v 0.774501 0.837192 -0.699280
v 0.742484 0.794512 -0.699280
v 0.774501 0.794512 -0.699280
v 0.742484 0.837192 -0.699280
v 0.742484 0.659635 -0.748945
v 0.774501 0.616955 -0.748945
v 0.742484 0.616955 -0.748945
v 0.774501 0.659635 -0.748945
v 0.774501 0.659635 -0.699280
v 0.742484 0.659635 -0.748945
v 0.742484 0.659635 -0.699280
v 0.774501 0.659635 -0.748945
v 0.742484 0.659635 -0.699280
v 0.742484 0.616955 -0.748945
v 0.742484 0.616955 -0.699280
v 0.742484 0.659635 -0.748945
v 0.774501 0.659635 -0.699280
v 0.742484 0.659635 -0.699280
v 0.742484 0.616955 -0.699280
v 0.774501 0.616955 -0.699280
v 0.774501 0.659635 -0.748945
v 0.774501 0.659635 -0.699280
v 0.774501 0.616955 -0.699280
v 0.774501 0.616955 -0.748945
v 0.774501 0.616955 -0.699280
v 0.742484 0.616955 -0.748945
v 0.774501 0.616955 -0.748945
v 0.742484 0.616955 -0.699280
v 0.774501 0.370124 -0.699280
v 0.742484 0.370124 -0.748945
v 0.742484 0.370124 -0.699280
v 0.774501 0.370124 -0.748945
v 0.774501 0.327443 -0.699280
v 0.742484 0.327443 -0.748945
v 0.774501 0.327443 -0.748945
v 0.742484 0.327443 -0.699280
v 0.742484 0.370124 -0.699280
v 0.742484 0.327443 -0.748945
v 0.742484 0.327443 -0.699280
v 0.742484 0.370124 -0.748945
v 0.742484 0.370124 -0.748945
v 0.774501 0.370124 -0.748945
v 0.774501 0.327443 -0.748945
v 0.742484 0.327443 -0.748945
v 0.774501 0.370124 -0.748945
v 0.774501 0.327443 -0.699280
v 0.774501 0.327443 -0.748945
v 0.774501 0.370124 -0.699280
v 0.774501 0.370124 -0.699280
v 0.742484 0.370124 -0.699280
v 0.742484 0.327443 -0.699280
v 0.774501 0.327443 -0.699280
v 0.777376 0.326342 -0.738715
v 0.742484 0.326342 -0.696035
v 0.777376 0.326342 -0.696035
v 0.742484 0.326342 -0.738715
v 0.777376 0.283662 -0.696035
v 0.742484 0.283662 -0.738715
v 0.777376 0.283662 -0.738715
v 0.742484 0.283662 -0.696035
v 0.742484 0.326342 -0.696035
v 0.742484 0.326342 -0.738715
v 0.742484 0.283662 -0.738715
v 0.742484 0.283662 -0.696035
v 0.742484 0.326342 -0.738715
v 0.777376 0.283662 -0.738715
v 0.742484 0.283662 -0.738715
v 0.777376 0.326342 -0.738715
v 0.777376 0.326342 -0.738715
v 0.777376 0.326342 -0.696035
v 0.777376 0.283662 -0.696035
v 0.777376 0.283662 -0.738715
v 0.777376 0.326342 -0.696035
v 0.742484 0.326342 -0.696035
v 0.742484 0.283662 -0.696035
v 0.777376 0.283662 -0.696035
v 0.774501 0.281628 -0.699280
v 0.742484 0.281628 -0.748945
v 0.742484 0.281628 -0.699280
v 0.774501 0.281628 -0.748945
v 0.774501 0.238947 -0.699280
v 0.742484 0.238947 -0.748945
v 0.774501 0.238947 -0.748945
v 0.742484 0.238947 -0.699280
v 0.742484 0.281628 -0.699280
v 0.742484 0.238947 -0.748945
v 0.742484 0.238947 -0.699280
v 0.742484 0.281628 -0.748945
v 0.742484 0.281628 -0.748945
v 0.774501 0.238947 -0.748945
v 0.742484 0.238947 -0.748945
v 0.774501 0.281628 -0.748945
v 0.774501 0.281628 -0.748945
v 0.774501 0.238947 -0.699280
v 0.774501 0.238947 -0.748945
v 0.774501 0.281628 -0.699280
v 0.774501 0.281628 -0.699280
v 0.742484 0.238947 -0.699280
v 0.774501 0.238947 -0.699280
v 0.742484 0.281628 -0.699280
v 0.785164 0.237846 -0.727462
v 0.742484 0.237846 -0.696591
v 0.785164 0.237846 -0.696591
v 0.742484 0.237846 -0.727462
v 0.785164 0.182842 -0.696591
v 0.742484 0.182842 -0.727462
v 0.785164 0.182842 -0.727462
v 0.742484 0.182842 -0.696591
v 0.742484 0.237846 -0.696591
v 0.742484 0.182842 -0.727462
v 0.742484 0.182842 -0.696591
v 0.742484 0.237846 -0.727462
v 0.742484 0.237846 -0.727462
v 0.785164 0.182842 -0.727462
v 0.742484 0.182842 -0.727462
v 0.785164 0.237846 -0.727462
v 0.785164 0.237846 -0.727462
v 0.785164 0.182842 -0.696591
v 0.785164 0.182842 -0.727462
v 0.785164 0.237846 -0.696591
v 0.785164 0.237846 -0.696591
v 0.742484 0.237846 -0.696591
v 0.742484 0.182842 -0.696591
v 0.785164 0.182842 -0.696591
v 0.439317 0.181837 0.707692
v 0.407300 0.181837 0.658027
v 0.407300 0.181837 0.707692
v 0.439318 0.181837 0.658027
v 0.439317 0.139156 0.707692
v 0.407300 0.139156 0.707692
v 0.407300 0.139156 0.658027
v 0.439318 0.139156 0.658027
v 0.439318 0.181837 0.658027
v 0.439317 0.181837 0.707692
v 0.439317 0.139156 0.707692
v 0.439318 0.139156 0.658027
v 0.439317 0.181837 0.707692
v 0.407300 0.181837 0.707692
v 0.407300 0.139156 0.707692
v 0.439317 0.139156 0.707692
v 0.407300 0.181837 0.707692
v 0.407300 0.139156 0.658027
v 0.407300 0.139156 0.707692
v 0.407300 0.181837 0.658027
v 0.407300 0.181837 0.658027
v 0.439318 0.181837 0.658027
v 0.439318 0.139156 0.658027
v 0.407300 0.139156 0.658027
v 0.439318 0.138055 0.655338
v 0.396637 0.138055 0.655338
v 0.396637 0.138055 0.686209
v 0.439318 0.138055 0.686209
v 0.439318 0.083051 0.655338
v 0.396637 0.083051 0.686209
v 0.396637 0.083051 0.655338
v 0.439318 0.083051 0.686209
v 0.439318 0.138055 0.655338
v 0.439318 0.083051 0.686209
v 0.439318 0.083051 0.655338
v 0.439318 0.138055 0.686209
v 0.439318 0.138055 0.686209
v 0.396637 0.138055 0.686209
v 0.396637 0.083051 0.686209
v 0.439318 0.083051 0.686209
v 0.396637 0.138055 0.686209
v 0.396637 0.083051 0.655338
v 0.396637 0.083051 0.686209
v 0.396637 0.138055 0.655338
v 0.396637 0.138055 0.655338
v 0.439318 0.138055 0.655338
v 0.439318 0.083051 0.655338
v 0.396637 0.083051 0.655338
v 0.407300 0.181837 0.870842
v 0.407300 0.181837 0.920507
v 0.439317 0.181837 0.920507
v 0.439317 0.181837 0.870842
v 0.407300 0.139156 0.920507
v 0.407300 0.139156 0.870842
v 0.439317 0.139156 0.870842
v 0.439317 0.139156 0.920507
v 0.439317 0.139156 0.870842
v 0.439317 0.181837 0.920507
v 0.439317 0.139156 0.920507
v 0.439317 0.181837 0.870842
v 0.407300 0.139156 0.870842
v 0.439317 0.181837 0.870842
v 0.439317 0.139156 0.870842
v 0.407300 0.181837 0.870842
v 0.407300 0.139156 0.920507
v 0.407300 0.181837 0.870842
v 0.407300 0.139156 0.870842
v 0.407300 0.181837 0.920507
v 0.439317 0.139156 0.920507
v 0.407300 0.181837 0.920507
v 0.407300 0.139156 0.920507
v 0.439317 0.181837 0.920507
v 0.396637 0.138055 0.892326
v 0.396637 0.138055 0.923196
v 0.439317 0.138055 0.923196
v 0.439317 0.138055 0.892326
v 0.396637 0.083051 0.923196
v 0.396637 0.083051 0.892326
v 0.439317 0.083051 0.892326
v 0.439317 0.083051 0.923196
v 0.439317 0.083051 0.892326
v 0.439317 0.138055 0.923196
v 0.439317 0.083051 0.923196
v 0.439317 0.138055 0.892326
v 0.396637 0.083051 0.892326
v 0.439317 0.138055 0.892326
v 0.439317 0.083051 0.892326
v 0.396637 0.138055 0.892326
v 0.396637 0.083051 0.923196
v 0.396637 0.138055 0.892326
v 0.396637 0.083051 0.892326
v 0.396637 0.138055 0.923196
v 0.439317 0.083051 0.923196
v 0.396637 0.138055 0.923196
v 0.396637 0.083051 0.923196
v 0.439317 0.138055 0.923196
v 0.200312 0.181837 0.707692
v 0.168295 0.181837 0.658027
v 0.168295 0.181837 0.707692
v 0.200312 0.181837 0.658027
v 0.168295 0.139156 0.658027
v 0.200312 0.139156 0.707692
v 0.168295 0.139156 0.707692
v 0.200312 0.139156 0.658027
v 0.168295 0.139156 0.707692
v 0.168295 0.181837 0.658027
v 0.168295 0.139156 0.658027
v 0.168295 0.181837 0.707692
v 0.200312 0.139156 0.707692
v 0.168295 0.181837 0.707692
v 0.168295 0.139156 0.707692
v 0.200312 0.181837 0.707692
v 0.200312 0.139156 0.658027
v 0.200312 0.181837 0.707692
v 0.200312 0.139156 0.707692
v 0.200312 0.181837 0.658027
v 0.168295 0.139156 0.658027
v 0.200312 0.181837 0.658027
v 0.200312 0.139156 0.658027
v 0.168295 0.181837 0.658027
v 0.168295 0.138055 0.686208
v 0.210975 0.138055 0.655338
v 0.168295 0.138055 0.655338
v 0.210975 0.138055 0.686208
v 0.210975 0.083051 0.655338
v 0.168295 0.083051 0.686208
v 0.168295 0.083051 0.655338
v 0.210975 0.083051 0.686208
v 0.168295 0.083051 0.686208
v 0.168295 0.138055 0.655338
v 0.168295 0.083051 0.655338
v 0.168295 0.138055 0.686208
v 0.210975 0.083051 0.686208
v 0.168295 0.138055 0.686208
v 0.168295 0.083051 0.686208
v 0.210975 0.138055 0.686208
v 0.210975 0.083051 0.655338
v 0.210975 0.138055 0.686208
v 0.210975 0.083051 0.686208
v 0.210975 0.138055 0.655338
v 0.168295 0.083051 0.655338
v 0.210975 0.138055 0.655338
v 0.210975 0.083051 0.655338
v 0.168295 0.138055 0.655338
v 0.200312 0.181837 0.920507
v 0.168295 0.181837 0.870842
v 0.168295 0.181837 0.920507
v 0.200312 0.181837 0.870842
v 0.200312 0.139156 0.920507
v 0.168295 0.139156 0.870842
v 0.200312 0.139156 0.870842
v 0.168295 0.139156 0.920507
v 0.168295 0.181837 0.920507
v 0.168295 0.181837 0.870842
v 0.168295 0.139156 0.870842
v 0.168295 0.139156 0.920507
v 0.168295 0.181837 0.870842
v 0.200312 0.139156 0.870842
v 0.168295 0.139156 0.870842
v 0.200312 0.181837 0.870842
v 0.200312 0.181837 0.870842
v 0.200312 0.181837 0.920507
v 0.200312 0.139156 0.920507
v 0.200312 0.139156 0.870842
v 0.200312 0.181837 0.920507
v 0.168295 0.181837 0.920507
v 0.168295 0.139156 0.920507
v 0.200312 0.139156 0.920507
v 0.210975 0.138055 0.892326
v 0.168295 0.138055 0.923196
v 0.210975 0.138055 0.923196
v 0.168295 0.138055 0.892326
v 0.210975 0.083051 0.923196
v 0.168295 0.083051 0.892326
v 0.210975 0.083051 0.892326
v 0.168295 0.083051 0.923196
v 0.168295 0.138055 0.923196
v 0.168295 0.083051 0.892326
v 0.168295 0.083051 0.923196
v 0.168295 0.138055 0.892326
v 0.168295 0.138055 0.892326
v 0.210975 0.083051 0.892326
v 0.168295 0.083051 0.892326
v 0.210975 0.138055 0.892326
v 0.210975 0.138055 0.892326
v 0.210975 0.083051 0.923196
v 0.210975 0.083051 0.892326
v 0.210975 0.138055 0.923196
v 0.210975 0.138055 0.923196
v 0.168295 0.083051 0.923196
v 0.210975 0.083051 0.923196
v 0.168295 0.138055 0.923196
v 1.028560 0.181837 0.717075
v 0.996543 0.181837 0.667410
v 0.996543 0.181837 0.717075
v 1.028561 0.181837 0.667410
v 1.028560 0.139156 0.717075
v 0.996543 0.139156 0.717075
v 0.996543 0.139156 0.667410
v 1.028561 0.139156 0.667410
v 1.028561 0.181837 0.667410
v 1.028560 0.139156 0.717075
v 1.028561 0.139156 0.667410
v 1.028560 0.181837 0.717075
v 1.028560 0.181837 0.717075
v 0.996543 0.181837 0.717075
v 0.996543 0.139156 0.717075
v 1.028560 0.139156 0.717075
v 0.996543 0.181837 0.717075
v 0.996543 0.181837 0.667410
v 0.996543 0.139156 0.667410
v 0.996543 0.139156 0.717075
v 0.996543 0.181837 0.667410
v 1.028561 0.181837 0.667410
v 1.028561 0.139156 0.667410
v 0.996543 0.139156 0.667410
v 1.028561 0.138055 0.664721
v 0.985880 0.138055 0.695592
v 1.028561 0.138055 0.695592
v 0.985880 0.138055 0.664721
v 1.028561 0.083051 0.695592
v 0.985880 0.083051 0.664721
v 1.028561 0.083051 0.664721
v 0.985880 0.083051 0.695592
v 1.028561 0.138055 0.664721
v 1.028561 0.083051 0.695592
v 1.028561 0.083051 0.664721
v 1.028561 0.138055 0.695592
v 1.028561 0.138055 0.695592
v 0.985880 0.138055 0.695592
v 0.985880 0.083051 0.695592
v 1.028561 0.083051 0.695592
v 0.985880 0.138055 0.695592
v 0.985880 0.083051 0.664721
v 0.985880 0.083051 0.695592
v 0.985880 0.138055 0.664721
v 0.985880 0.138055 0.664721
v 1.028561 0.083051 0.664721
v 0.985880 0.083051 0.664721
v 1.028561 0.138055 0.664721
v 0.996543 0.181837 0.880225
v 0.996543 0.181837 0.929890
v 1.028560 0.181837 0.929890
v 1.028560 0.181837 0.880225
v 0.996543 0.139156 0.929890
v 0.996543 0.139156 0.880225
v 1.028560 0.139156 0.880225
v 1.028560 0.139156 0.929890
v 1.028560 0.139156 0.880225
v 1.028560 0.181837 0.929890
v 1.028560 0.139156 0.929890
v 1.028560 0.181837 0.880225
v 0.996543 0.139156 0.880225
v 1.028560 0.181837 0.880225
v 1.028560 0.139156 0.880225
v 0.996543 0.181837 0.880225
v 0.996543 0.139156 0.929890
v 0.996543 0.181837 0.880225
v 0.996543 0.139156 0.880225
v 0.996543 0.181837 0.929890
v 1.028560 0.139156 0.929890
v 0.996543 0.181837 0.929890
v 0.996543 0.139156 0.929890
v 1.028560 0.181837 0.929890
v 0.985880 0.138055 0.901708
v 0.985880 0.138055 0.932579
v 1.028560 0.138055 0.932579
v 1.028560 0.138055 0.901708
v 0.985880 0.083051 0.932579
v 0.985880 0.083051 0.901708
v 1.028560 0.083051 0.901708
v 1.028560 0.083051 0.932579
v 1.028560 0.083051 0.901708
v 1.028560 0.138055 0.932579
v 1.028560 0.083051 0.932579
v 1.028560 0.138055 0.901708
v 0.985880 0.083051 0.901708
v 1.028560 0.138055 0.901708
v 1.028560 0.083051 0.901708
v 0.985880 0.138055 0.901708
v 0.985880 0.083051 0.932579
v 0.985880 0.138055 0.901708
v 0.985880 0.083051 0.901708
v 0.985880 0.138055 0.932579
v 1.028560 0.083051 0.932579
v 0.985880 0.138055 0.932579
v 0.985880 0.083051 0.932579
v 1.028560 0.138055 0.932579
v 0.789555 0.181837 0.717075
v 0.757538 0.181837 0.667410
v 0.757538 0.181837 0.717075
v 0.789555 0.181837 0.667410
v 0.789555 0.139156 0.667410
v 0.757538 0.139156 0.717075
v 0.757538 0.139156 0.667410
v 0.789555 0.139156 0.717075
v 0.757538 0.139156 0.717075
v 0.757538 0.181837 0.667410
v 0.757538 0.139156 0.667410
v 0.757538 0.181837 0.717075
v 0.789555 0.139156 0.717075
v 0.757538 0.181837 0.717075
v 0.757538 0.139156 0.717075
v 0.789555 0.181837 0.717075
v 0.789555 0.139156 0.667410
v 0.789555 0.181837 0.717075
v 0.789555 0.139156 0.717075
v 0.789555 0.181837 0.667410
v 0.757538 0.139156 0.667410
v 0.789555 0.181837 0.667410
v 0.789555 0.139156 0.667410
v 0.757538 0.181837 0.667410
v 0.800218 0.138055 0.695591
v 0.757538 0.138055 0.664721
v 0.757538 0.138055 0.695591
v 0.800218 0.138055 0.664721
v 0.800218 0.083051 0.664721
v 0.757538 0.083051 0.695591
v 0.757538 0.083051 0.664721
v 0.800218 0.083051 0.695591
v 0.757538 0.083051 0.695591
v 0.757538 0.138055 0.664721
v 0.757538 0.083051 0.664721
v 0.757538 0.138055 0.695591
v 0.800218 0.083051 0.695591
v 0.757538 0.138055 0.695591
v 0.757538 0.083051 0.695591
v 0.800218 0.138055 0.695591
v 0.800218 0.083051 0.664721
v 0.800218 0.138055 0.695591
v 0.800218 0.083051 0.695591
v 0.800218 0.138055 0.664721
v 0.757538 0.083051 0.664721
v 0.800218 0.138055 0.664721
v 0.800218 0.083051 0.664721
v 0.757538 0.138055 0.664721
v 0.789555 0.181837 0.929890
v 0.757538 0.181837 0.880225
v 0.757538 0.181837 0.929890
v 0.789555 0.181837 0.880225
v 0.789555 0.139156 0.929890
v 0.757538 0.139156 0.880225
v 0.789555 0.139156 0.880225
v 0.757538 0.139156 0.929890
v 0.757538 0.181837 0.929890
v 0.757538 0.181837 0.880225
v 0.757538 0.139156 0.880225
v 0.757538 0.139156 0.929890
v 0.757538 0.181837 0.880225
v 0.789555 0.139156 0.880225
v 0.757538 0.139156 0.880225
v 0.789555 0.181837 0.880225
v 0.789555 0.181837 0.880225
v 0.789555 0.181837 0.929890
v 0.789555 0.139156 0.929890
v 0.789555 0.139156 0.880225
v 0.789555 0.181837 0.929890
v 0.757538 0.139156 0.929890
v 0.789555 0.139156 0.929890
v 0.757538 0.181837 0.929890
v 0.800218 0.138055 0.901708
v 0.757538 0.138055 0.932579
v 0.800218 0.138055 0.932579
v 0.757538 0.138055 0.901708
v 0.800218 0.083051 0.932579
v 0.757538 0.083051 0.901708
v 0.800218 0.083051 0.901708
v 0.757538 0.083051 0.932579
v 0.757538 0.138055 0.932579
v 0.757538 0.083051 0.901708
v 0.757538 0.083051 0.932579
v 0.757538 0.138055 0.901708
v 0.757538 0.138055 0.901708
v 0.800218 0.138055 0.901708
v 0.800218 0.083051 0.901708
v 0.757538 0.083051 0.901708
v 0.800218 0.138055 0.901708
v 0.800218 0.083051 0.932579
v 0.800218 0.083051 0.901708
v 0.800218 0.138055 0.932579
v 0.800218 0.138055 0.932579
v 0.757538 0.138055 0.932579
v 0.757538 0.083051 0.932579
v 0.800218 0.083051 0.932579
v 0.450270 0.100476 0.638022
v 0.450270 0.100476 0.941315
v 0.450270 0.070826 0.941315
v 0.450270 0.070826 0.638022
v 0.146978 0.100476 0.941315
v 0.146978 0.100476 0.638022
v 0.146978 0.070826 0.638022
v 0.146978 0.070826 0.941315
v 0.146978 0.100476 0.638022
v 0.450270 0.100476 0.638022
v 0.450270 0.070826 0.638022
v 0.146978 0.070826 0.638022
v 0.450270 0.100476 0.941315
v 0.146978 0.100476 0.941315
v 0.146978 0.070826 0.941315
v 0.450270 0.070826 0.941315
v 0.450270 0.070826 0.638022
v 0.146978 0.070826 0.941315
v 0.146978 0.070826 0.638022
v 0.450270 0.070826 0.941315
v 0.450270 0.100476 0.638022
v 0.146978 0.100476 0.941315
v 0.450270 0.100476 0.941315
v 0.146978 0.100476 0.638022
v 0.439317 0.556496 0.707692
v 0.407300 0.556496 0.658027
v 0.407300 0.556496 0.707692
v 0.439318 0.556496 0.658027
v 0.439317 0.513816 0.707692
v 0.407300 0.513816 0.707692
v 0.407300 0.513816 0.658027
v 0.439318 0.513816 0.658027
v 0.439318 0.556496 0.658027
v 0.439317 0.556496 0.707692
v 0.439317 0.513816 0.707692
v 0.439318 0.513816 0.658027
v 0.439317 0.556496 0.707692
v 0.407300 0.556496 0.707692
v 0.407300 0.513816 0.707692
v 0.439317 0.513816 0.707692
v 0.407300 0.556496 0.707692
v 0.407300 0.556496 0.658027
v 0.407300 0.513816 0.658027
v 0.407300 0.513816 0.707692
v 0.407300 0.556496 0.658027
v 0.439318 0.556496 0.658027
v 0.439318 0.513816 0.658027
v 0.407300 0.513816 0.658027
v 0.757538 0.425098 0.901708
v 0.800218 0.425098 0.901708
v 0.800218 0.370094 0.901708
v 0.757538 0.370094 0.901708
v 0.800218 0.425098 0.901708
v 0.757538 0.425098 0.932579
v 0.800218 0.425098 0.932579
v 0.757538 0.425098 0.901708
v 0.757538 0.425098 0.932579
v 0.757538 0.370094 0.901708
v 0.757538 0.370094 0.932579
v 0.757538 0.425098 0.901708
v 0.800218 0.425098 0.932579
v 0.757538 0.425098 0.932579
v 0.757538 0.370094 0.932579
v 0.800218 0.370094 0.932579
v 0.800218 0.425098 0.901708
v 0.800218 0.370094 0.932579
v 0.800218 0.370094 0.901708
v 0.800218 0.425098 0.932579
v 0.800218 0.370094 0.932579
v 0.757538 0.370094 0.901708
v 0.800218 0.370094 0.901708
v 0.757538 0.370094 0.932579
v 0.439317 0.370124 0.707692
v 0.407300 0.370124 0.658027
v 0.407300 0.370124 0.707692
v 0.439318 0.370124 0.658027
v 0.439317 0.327444 0.707692
v 0.407300 0.327444 0.707692
v 0.407300 0.327444 0.658027
v 0.439318 0.327444 0.658027
v 0.439318 0.370124 0.658027
v 0.439317 0.370124 0.707692
v 0.439317 0.327444 0.707692
v 0.439318 0.327444 0.658027
v 0.439317 0.370124 0.707692
v 0.407300 0.370124 0.707692
v 0.407300 0.327444 0.707692
v 0.439317 0.327444 0.707692
v 0.407300 0.370124 0.707692
v 0.407300 0.370124 0.658027
v 0.407300 0.327444 0.658027
v 0.407300 0.327444 0.707692
v 0.407300 0.370124 0.658027
v 0.439318 0.370124 0.658027
v 0.439318 0.327444 0.658027
v 0.407300 0.327444 0.658027
v 0.439317 0.326342 0.697462
v 0.404425 0.326342 0.654781
v 0.404425 0.326342 0.697462
v 0.439318 0.326342 0.654781
v 0.439317 0.283662 0.697462
v 0.404425 0.283662 0.697462
v 0.404425 0.283662 0.654781
v 0.439318 0.283662 0.654781
v 0.439318 0.326342 0.654781
v 0.439317 0.326342 0.697462
v 0.439317 0.283662 0.697462
v 0.439318 0.283662 0.654781
v 0.439317 0.326342 0.697462
v 0.404425 0.326342 0.697462
v 0.404425 0.283662 0.697462
v 0.439317 0.283662 0.697462
v 0.404425 0.326342 0.697462
v 0.404425 0.326342 0.654781
v 0.404425 0.283662 0.654781
v 0.404425 0.283662 0.697462
v 0.404425 0.326342 0.654781
v 0.439318 0.326342 0.654781
v 0.439318 0.283662 0.654781
v 0.404425 0.283662 0.654781
v 0.439317 0.281628 0.707692
v 0.407300 0.281628 0.658027
v 0.407300 0.281628 0.707692
v 0.439318 0.281628 0.658027
v 0.439317 0.238948 0.707692
v 0.407300 0.238948 0.658027
v 0.439318 0.238948 0.658027
v 0.407300 0.238948 0.707692
v 0.439318 0.281628 0.658027
v 0.439317 0.281628 0.707692
v 0.439317 0.238948 0.707692
v 0.439318 0.238948 0.658027
v 0.439317 0.281628 0.707692
v 0.407300 0.281628 0.707692
v 0.407300 0.238948 0.707692
v 0.439317 0.238948 0.707692
v 0.407300 0.281628 0.707692
v 0.407300 0.281628 0.658027
v 0.407300 0.238948 0.658027
v 0.407300 0.238948 0.707692
v 0.407300 0.281628 0.658027
v 0.439318 0.281628 0.658027
v 0.439318 0.238948 0.658027
v 0.407300 0.238948 0.658027
v 0.439318 0.237846 0.655338
v 0.396637 0.237846 0.655338
v 0.396637 0.237846 0.686208
v 0.439318 0.237846 0.686208
v 0.439318 0.182842 0.655338
v 0.396637 0.182842 0.686209
v 0.396637 0.182842 0.655338
v 0.439318 0.182842 0.686209
v 0.439318 0.237846 0.655338
v 0.439318 0.182842 0.686209
v 0.439318 0.182842 0.655338
v 0.439318 0.237846 0.686208
v 0.439318 0.237846 0.686208
v 0.396637 0.237846 0.686208
v 0.396637 0.182842 0.686209
v 0.439318 0.182842 0.686209
v 0.396637 0.237846 0.686208
v 0.396637 0.182842 0.655338
v 0.396637 0.182842 0.686209
v 0.396637 0.237846 0.655338
v 0.396637 0.237846 0.655338
v 0.439318 0.237846 0.655338
v 0.439318 0.182842 0.655338
v 0.396637 0.182842 0.655338
v 0.407300 0.556496 0.870842
v 0.407300 0.556496 0.920507
v 0.439317 0.556496 0.920507
v 0.439317 0.556496 0.870842
v 0.407300 0.513816 0.920507
v 0.407300 0.513816 0.870842
v 0.439317 0.513816 0.870842
v 0.439317 0.513816 0.920507
v 0.439317 0.513816 0.870842
v 0.439317 0.556496 0.920507
v 0.439317 0.513816 0.920507
v 0.439317 0.556496 0.870842
v 0.407300 0.513816 0.870842
v 0.439317 0.556496 0.870842
v 0.439317 0.513816 0.870842
v 0.407300 0.556496 0.870842
v 0.407300 0.513816 0.920507
v 0.407300 0.556496 0.870842
v 0.407300 0.513816 0.870842
v 0.407300 0.556496 0.920507
v 0.439317 0.513816 0.920507
v 0.407300 0.556496 0.920507
v 0.407300 0.513816 0.920507
v 0.439317 0.556496 0.920507
v 0.757538 0.468880 0.880225
v 0.789555 0.468880 0.880225
v 0.789555 0.426200 0.880225
v 0.757538 0.426200 0.880225
v 0.789555 0.468880 0.929890
v 0.757538 0.468880 0.880225
v 0.757538 0.468880 0.929890
v 0.789555 0.468880 0.880225
v 0.757538 0.468880 0.929890
v 0.757538 0.468880 0.880225
v 0.757538 0.426200 0.880225
v 0.757538 0.426200 0.929890
v 0.789555 0.468880 0.929890
v 0.757538 0.468880 0.929890
v 0.757538 0.426200 0.929890
v 0.789555 0.426200 0.929890
v 0.789555 0.468880 0.880225
v 0.789555 0.468880 0.929890
v 0.789555 0.426200 0.929890
v 0.789555 0.426200 0.880225
v 0.789555 0.426200 0.929890
v 0.757538 0.426200 0.880225
v 0.789555 0.426200 0.880225
v 0.757538 0.426200 0.929890
v 0.407300 0.370124 0.870842
v 0.407300 0.370124 0.920507
v 0.439317 0.370124 0.920507
v 0.439317 0.370124 0.870842
v 0.407300 0.327444 0.920507
v 0.407300 0.327444 0.870842
v 0.439317 0.327444 0.870842
v 0.439317 0.327444 0.920507
v 0.439317 0.327444 0.870842
v 0.439317 0.370124 0.920507
v 0.439317 0.327444 0.920507
v 0.439317 0.370124 0.870842
v 0.407300 0.327444 0.870842
v 0.439317 0.370124 0.870842
v 0.439317 0.327444 0.870842
v 0.407300 0.370124 0.870842
v 0.407300 0.327444 0.920507
v 0.407300 0.370124 0.870842
v 0.407300 0.327444 0.870842
v 0.407300 0.370124 0.920507
v 0.439317 0.327444 0.920507
v 0.407300 0.370124 0.920507
v 0.407300 0.327444 0.920507
v 0.439317 0.370124 0.920507
v 0.404425 0.326342 0.881072
v 0.404425 0.326342 0.923752
v 0.439317 0.326342 0.923752
v 0.439317 0.326342 0.881072
v 0.404425 0.283662 0.923752
v 0.404425 0.283662 0.881072
v 0.439317 0.283662 0.881072
v 0.439317 0.283662 0.923752
v 0.439317 0.283662 0.881072
v 0.439317 0.326342 0.923752
v 0.439317 0.283662 0.923752
v 0.439317 0.326342 0.881072
v 0.404425 0.283662 0.881072
v 0.439317 0.326342 0.881072
v 0.439317 0.283662 0.881072
v 0.404425 0.326342 0.881072
v 0.404425 0.283662 0.923752
v 0.404425 0.326342 0.881072
v 0.404425 0.283662 0.881072
v 0.404425 0.326342 0.923752
v 0.439317 0.283662 0.923752
v 0.404425 0.326342 0.923752
v 0.404425 0.283662 0.923752
v 0.439317 0.326342 0.923752
v 0.407300 0.281628 0.870842
v 0.407300 0.281628 0.920507
v 0.439317 0.281628 0.920507
v 0.439317 0.281628 0.870842
v 0.407300 0.238948 0.920507
v 0.407300 0.238948 0.870842
v 0.439317 0.238948 0.870842
v 0.439317 0.238948 0.920507
v 0.439317 0.238948 0.870842
v 0.439317 0.281628 0.920507
v 0.439317 0.238948 0.920507
v 0.439317 0.281628 0.870842
v 0.407300 0.238948 0.870842
v 0.439317 0.281628 0.870842
v 0.439317 0.238948 0.870842
v 0.407300 0.281628 0.870842
v 0.407300 0.238948 0.920507
v 0.407300 0.281628 0.870842
v 0.407300 0.238948 0.870842
v 0.407300 0.281628 0.920507
v 0.439317 0.238948 0.920507
v 0.407300 0.281628 0.920507
v 0.407300 0.238948 0.920507
v 0.439317 0.281628 0.920507
v 0.396637 0.237846 0.892325
v 0.396637 0.237846 0.923196
v 0.439317 0.237846 0.923196
v 0.439317 0.237846 0.892325
v 0.396637 0.182843 0.923196
v 0.396637 0.182843 0.892326
v 0.439317 0.182843 0.892326
v 0.439317 0.182843 0.923196
v 0.439317 0.182843 0.892326
v 0.439317 0.237846 0.923196
v 0.439317 0.182843 0.923196
v 0.439317 0.237846 0.892325
v 0.396637 0.182843 0.892326
v 0.439317 0.237846 0.892325
v 0.439317 0.182843 0.892326
v 0.396637 0.237846 0.892325
v 0.396637 0.182843 0.923196
v 0.396637 0.237846 0.892325
v 0.396637 0.182843 0.892326
v 0.396637 0.237846 0.923196
v 0.439317 0.182843 0.923196
v 0.396637 0.237846 0.923196
v 0.396637 0.182843 0.923196
v 0.439317 0.237846 0.923196
v 0.200312 0.556496 0.707692
v 0.168295 0.556496 0.658027
v 0.168295 0.556496 0.707692
v 0.200312 0.556496 0.658027
v 0.168295 0.513816 0.658027
v 0.200312 0.513816 0.707692
v 0.168295 0.513816 0.707692
v 0.200312 0.513816 0.658027
v 0.168295 0.513816 0.707692
v 0.168295 0.556496 0.658027
v 0.168295 0.513816 0.658027
v 0.168295 0.556496 0.707692
v 0.200312 0.513816 0.707692
v 0.168295 0.556496 0.707692
v 0.168295 0.513816 0.707692
v 0.200312 0.556496 0.707692
v 0.200312 0.513816 0.658027
v 0.200312 0.556496 0.707692
v 0.200312 0.513816 0.707692
v 0.200312 0.556496 0.658027
v 0.168295 0.513816 0.658027
v 0.200312 0.556496 0.658027
v 0.200312 0.513816 0.658027
v 0.168295 0.556496 0.658027
v 0.757538 0.513594 0.890455
v 0.792430 0.513594 0.890455
v 0.792430 0.470914 0.890455
v 0.757538 0.470914 0.890455
v 0.792430 0.513594 0.890455
v 0.757538 0.513594 0.933135
v 0.792430 0.513594 0.933135
v 0.757538 0.513594 0.890455
v 0.757538 0.513594 0.933135
v 0.757538 0.513594 0.890455
v 0.757538 0.470914 0.890455
v 0.757538 0.470914 0.933135
v 0.792430 0.513594 0.933135
v 0.757538 0.470914 0.933135
v 0.792430 0.470914 0.933135
v 0.757538 0.513594 0.933135
v 0.792430 0.513594 0.890455
v 0.792430 0.513594 0.933135
v 0.792430 0.470914 0.933135
v 0.792430 0.470914 0.890455
v 0.792430 0.470914 0.933135
v 0.757538 0.470914 0.890455
v 0.792430 0.470914 0.890455
v 0.757538 0.470914 0.933135
v 0.200312 0.370124 0.707692
v 0.168295 0.370124 0.658027
v 0.168295 0.370124 0.707692
v 0.200312 0.370124 0.658027
v 0.168295 0.327444 0.658027
v 0.200312 0.327444 0.707692
v 0.168295 0.327444 0.707692
v 0.200312 0.327444 0.658027
v 0.168295 0.327444 0.707692
v 0.168295 0.370124 0.658027
v 0.168295 0.327444 0.658027
v 0.168295 0.370124 0.707692
v 0.200312 0.327444 0.707692
v 0.168295 0.370124 0.707692
v 0.168295 0.327444 0.707692
v 0.200312 0.370124 0.707692
v 0.200312 0.327444 0.658027
v 0.200312 0.370124 0.707692
v 0.200312 0.327444 0.707692
v 0.200312 0.370124 0.658027
v 0.168295 0.327444 0.658027
v 0.200312 0.370124 0.658027
v 0.200312 0.327444 0.658027
v 0.168295 0.370124 0.658027
v 0.203187 0.326342 0.697462
v 0.168295 0.326342 0.654781
v 0.168295 0.326342 0.697462
v 0.203187 0.326342 0.654781
v 0.168295 0.283662 0.654781
v 0.203187 0.283662 0.697462
v 0.168295 0.283662 0.697462
v 0.203187 0.283662 0.654781
v 0.168295 0.283662 0.697462
v 0.168295 0.326342 0.654781
v 0.168295 0.283662 0.654781
v 0.168295 0.326342 0.697462
v 0.203187 0.283662 0.697462
v 0.168295 0.326342 0.697462
v 0.168295 0.283662 0.697462
v 0.203187 0.326342 0.697462
v 0.203187 0.283662 0.654781
v 0.203187 0.326342 0.697462
v 0.203187 0.283662 0.697462
v 0.203187 0.326342 0.654781
v 0.168295 0.283662 0.654781
v 0.203187 0.326342 0.654781
v 0.203187 0.283662 0.654781
v 0.168295 0.326342 0.654781
v 0.200312 0.281628 0.707692
v 0.168295 0.281628 0.658027
v 0.168295 0.281628 0.707692
v 0.200312 0.281628 0.658027
v 0.168295 0.238948 0.658027
v 0.200312 0.238948 0.707692
v 0.168295 0.238948 0.707692
v 0.200312 0.238948 0.658027
v 0.168295 0.238948 0.707692
v 0.168295 0.281628 0.658027
v 0.168295 0.238948 0.658027
v 0.168295 0.281628 0.707692
v 0.200312 0.238948 0.707692
v 0.168295 0.281628 0.707692
v 0.168295 0.238948 0.707692
v 0.200312 0.281628 0.707692
v 0.200312 0.238948 0.658027
v 0.200312 0.281628 0.707692
v 0.200312 0.238948 0.707692
v 0.200312 0.281628 0.658027
v 0.168295 0.238948 0.658027
v 0.200312 0.281628 0.658027
v 0.200312 0.238948 0.658027
v 0.168295 0.281628 0.658027
v 0.168295 0.237846 0.686208
v 0.210975 0.237846 0.655338
v 0.168295 0.237846 0.655338
v 0.210975 0.237846 0.686208
v 0.210975 0.182842 0.655338
v 0.168295 0.182842 0.686208
v 0.168295 0.182842 0.655338
v 0.210975 0.182842 0.686208
v 0.168295 0.182842 0.686208
v 0.168295 0.237846 0.655338
v 0.168295 0.182842 0.655338
v 0.168295 0.237846 0.686208
v 0.210975 0.182842 0.686208
v 0.168295 0.237846 0.686208
v 0.168295 0.182842 0.686208
v 0.210975 0.237846 0.686208
v 0.210975 0.182842 0.655338
v 0.210975 0.237846 0.686208
v 0.210975 0.182842 0.686208
v 0.210975 0.237846 0.655338
v 0.168295 0.182842 0.655338
v 0.210975 0.237846 0.655338
v 0.210975 0.182842 0.655338
v 0.168295 0.237846 0.655338
v 0.200312 0.556496 0.920507
v 0.168295 0.556496 0.870842
v 0.168295 0.556496 0.920507
v 0.200312 0.556496 0.870842
v 0.200312 0.513816 0.920507
v 0.168295 0.513816 0.870842
v 0.200312 0.513816 0.870842
v 0.168295 0.513816 0.920507
v 0.168295 0.556496 0.920507
v 0.168295 0.556496 0.870842
v 0.168295 0.513816 0.870842
v 0.168295 0.513816 0.920507
v 0.168295 0.556496 0.870842
v 0.200312 0.556496 0.870842
v 0.200312 0.513816 0.870842
v 0.168295 0.513816 0.870842
v 0.200312 0.556496 0.870842
v 0.200312 0.513816 0.920507
v 0.200312 0.513816 0.870842
v 0.200312 0.556496 0.920507
v 0.200312 0.556496 0.920507
v 0.168295 0.513816 0.920507
v 0.200312 0.513816 0.920507
v 0.168295 0.556496 0.920507
v 0.200312 0.370124 0.920507
v 0.168295 0.370124 0.870842
v 0.168295 0.370124 0.920507
v 0.200312 0.370124 0.870842
v 0.200312 0.327444 0.920507
v 0.168295 0.327444 0.870842
v 0.200312 0.327444 0.870842
v 0.168295 0.327444 0.920507
v 0.168295 0.370124 0.920507
v 0.168295 0.327444 0.870842
v 0.168295 0.327444 0.920507
v 0.168295 0.370124 0.870842
v 0.168295 0.370124 0.870842
v 0.200312 0.327444 0.870842
v 0.168295 0.327444 0.870842
v 0.200312 0.370124 0.870842
v 0.200312 0.370124 0.870842
v 0.200312 0.327444 0.920507
v 0.200312 0.327444 0.870842
v 0.200312 0.370124 0.920507
v 0.200312 0.370124 0.920507
v 0.168295 0.327444 0.920507
v 0.200312 0.327444 0.920507
v 0.168295 0.370124 0.920507
v 0.203187 0.326342 0.881072
v 0.168295 0.326342 0.923752
v 0.203187 0.326342 0.923752
v 0.168295 0.326342 0.881072
v 0.203187 0.283662 0.923752
v 0.168295 0.283662 0.881072
v 0.203187 0.283662 0.881072
v 0.168295 0.283662 0.923752
v 0.168295 0.326342 0.923752
v 0.168295 0.283662 0.881072
v 0.168295 0.283662 0.923752
v 0.168295 0.326342 0.881072
v 0.168295 0.326342 0.881072
v 0.203187 0.283662 0.881072
v 0.168295 0.283662 0.881072
v 0.203187 0.326342 0.881072
v 0.203187 0.326342 0.881072
v 0.203187 0.326342 0.923752
v 0.203187 0.283662 0.923752
v 0.203187 0.283662 0.881072
v 0.203187 0.326342 0.923752
v 0.168295 0.283662 0.923752
v 0.203187 0.283662 0.923752
v 0.168295 0.326342 0.923752
v 0.200312 0.281628 0.920507
v 0.168295 0.281628 0.870842
v 0.168295 0.281628 0.920507
v 0.200312 0.281628 0.870842
v 0.200312 0.238948 0.920507
v 0.168295 0.238948 0.870842
v 0.200312 0.238948 0.870842
v 0.168295 0.238948 0.920507
v 0.168295 0.281628 0.920507
v 0.168295 0.281628 0.870842
v 0.168295 0.238948 0.870842
v 0.168295 0.238948 0.920507
v 0.168295 0.281628 0.870842
v 0.200312 0.238948 0.870842
v 0.168295 0.238948 0.870842
v 0.200312 0.281628 0.870842
v 0.200312 0.281628 0.870842
v 0.200312 0.281628 0.920507
v 0.200312 0.238948 0.920507
v 0.200312 0.238948 0.870842
v 0.200312 0.281628 0.920507
v 0.168295 0.238948 0.920507
v 0.200312 0.238948 0.920507
v 0.168295 0.281628 0.920507
v 0.210975 0.237846 0.892325
v 0.168295 0.237846 0.923196
v 0.210975 0.237846 0.923196
v 0.168295 0.237846 0.892325
v 0.210975 0.182843 0.923196
v 0.168295 0.182843 0.892326
v 0.210975 0.182843 0.892326
v 0.168295 0.182843 0.923196
v 0.168295 0.237846 0.923196
v 0.168295 0.182843 0.892326
v 0.168295 0.182843 0.923196
v 0.168295 0.237846 0.892325
v 0.168295 0.237846 0.892325
v 0.210975 0.237846 0.892325
v 0.210975 0.182843 0.892326
v 0.168295 0.182843 0.892326
v 0.210975 0.237846 0.892325
v 0.210975 0.182843 0.923196
v 0.210975 0.182843 0.892326
v 0.210975 0.237846 0.923196
v 0.210975 0.237846 0.923196
v 0.168295 0.182843 0.923196
v 0.210975 0.182843 0.923196
v 0.168295 0.237846 0.923196
v 1.039513 0.100476 0.647405
v 1.039513 0.070826 0.950698
v 1.039513 0.070826 0.647405
v 1.039513 0.100476 0.950698
v 0.736220 0.100476 0.950698
v 0.736220 0.070826 0.647405
v 0.736220 0.070826 0.950698
v 0.736220 0.100476 0.647405
v 0.736220 0.100476 0.647405
v 1.039513 0.100476 0.647405
v 1.039513 0.070826 0.647405
v 0.736220 0.070826 0.647405
v 1.039513 0.100476 0.950698
v 0.736220 0.070826 0.950698
v 1.039513 0.070826 0.950698
v 0.736220 0.100476 0.950698
v 1.039513 0.070826 0.647405
v 0.736220 0.070826 0.950698
v 0.736220 0.070826 0.647405
v 1.039513 0.070826 0.950698
v 1.039513 0.100476 0.647405
v 0.736220 0.100476 0.950698
v 1.039513 0.100476 0.950698
v 0.736220 0.100476 0.647405
v 1.046685 0.610504 0.896190
v 1.001049 0.610504 0.896190
v 1.001049 0.558209 0.896190
v 1.046685 0.558209 0.896190
v 1.001049 0.610504 0.831707
v 1.046685 0.610504 0.831707
v 1.046685 0.558209 0.831707
v 1.001049 0.558209 0.831707
v 1.001049 0.610504 0.896190
v 1.001049 0.610504 0.831707
v 1.001049 0.558209 0.831707
v 1.001049 0.558209 0.896190
v 1.046685 0.558209 0.896190
v 1.001049 0.558209 0.831707
v 1.046685 0.558209 0.831707
v 1.001049 0.558209 0.896190
v 1.046685 0.610504 0.831707
v 1.046685 0.610504 0.896190
v 1.046685 0.558209 0.896190
v 1.046685 0.558209 0.831707
v 1.046685 0.610504 0.831707
v 1.001049 0.610504 0.896190
v 1.046685 0.610504 0.896190
v 1.001049 0.610504 0.831707
v 1.046839 0.656150 0.823170
v 1.001203 0.558209 0.823170
v 1.046839 0.558209 0.823170
v 1.001203 0.656150 0.823170
v 1.001203 0.656150 0.773505
v 1.046839 0.558209 0.773505
v 1.001203 0.558209 0.773505
v 1.046839 0.656150 0.773505
v 1.001203 0.656150 0.823170
v 1.001203 0.558209 0.773505
v 1.001203 0.558209 0.823170
v 1.001203 0.656150 0.773505
v 1.046839 0.558209 0.823170
v 1.001203 0.558209 0.773505
v 1.046839 0.558209 0.773505
v 1.001203 0.558209 0.823170
v 1.046839 0.656150 0.773505
v 1.046839 0.558209 0.823170
v 1.046839 0.558209 0.773505
v 1.046839 0.656150 0.823170
v 1.046839 0.656150 0.773505
v 1.001203 0.656150 0.823170
v 1.046839 0.656150 0.823170
v 1.001203 0.656150 0.773505
v 1.046685 0.615538 0.763473
v 1.001049 0.558209 0.763473
v 1.046685 0.558209 0.763473
v 1.001049 0.615538 0.763473
v 1.001049 0.615538 0.698406
v 1.046685 0.558209 0.698406
v 1.001049 0.558209 0.698406
v 1.046685 0.615538 0.698406
v 1.001049 0.615538 0.763473
v 1.001049 0.558209 0.698406
v 1.001049 0.558209 0.763473
v 1.001049 0.615538 0.698406
v 1.046685 0.558209 0.763473
v 1.001049 0.558209 0.698406
v 1.046685 0.558209 0.698406
v 1.001049 0.558209 0.763473
v 1.046685 0.615538 0.698406
v 1.046685 0.615538 0.763473
v 1.046685 0.558209 0.763473
v 1.046685 0.558209 0.698406
v 1.046685 0.615538 0.698406
v 1.001049 0.615538 0.763473
v 1.046685 0.615538 0.763473
v 1.001049 0.615538 0.698406
v 0.990589 0.610504 0.645014
v 0.990589 0.610504 0.690650
v 0.990589 0.558209 0.690650
v 0.990589 0.558209 0.645014
v 0.926106 0.610504 0.690650
v 0.926106 0.558209 0.645014
v 0.926106 0.558209 0.690650
v 0.926106 0.610504 0.645014
v 0.990589 0.610504 0.690650
v 0.926106 0.610504 0.690650
v 0.926106 0.558209 0.690650
v 0.990589 0.558209 0.690650
v 0.990589 0.558209 0.645014
v 0.926106 0.558209 0.690650
v 0.926106 0.558209 0.645014
v 0.990589 0.558209 0.690650
v 0.926106 0.610504 0.645014
v 0.990589 0.558209 0.645014
v 0.926106 0.558209 0.645014
v 0.990589 0.610504 0.645014
v 0.926106 0.610504 0.690650
v 0.990589 0.610504 0.645014
v 0.926106 0.610504 0.645014
v 0.990589 0.610504 0.690650
v 0.917569 0.656150 0.644860
v 0.917569 0.558209 0.690496
v 0.917569 0.558209 0.644860
v 0.917569 0.656150 0.690496
v 0.867904 0.656150 0.690496
v 0.867904 0.558209 0.644860
v 0.867904 0.558209 0.690496
v 0.867904 0.656150 0.644860
v 0.917569 0.656150 0.690496
v 0.867904 0.558209 0.690496
v 0.917569 0.558209 0.690496
v 0.867904 0.656150 0.690496
v 0.917569 0.558209 0.644860
v 0.867904 0.558209 0.690496
v 0.867904 0.558209 0.644860
v 0.917569 0.558209 0.690496
v 0.867904 0.656150 0.644860
v 0.917569 0.558209 0.644860
v 0.867904 0.558209 0.644860
v 0.917569 0.656150 0.644860
v 0.867904 0.656150 0.690496
v 0.917569 0.656150 0.644860
v 0.867904 0.656150 0.644860
v 0.917569 0.656150 0.690496
v 0.857872 0.615538 0.645014
v 0.857872 0.615538 0.690650
v 0.857872 0.558209 0.690650
v 0.857872 0.558209 0.645014
v 0.792805 0.615538 0.690650
v 0.792805 0.558209 0.645014
v 0.792805 0.558209 0.690650
v 0.792805 0.615538 0.645014
v 0.857872 0.615538 0.690650
v 0.792805 0.615538 0.690650
v 0.792805 0.558209 0.690650
v 0.857872 0.558209 0.690650
v 0.857872 0.558209 0.645014
v 0.792805 0.558209 0.690650
v 0.792805 0.558209 0.645014
v 0.857872 0.558209 0.690650
v 0.792805 0.615538 0.645014
v 0.857872 0.615538 0.645014
v 0.857872 0.558209 0.645014
v 0.792805 0.558209 0.645014
v 0.792805 0.615538 0.645014
v 0.792805 0.615538 0.690650
v 0.857872 0.615538 0.690650
v 0.857872 0.615538 0.645014
v 0.739413 0.610504 0.701110
v 0.785049 0.610504 0.701110
v 0.785049 0.558209 0.701110
v 0.739413 0.558209 0.701110
v 0.785049 0.610504 0.765593
v 0.739413 0.610504 0.765593
v 0.739413 0.558209 0.765593
v 0.785049 0.558209 0.765593
v 0.785049 0.610504 0.701110
v 0.785049 0.610504 0.765593
v 0.785049 0.558209 0.765593
v 0.785049 0.558209 0.701110
v 0.785049 0.558209 0.765593
v 0.739413 0.558209 0.765593
v 0.739413 0.558209 0.701110
v 0.785049 0.558209 0.701110
v 0.739413 0.610504 0.765593
v 0.739413 0.610504 0.701110
v 0.739413 0.558209 0.701110
v 0.739413 0.558209 0.765593
v 0.785049 0.610504 0.765593
v 0.739413 0.610504 0.701110
v 0.739413 0.610504 0.765593
v 0.785049 0.610504 0.701110
v 0.739259 0.656150 0.774130
v 0.784895 0.558209 0.774130
v 0.739259 0.558209 0.774130
v 0.784895 0.656150 0.774130
v 0.784895 0.656150 0.823795
v 0.739259 0.558209 0.823795
v 0.784895 0.558209 0.823795
v 0.739259 0.656150 0.823795
v 0.784895 0.656150 0.774130
v 0.784895 0.558209 0.823795
v 0.784895 0.558209 0.774130
v 0.784895 0.656150 0.823795
v 0.784895 0.558209 0.823795
v 0.739259 0.558209 0.823795
v 0.739259 0.558209 0.774130
v 0.784895 0.558209 0.774130
v 0.739259 0.656150 0.823795
v 0.739259 0.558209 0.774130
v 0.739259 0.558209 0.823795
v 0.739259 0.656150 0.774130
v 0.784895 0.656150 0.774130
v 0.739259 0.656150 0.774130
v 0.739259 0.656150 0.823795
v 0.784895 0.656150 0.823795
v 0.739413 0.615538 0.833827
v 0.785049 0.615538 0.833827
v 0.785049 0.558209 0.833827
v 0.739413 0.558209 0.833827
v 0.785049 0.615538 0.898894
v 0.739413 0.615538 0.898894
v 0.739413 0.558209 0.898894
v 0.785049 0.558209 0.898894
v 0.785049 0.615538 0.833827
v 0.785049 0.615538 0.898894
v 0.785049 0.558209 0.898894
v 0.785049 0.558209 0.833827
v 0.785049 0.558209 0.898894
v 0.739413 0.558209 0.898894
v 0.739413 0.558209 0.833827
v 0.785049 0.558209 0.833827
v 0.739413 0.615538 0.898894
v 0.739413 0.615538 0.833827
v 0.739413 0.558209 0.833827
v 0.739413 0.558209 0.898894
v 0.785049 0.615538 0.898894
v 0.739413 0.615538 0.833827
v 0.739413 0.615538 0.898894
v 0.785049 0.615538 0.833827
v 0.795509 0.610504 0.952286
v 0.795509 0.610504 0.906650
v 0.795509 0.558209 0.906650
v 0.795509 0.558209 0.952286
v 0.859993 0.610504 0.906650
v 0.859993 0.610504 0.952286
v 0.859993 0.558209 0.952286
v 0.859993 0.558209 0.906650
v 0.795509 0.610504 0.906650
v 0.859993 0.610504 0.906650
v 0.859993 0.558209 0.906650
v 0.795509 0.558209 0.906650
v 0.795509 0.558209 0.952286
v 0.795509 0.558209 0.906650
v 0.859993 0.558209 0.906650
v 0.859993 0.558209 0.952286
v 0.859993 0.610504 0.952286
v 0.795509 0.610504 0.952286
v 0.795509 0.558209 0.952286
v 0.859993 0.558209 0.952286
v 0.859993 0.610504 0.952286
v 0.795509 0.610504 0.906650
v 0.795509 0.610504 0.952286
v 0.859993 0.610504 0.906650
v 0.868529 0.656150 0.952440
v 0.868529 0.558209 0.906804
v 0.868529 0.558209 0.952440
v 0.868529 0.656150 0.906804
v 0.918194 0.656150 0.906804
v 0.918194 0.558209 0.952440
v 0.918194 0.558209 0.906804
v 0.918194 0.656150 0.952440
v 0.868529 0.656150 0.906804
v 0.918194 0.558209 0.906804
v 0.868529 0.558209 0.906804
v 0.918194 0.656150 0.906804
v 0.868529 0.558209 0.952440
v 0.868529 0.558209 0.906804
v 0.918194 0.558209 0.906804
v 0.918194 0.558209 0.952440
v 0.918194 0.656150 0.952440
v 0.868529 0.558209 0.952440
v 0.918194 0.558209 0.952440
v 0.868529 0.656150 0.952440
v 0.918194 0.656150 0.952440
v 0.868529 0.656150 0.906804
v 0.868529 0.656150 0.952440
v 0.918194 0.656150 0.906804
v 0.928226 0.615538 0.952286
v 0.928226 0.615538 0.906650
v 0.928226 0.558209 0.906650
v 0.928226 0.558209 0.952286
v 0.993293 0.615538 0.906650
v 0.993293 0.615538 0.952286
v 0.993293 0.558209 0.952286
v 0.993293 0.558209 0.906650
v 0.928226 0.615538 0.906650
v 0.993293 0.615538 0.906650
v 0.993293 0.558209 0.906650
v 0.928226 0.558209 0.906650
v 0.928226 0.558209 0.952286
v 0.928226 0.558209 0.906650
v 0.993293 0.558209 0.906650
v 0.993293 0.558209 0.952286
v 0.993293 0.615538 0.952286
v 0.928226 0.615538 0.952286
v 0.928226 0.558209 0.952286
v 0.993293 0.558209 0.952286
v 0.993293 0.615538 0.952286
v 0.928226 0.615538 0.906650
v 0.928226 0.615538 0.952286
v 0.993293 0.615538 0.906650
v 1.046839 0.656150 0.694120
v 1.001204 0.558209 0.694120
v 1.046839 0.558209 0.694120
v 1.001204 0.656150 0.694120
v 1.001204 0.656150 0.644454
v 1.046839 0.558209 0.644455
v 1.001204 0.558209 0.644454
v 1.046839 0.656150 0.644455
v 1.001204 0.656150 0.694120
v 1.001204 0.558209 0.644454
v 1.001204 0.558209 0.694120
v 1.001204 0.656150 0.644454
v 1.046839 0.558209 0.644455
v 1.001204 0.558209 0.694120
v 1.001204 0.558209 0.644454
v 1.046839 0.558209 0.694120
v 1.046839 0.656150 0.644455
v 1.046839 0.558209 0.694120
v 1.046839 0.558209 0.644455
v 1.046839 0.656150 0.694120
v 1.046839 0.656150 0.644455
v 1.001204 0.656150 0.694120
v 1.046839 0.656150 0.694120
v 1.001204 0.656150 0.644454
v 1.028560 0.556496 0.717075
v 0.996543 0.556496 0.667410
v 0.996543 0.556496 0.717075
v 1.028561 0.556496 0.667410
v 1.028560 0.513816 0.717075
v 0.996543 0.513816 0.717075
v 0.996543 0.513816 0.667410
v 1.028561 0.513816 0.667410
v 1.028561 0.556496 0.667410
v 1.028560 0.556496 0.717075
v 1.028560 0.513816 0.717075
v 1.028561 0.513816 0.667410
v 1.028560 0.556496 0.717075
v 0.996543 0.556496 0.717075
v 0.996543 0.513816 0.717075
v 1.028560 0.513816 0.717075
v 0.996543 0.556496 0.717075
v 0.996543 0.556496 0.667410
v 0.996543 0.513816 0.667410
v 0.996543 0.513816 0.717075
v 0.996543 0.556496 0.667410
v 1.028561 0.556496 0.667410
v 1.028561 0.513816 0.667410
v 0.996543 0.513816 0.667410
v 0.800218 0.370094 0.695591
v 0.757538 0.425098 0.695591
v 0.757538 0.370094 0.695591
v 0.800218 0.425098 0.695591
v 0.800218 0.425098 0.695591
v 0.757538 0.425098 0.664721
v 0.757538 0.425098 0.695591
v 0.800218 0.425098 0.664721
v 0.757538 0.370094 0.695591
v 0.757538 0.425098 0.664721
v 0.757538 0.370094 0.664721
v 0.757538 0.425098 0.695591
v 0.757538 0.370094 0.664721
v 0.800218 0.425098 0.664721
v 0.800218 0.370094 0.664721
v 0.757538 0.425098 0.664721
v 0.800218 0.370094 0.664721
v 0.800218 0.425098 0.695591
v 0.800218 0.370094 0.695591
v 0.800218 0.425098 0.664721
v 0.800218 0.370094 0.664721
v 0.757538 0.370094 0.695591
v 0.757538 0.370094 0.664721
v 0.800218 0.370094 0.695591
v 1.028560 0.370124 0.717075
v 0.996543 0.370124 0.667410
v 0.996543 0.370124 0.717075
v 1.028561 0.370124 0.667410
v 1.028560 0.327444 0.717075
v 0.996543 0.327444 0.717075
v 0.996543 0.327444 0.667410
v 1.028561 0.327444 0.667410
v 1.028561 0.370124 0.667410
v 1.028560 0.370124 0.717075
v 1.028560 0.327444 0.717075
v 1.028561 0.327444 0.667410
v 1.028560 0.370124 0.717075
v 0.996543 0.370124 0.717075
v 0.996543 0.327444 0.717075
v 1.028560 0.327444 0.717075
v 0.996543 0.370124 0.717075
v 0.996543 0.370124 0.667410
v 0.996543 0.327444 0.667410
v 0.996543 0.327444 0.717075
v 0.996543 0.370124 0.667410
v 1.028561 0.370124 0.667410
v 1.028561 0.327444 0.667410
v 0.996543 0.327444 0.667410
v 1.028560 0.326342 0.706845
v 0.993668 0.326342 0.664164
v 0.993668 0.326342 0.706845
v 1.028561 0.326342 0.664164
v 1.028560 0.283662 0.706845
v 0.993668 0.283662 0.706845
v 0.993668 0.283662 0.664164
v 1.028561 0.283662 0.664164
v 1.028561 0.326342 0.664164
v 1.028560 0.326342 0.706845
v 1.028560 0.283662 0.706845
v 1.028561 0.283662 0.664164
v 1.028560 0.326342 0.706845
v 0.993668 0.283662 0.706845
v 1.028560 0.283662 0.706845
v 0.993668 0.326342 0.706845
v 0.993668 0.326342 0.706845
v 0.993668 0.326342 0.664164
v 0.993668 0.283662 0.664164
v 0.993668 0.283662 0.706845
v 0.993668 0.326342 0.664164
v 1.028561 0.326342 0.664164
v 1.028561 0.283662 0.664164
v 0.993668 0.283662 0.664164
v 1.028560 0.281628 0.717075
v 0.996543 0.281628 0.667410
v 0.996543 0.281628 0.717075
v 1.028561 0.281628 0.667410
v 1.028560 0.238948 0.717075
v 0.996543 0.238948 0.717075
v 0.996543 0.238948 0.667410
v 1.028561 0.238948 0.667410
v 1.028561 0.281628 0.667410
v 1.028560 0.281628 0.717075
v 1.028560 0.238948 0.717075
v 1.028561 0.238948 0.667410
v 1.028560 0.281628 0.717075
v 0.996543 0.281628 0.717075
v 0.996543 0.238948 0.717075
v 1.028560 0.238948 0.717075
v 0.996543 0.281628 0.717075
v 0.996543 0.281628 0.667410
v 0.996543 0.238948 0.667410
v 0.996543 0.238948 0.717075
v 0.996543 0.281628 0.667410
v 1.028561 0.281628 0.667410
v 1.028561 0.238948 0.667410
v 0.996543 0.238948 0.667410
v 1.028561 0.237846 0.664721
v 0.985880 0.237846 0.664721
v 0.985880 0.237846 0.695591
v 1.028561 0.237846 0.695591
v 1.028561 0.182842 0.695592
v 0.985880 0.182842 0.695592
v 0.985880 0.182842 0.664721
v 1.028561 0.182842 0.664721
v 1.028561 0.237846 0.664721
v 1.028561 0.182842 0.695592
v 1.028561 0.182842 0.664721
v 1.028561 0.237846 0.695591
v 1.028561 0.237846 0.695591
v 0.985880 0.237846 0.695591
v 0.985880 0.182842 0.695592
v 1.028561 0.182842 0.695592
v 0.985880 0.237846 0.695591
v 0.985880 0.182842 0.664721
v 0.985880 0.182842 0.695592
v 0.985880 0.237846 0.664721
v 0.985880 0.237846 0.664721
v 1.028561 0.237846 0.664721
v 1.028561 0.182842 0.664721
v 0.985880 0.182842 0.664721
v 1.001203 0.656150 0.902296
v 1.046839 0.558209 0.902296
v 1.001203 0.558209 0.902296
v 1.046839 0.656150 0.902296
v 1.046839 0.656150 0.902296
v 1.001203 0.656150 0.951961
v 1.046839 0.656150 0.951961
v 1.001203 0.656150 0.902296
v 1.001203 0.656150 0.951961
v 1.001203 0.558209 0.902296
v 1.001203 0.558209 0.951961
v 1.001203 0.656150 0.902296
v 1.046839 0.656150 0.951961
v 1.001203 0.558209 0.951961
v 1.046839 0.558209 0.951961
v 1.001203 0.656150 0.951961
v 1.046839 0.656150 0.902296
v 1.046839 0.558209 0.951961
v 1.046839 0.558209 0.902296
v 1.046839 0.656150 0.951961
v 1.046839 0.558209 0.951961
v 1.001203 0.558209 0.902296
v 1.046839 0.558209 0.902296
v 1.001203 0.558209 0.951961
v 0.996543 0.556496 0.880225
v 0.996543 0.556496 0.929890
v 1.028560 0.556496 0.929890
v 1.028560 0.556496 0.880225
v 0.996543 0.513816 0.929890
v 0.996543 0.513816 0.880225
v 1.028560 0.513816 0.880225
v 1.028560 0.513816 0.929890
v 1.028560 0.513816 0.880225
v 1.028560 0.556496 0.929890
v 1.028560 0.513816 0.929890
v 1.028560 0.556496 0.880225
v 0.996543 0.513816 0.880225
v 1.028560 0.556496 0.880225
v 1.028560 0.513816 0.880225
v 0.996543 0.556496 0.880225
v 0.996543 0.513816 0.929890
v 0.996543 0.556496 0.880225
v 0.996543 0.513816 0.880225
v 0.996543 0.556496 0.929890
v 1.028560 0.513816 0.929890
v 0.996543 0.556496 0.929890
v 0.996543 0.513816 0.929890
v 1.028560 0.556496 0.929890
v 0.789555 0.426200 0.717075
v 0.757538 0.468880 0.717075
v 0.757538 0.426200 0.717075
v 0.789555 0.468880 0.717075
v 0.789555 0.468880 0.717075
v 0.757538 0.468880 0.667410
v 0.757538 0.468880 0.717075
v 0.789555 0.468880 0.667410
v 0.757538 0.426200 0.717075
v 0.757538 0.468880 0.667410
v 0.757538 0.426200 0.667410
v 0.757538 0.468880 0.717075
v 0.757538 0.426200 0.667410
v 0.789555 0.468880 0.667410
v 0.789555 0.426200 0.667410
v 0.757538 0.468880 0.667410
v 0.789555 0.426200 0.667410
v 0.789555 0.468880 0.717075
v 0.789555 0.426200 0.717075
v 0.789555 0.468880 0.667410
v 0.789555 0.426200 0.667410
v 0.757538 0.426200 0.717075
v 0.757538 0.426200 0.667410
v 0.789555 0.426200 0.717075
v 0.996543 0.370124 0.880225
v 0.996543 0.370124 0.929890
v 1.028560 0.370124 0.929890
v 1.028560 0.370124 0.880225
v 0.996543 0.327444 0.929890
v 0.996543 0.327444 0.880225
v 1.028560 0.327444 0.880225
v 1.028560 0.327444 0.929890
v 1.028560 0.327444 0.880225
v 1.028560 0.370124 0.929890
v 1.028560 0.327444 0.929890
v 1.028560 0.370124 0.880225
v 0.996543 0.327444 0.880225
v 1.028560 0.370124 0.880225
v 1.028560 0.327444 0.880225
v 0.996543 0.370124 0.880225
v 0.996543 0.327444 0.929890
v 0.996543 0.370124 0.880225
v 0.996543 0.327444 0.880225
v 0.996543 0.370124 0.929890
v 1.028560 0.327444 0.929890
v 0.996543 0.370124 0.929890
v 0.996543 0.327444 0.929890
v 1.028560 0.370124 0.929890
v 0.993668 0.326342 0.890455
v 0.993668 0.326342 0.933136
v 1.028560 0.326342 0.933136
v 1.028560 0.326342 0.890455
v 0.993668 0.283662 0.933136
v 0.993668 0.283662 0.890455
v 1.028560 0.283662 0.890455
v 1.028560 0.283662 0.933136
v 1.028560 0.283662 0.890455
v 1.028560 0.326342 0.933136
v 1.028560 0.283662 0.933136
v 1.028560 0.326342 0.890455
v 0.993668 0.283662 0.890455
v 1.028560 0.326342 0.890455
v 1.028560 0.283662 0.890455
v 0.993668 0.326342 0.890455
v 0.993668 0.283662 0.933136
v 0.993668 0.326342 0.890455
v 0.993668 0.283662 0.890455
v 0.993668 0.326342 0.933136
v 1.028560 0.283662 0.933136
v 0.993668 0.326342 0.933136
v 0.993668 0.283662 0.933136
v 1.028560 0.326342 0.933136
v 0.996543 0.281628 0.880225
v 0.996543 0.281628 0.929890
v 1.028560 0.281628 0.929890
v 1.028560 0.281628 0.880225
v 0.996543 0.238948 0.929890
v 0.996543 0.238948 0.880225
v 1.028560 0.238948 0.880225
v 1.028560 0.238948 0.929890
v 1.028560 0.238948 0.880225
v 1.028560 0.281628 0.929890
v 1.028560 0.238948 0.929890
v 1.028560 0.281628 0.880225
v 0.996543 0.238948 0.880225
v 1.028560 0.281628 0.880225
v 1.028560 0.238948 0.880225
v 0.996543 0.281628 0.880225
v 0.996543 0.238948 0.929890
v 0.996543 0.281628 0.880225
v 0.996543 0.238948 0.880225
v 0.996543 0.281628 0.929890
v 1.028560 0.238948 0.929890
v 0.996543 0.281628 0.929890
v 0.996543 0.238948 0.929890
v 1.028560 0.281628 0.929890
v 0.985880 0.237846 0.901708
v 0.985880 0.237846 0.932579
v 1.028560 0.237846 0.932579
v 1.028560 0.237846 0.901708
v 0.985880 0.182843 0.932579
v 0.985880 0.182843 0.901708
v 1.028560 0.182843 0.901708
v 1.028560 0.182843 0.932579
v 1.028560 0.182843 0.901708
v 1.028560 0.237846 0.932579
v 1.028560 0.182843 0.932579
v 1.028560 0.237846 0.901708
v 0.985880 0.182843 0.901708
v 1.028560 0.237846 0.901708
v 1.028560 0.182843 0.901708
v 0.985880 0.237846 0.901708
v 0.985880 0.182843 0.932579
v 0.985880 0.237846 0.901708
v 0.985880 0.182843 0.901708
v 0.985880 0.237846 0.932579
v 1.028560 0.182843 0.932579
v 0.985880 0.237846 0.932579
v 0.985880 0.182843 0.932579
v 1.028560 0.237846 0.932579
v 0.736511 0.656150 0.644454
v 0.782146 0.558209 0.644454
v 0.736511 0.558209 0.644454
v 0.782146 0.656150 0.644454
v 0.782146 0.656150 0.644454
v 0.736511 0.656150 0.694120
v 0.782146 0.656150 0.694120
v 0.736511 0.656150 0.644454
v 0.736511 0.656150 0.694120
v 0.736511 0.558209 0.644454
v 0.736511 0.558209 0.694120
v 0.736511 0.656150 0.644454
v 0.782146 0.656150 0.694120
v 0.736511 0.558209 0.694120
v 0.782146 0.558209 0.694120
v 0.736511 0.656150 0.694120
v 0.782146 0.656150 0.644454
v 0.782146 0.558209 0.694120
v 0.782146 0.558209 0.644454
v 0.782146 0.656150 0.694120
v 0.782146 0.558209 0.644454
v 0.736511 0.558209 0.694120
v 0.736511 0.558209 0.644454
v 0.782146 0.558209 0.694120
v 0.789555 0.556496 0.717075
v 0.757538 0.556496 0.667410
v 0.757538 0.556496 0.717075
v 0.789555 0.556496 0.667410
v 0.789555 0.513816 0.667410
v 0.757538 0.513816 0.717075
v 0.757538 0.513816 0.667410
v 0.789555 0.513816 0.717075
v 0.757538 0.513816 0.717075
v 0.757538 0.556496 0.667410
v 0.757538 0.513816 0.667410
v 0.757538 0.556496 0.717075
v 0.789555 0.513816 0.717075
v 0.757538 0.556496 0.717075
v 0.757538 0.513816 0.717075
v 0.789555 0.556496 0.717075
v 0.789555 0.513816 0.667410
v 0.789555 0.556496 0.717075
v 0.789555 0.513816 0.717075
v 0.789555 0.556496 0.667410
v 0.757538 0.513816 0.667410
v 0.789555 0.556496 0.667410
v 0.789555 0.513816 0.667410
v 0.757538 0.556496 0.667410
v 0.792430 0.470914 0.706844
v 0.757538 0.513594 0.706844
v 0.757538 0.470914 0.706844
v 0.792430 0.513594 0.706844
v 0.792430 0.513594 0.706844
v 0.757538 0.513594 0.664164
v 0.757538 0.513594 0.706844
v 0.792430 0.513594 0.664164
v 0.757538 0.470914 0.706844
v 0.757538 0.513594 0.664164
v 0.757538 0.470914 0.664164
v 0.757538 0.513594 0.706844
v 0.757538 0.470914 0.664164
v 0.792430 0.513594 0.664164
v 0.792430 0.470914 0.664164
v 0.757538 0.513594 0.664164
v 0.792430 0.470914 0.664164
v 0.792430 0.513594 0.706844
v 0.792430 0.470914 0.706844
v 0.792430 0.513594 0.664164
v 0.792430 0.470914 0.664164
v 0.757538 0.470914 0.706844
v 0.757538 0.470914 0.664164
v 0.792430 0.470914 0.706844
v 0.789555 0.370124 0.717075
v 0.757538 0.370124 0.667410
v 0.757538 0.370124 0.717075
v 0.789555 0.370124 0.667410
v 0.789555 0.327444 0.667410
v 0.757538 0.327444 0.717075
v 0.757538 0.327444 0.667410
v 0.789555 0.327444 0.717075
v 0.757538 0.327444 0.717075
v 0.757538 0.370124 0.667410
v 0.757538 0.327444 0.667410
v 0.757538 0.370124 0.717075
v 0.789555 0.327444 0.717075
v 0.757538 0.370124 0.717075
v 0.757538 0.327444 0.717075
v 0.789555 0.370124 0.717075
v 0.789555 0.327444 0.667410
v 0.789555 0.370124 0.717075
v 0.789555 0.327444 0.717075
v 0.789555 0.370124 0.667410
v 0.757538 0.327444 0.667410
v 0.789555 0.370124 0.667410
v 0.789555 0.327444 0.667410
v 0.757538 0.370124 0.667410
v 0.792430 0.326342 0.706844
v 0.757538 0.326342 0.664164
v 0.757538 0.326342 0.706844
v 0.792430 0.326342 0.664164
v 0.792430 0.283662 0.664164
v 0.757538 0.283662 0.706844
v 0.757538 0.283662 0.664164
v 0.792430 0.283662 0.706844
v 0.757538 0.283662 0.706844
v 0.757538 0.326342 0.664164
v 0.757538 0.283662 0.664164
v 0.757538 0.326342 0.706844
v 0.792430 0.283662 0.706844
v 0.757538 0.326342 0.706844
v 0.757538 0.283662 0.706844
v 0.792430 0.326342 0.706844
v 0.792430 0.283662 0.664164
v 0.792430 0.326342 0.706844
v 0.792430 0.283662 0.706844
v 0.792430 0.326342 0.664164
v 0.757538 0.283662 0.664164
v 0.792430 0.326342 0.664164
v 0.792430 0.283662 0.664164
v 0.757538 0.326342 0.664164
v 0.789555 0.281628 0.717075
v 0.757538 0.281628 0.667410
v 0.757538 0.281628 0.717075
v 0.789555 0.281628 0.667410
v 0.789555 0.238948 0.667410
v 0.757538 0.238948 0.717075
v 0.757538 0.238948 0.667410
v 0.789555 0.238948 0.717075
v 0.757538 0.238948 0.717075
v 0.757538 0.281628 0.667410
v 0.757538 0.238948 0.667410
v 0.757538 0.281628 0.717075
v 0.789555 0.238948 0.717075
v 0.757538 0.281628 0.717075
v 0.757538 0.238948 0.717075
v 0.789555 0.281628 0.717075
v 0.789555 0.238948 0.667410
v 0.789555 0.281628 0.717075
v 0.789555 0.238948 0.717075
v 0.789555 0.281628 0.667410
v 0.757538 0.238948 0.667410
v 0.789555 0.281628 0.667410
v 0.789555 0.238948 0.667410
v 0.757538 0.281628 0.667410
v 0.800218 0.237846 0.695591
v 0.757538 0.237846 0.664721
v 0.757538 0.237846 0.695591
v 0.800218 0.237846 0.664721
v 0.800218 0.182842 0.664721
v 0.757538 0.182842 0.695591
v 0.757538 0.182842 0.664721
v 0.800218 0.182842 0.695591
v 0.757538 0.182842 0.695591
v 0.757538 0.237846 0.664721
v 0.757538 0.182842 0.664721
v 0.757538 0.237846 0.695591
v 0.800218 0.182842 0.695591
v 0.757538 0.237846 0.695591
v 0.757538 0.182842 0.695591
v 0.800218 0.237846 0.695591
v 0.800218 0.182842 0.664721
v 0.800218 0.237846 0.695591
v 0.800218 0.182842 0.695591
v 0.800218 0.237846 0.664721
v 0.757538 0.182842 0.664721
v 0.800218 0.237846 0.664721
v 0.800218 0.182842 0.664721
v 0.757538 0.237846 0.664721
v 0.782146 0.656150 0.902296
v 0.736511 0.656150 0.951961
v 0.782146 0.656150 0.951961
v 0.736511 0.656150 0.902296
v 0.782146 0.558209 0.951961
v 0.736511 0.558209 0.902296
v 0.782146 0.558209 0.902296
v 0.736511 0.558209 0.951961
v 0.736511 0.656150 0.951961
v 0.736511 0.558209 0.902296
v 0.736511 0.558209 0.951961
v 0.736511 0.656150 0.902296
v 0.736511 0.656150 0.902296
v 0.782146 0.558209 0.902296
v 0.736511 0.558209 0.902296
v 0.782146 0.656150 0.902296
v 0.782146 0.656150 0.902296
v 0.782146 0.558209 0.951961
v 0.782146 0.558209 0.902296
v 0.782146 0.656150 0.951961
v 0.782146 0.656150 0.951961
v 0.736511 0.558209 0.951961
v 0.782146 0.558209 0.951961
v 0.736511 0.656150 0.951961
v 0.789555 0.556496 0.929890
v 0.757538 0.556496 0.880225
v 0.757538 0.556496 0.929890
v 0.789555 0.556496 0.880225
v 0.789555 0.513816 0.929890
v 0.757538 0.513816 0.880225
v 0.789555 0.513816 0.880225
v 0.757538 0.513816 0.929890
v 0.757538 0.556496 0.929890
v 0.757538 0.556496 0.880225
v 0.757538 0.513816 0.880225
v 0.757538 0.513816 0.929890
v 0.757538 0.556496 0.880225
v 0.789555 0.556496 0.880225
v 0.789555 0.513816 0.880225
v 0.757538 0.513816 0.880225
v 0.789555 0.556496 0.880225
v 0.789555 0.556496 0.929890
v 0.789555 0.513816 0.929890
v 0.789555 0.513816 0.880225
v 0.789555 0.556496 0.929890
v 0.757538 0.556496 0.929890
v 0.757538 0.513816 0.929890
v 0.789555 0.513816 0.929890
v 0.789555 0.370124 0.929890
v 0.757538 0.370124 0.880225
v 0.757538 0.370124 0.929890
v 0.789555 0.370124 0.880225
v 0.789555 0.327444 0.929890
v 0.757538 0.327444 0.880225
v 0.789555 0.327444 0.880225
v 0.757538 0.327444 0.929890
v 0.757538 0.370124 0.929890
v 0.757538 0.370124 0.880225
v 0.757538 0.327444 0.880225
v 0.757538 0.327444 0.929890
v 0.757538 0.370124 0.880225
v 0.789555 0.370124 0.880225
v 0.789555 0.327444 0.880225
v 0.757538 0.327444 0.880225
v 0.789555 0.370124 0.880225
v 0.789555 0.370124 0.929890
v 0.789555 0.327444 0.929890
v 0.789555 0.327444 0.880225
v 0.789555 0.370124 0.929890
v 0.757538 0.370124 0.929890
v 0.757538 0.327444 0.929890
v 0.789555 0.327444 0.929890
v 0.792430 0.326342 0.890455
v 0.757538 0.326342 0.933135
v 0.792430 0.326342 0.933135
v 0.757538 0.326342 0.890455
v 0.792430 0.283662 0.933135
v 0.757538 0.283662 0.890455
v 0.792430 0.283662 0.890455
v 0.757538 0.283662 0.933135
v 0.757538 0.326342 0.933135
v 0.757538 0.283662 0.890455
v 0.757538 0.283662 0.933135
v 0.757538 0.326342 0.890455
v 0.757538 0.326342 0.890455
v 0.792430 0.283662 0.890455
v 0.757538 0.283662 0.890455
v 0.792430 0.326342 0.890455
v 0.792430 0.326342 0.890455
v 0.792430 0.283662 0.933135
v 0.792430 0.283662 0.890455
v 0.792430 0.326342 0.933135
v 0.792430 0.326342 0.933135
v 0.757538 0.283662 0.933135
v 0.792430 0.283662 0.933135
v 0.757538 0.326342 0.933135
v 0.789555 0.281628 0.929890
v 0.757538 0.281628 0.880225
v 0.757538 0.281628 0.929890
v 0.789555 0.281628 0.880225
v 0.789555 0.238948 0.929890
v 0.757538 0.238948 0.880225
v 0.789555 0.238948 0.880225
v 0.757538 0.238948 0.929890
v 0.757538 0.281628 0.929890
v 0.757538 0.238948 0.880225
v 0.757538 0.238948 0.929890
v 0.757538 0.281628 0.880225
v 0.757538 0.281628 0.880225
v 0.789555 0.238948 0.880225
v 0.757538 0.238948 0.880225
v 0.789555 0.281628 0.880225
v 0.789555 0.281628 0.880225
v 0.789555 0.238948 0.929890
v 0.789555 0.238948 0.880225
v 0.789555 0.281628 0.929890
v 0.789555 0.281628 0.929890
v 0.757538 0.238948 0.929890
v 0.789555 0.238948 0.929890
v 0.757538 0.281628 0.929890
v 0.800218 0.237846 0.901708
v 0.757538 0.237846 0.932579
v 0.800218 0.237846 0.932579
v 0.757538 0.237846 0.901708
v 0.800218 0.182843 0.932579
v 0.757538 0.182843 0.901708
v 0.800218 0.182843 0.901708
v 0.757538 0.182843 0.932579
v 0.757538 0.237846 0.932579
v 0.757538 0.182843 0.901708
v 0.757538 0.182843 0.932579
v 0.757538 0.237846 0.901708
v 0.757538 0.237846 0.901708
v 0.800218 0.182843 0.901708
v 0.757538 0.182843 0.901708
v 0.800218 0.237846 0.901708
v 0.800218 0.237846 0.901708
v 0.800218 0.182843 0.932579
v 0.800218 0.182843 0.901708
v 0.800218 0.237846 0.932579
v 0.800218 0.237846 0.932579
v 0.757538 0.237846 0.932579
v 0.757538 0.182843 0.932579
v 0.800218 0.182843 0.932579
v -0.311036 0.075020 0.678016
v -0.889556 0.075020 0.678016
v -0.889556 0.075020 0.913609
v -0.311036 0.075020 0.913609
v -0.889556 0.075020 0.678016
v -0.326295 -0.000047 0.665920
v -0.889556 -0.000047 0.665920
v -0.311036 0.075020 0.678016
v -0.326295 -0.000047 0.665920
v -0.889556 -0.000047 0.925705
v -0.889556 -0.000047 0.665920
v -0.326295 -0.000047 0.925705
v -0.326295 -0.000047 0.925705
v -0.889556 0.075020 0.913609
v -0.889556 -0.000047 0.925705
v -0.311036 0.075020 0.913609
v -0.326295 -0.000047 0.665920
v -0.311036 0.075020 0.913609
v -0.326295 -0.000047 0.925705
v -0.311036 0.075020 0.678016
v -0.264919 0.388795 0.692358
v -0.889556 0.388795 0.701949
v -0.889556 0.388795 0.692358
v -0.264919 0.388795 0.701949
v -0.264919 0.388795 0.868595
v -0.889556 0.388795 0.859230
v -0.264919 0.388795 0.859230
v -0.889556 0.388795 0.868595
v -0.889556 0.438226 0.695461
v -0.264919 0.438226 0.695461
v -0.889556 0.388795 0.692358
v -0.264919 0.388795 0.692358
v -0.264919 0.438226 0.865871
v -0.889556 0.388795 0.868595
v -0.264919 0.388795 0.868595
v -0.889556 0.438226 0.865871
v -0.264919 0.438226 0.721158
v -0.889556 0.438226 0.721158
v -0.264919 0.425579 0.721158
v -0.889556 0.425579 0.721158
v -0.889556 0.438226 0.838818
v -0.264919 0.438226 0.838818
v -0.889556 0.425579 0.838818
v -0.264919 0.425579 0.838818
v -0.264919 0.438226 0.721158
v -0.889556 0.438226 0.695461
v -0.889556 0.438226 0.721158
v -0.264919 0.438226 0.695461
v -0.264919 0.438226 0.865871
v -0.889556 0.438226 0.838818
v -0.889556 0.438226 0.865871
v -0.264919 0.438226 0.838818
v -1.011481 0.075020 -0.712367
v -0.793209 0.075020 0.144079
v -0.793208 0.075020 -0.712367
v -0.781112 -0.000047 -0.697108
v -0.793209 0.075020 0.144079
v -0.781112 -0.000047 0.144079
v -1.023578 -0.000047 -0.697108
v -1.011481 0.075020 0.144079
v -1.011481 0.075020 -0.712367
v -1.011481 0.075020 -0.712367
v -0.781112 -0.000047 -0.697108
v -1.023578 -0.000047 -0.697108
v -0.793208 0.075020 -0.712367
v -0.817141 0.388794 -0.758485
v -0.807550 0.388795 0.144079
v -0.817141 0.388795 0.144079
v -0.810653 0.438226 -0.758485
v -0.810653 0.438226 0.144079
v -0.807550 0.388795 0.144079
v -0.807550 0.388794 -0.758485
v -0.983787 0.388794 -0.758485
v -0.983787 0.388795 0.144079
v -0.981063 0.438226 -0.758485
v -0.954010 0.438226 -0.758485
v -0.954010 0.438226 0.144079
v -0.954010 0.425579 0.144079
v -0.954010 0.425579 -0.758485
v -0.836350 0.438226 -0.758485
v -0.810653 0.438226 0.144079
v -0.810653 0.438226 -0.758485
v -0.981063 0.438226 -0.758485
v -0.954010 0.438226 0.144079
v -0.954010 0.438226 -0.758485
v -1.011481 0.075020 0.144079
v -0.793209 0.075020 0.722599
v -1.011481 0.075020 0.722599
v -0.793209 0.075020 0.722599
v -0.781112 -0.000047 0.707340
v -0.793208 0.075020 -0.712367
v -0.781112 -0.000047 0.144079
v -1.023578 -0.000047 -0.697108
v -0.781112 -0.000047 -0.697108
v -1.023578 -0.000047 0.144079
v -0.781112 -0.000047 0.707340
v -1.023578 -0.000047 0.707340
v -1.023578 -0.000047 0.707340
v -1.023578 -0.000047 0.144079
v -1.011481 0.075020 0.722599
v -0.781112 -0.000047 0.707340
v -1.011481 0.075020 0.722599
v -1.023578 -0.000047 0.707340
v -0.793209 0.075020 0.722599
v -0.807550 0.388794 -0.758485
v -0.807550 0.388795 0.768717
v -0.817141 0.388795 0.768717
v -0.983787 0.388795 0.144079
v -0.983787 0.388794 -0.758485
v -0.974422 0.388795 0.144079
v -0.983787 0.388795 0.768717
v -0.974422 0.388794 -0.758485
v -0.974422 0.388795 0.768717
v -0.810653 0.438226 0.768717
v -0.807550 0.388795 0.768717
v -0.981063 0.438226 0.144079
v -0.981063 0.438226 0.768717
v -0.983787 0.388795 0.768717
v -0.836350 0.438226 0.768717
v -0.836350 0.438226 0.144079
v -0.836350 0.425579 0.768717
v -0.836350 0.438226 -0.758485
v -0.836350 0.425579 -0.758485
v -0.836350 0.425579 0.144079
v -0.954010 0.438226 0.768717
v -0.954010 0.425579 0.768717
v -0.836350 0.438226 0.144079
v -0.810653 0.438226 0.768717
v -0.836350 0.438226 0.768717
v -0.981063 0.438226 0.144079
v -0.954010 0.438226 0.768717
v -0.981063 0.438226 0.768717
v -0.735218 -0.000047 -0.966660
v 0.000000 0.075020 -0.954564
v 0.000000 -0.000047 -0.966660
v -0.735218 -0.000047 -0.706875
v -0.750477 0.075020 -0.954564
v -0.735218 -0.000047 -0.966660
v -0.750477 0.075020 -0.718971
v -0.796594 0.388794 -0.742904
v 0.000000 0.388794 -0.742904
v -0.796594 0.388794 -0.733313
v -0.796594 0.388794 -0.733313
v 0.000000 0.388794 -0.733313
v -0.796594 0.438226 -0.736416
v -0.796594 0.438226 -0.906826
v 0.000000 0.388794 -0.909550
v -0.796594 0.388794 -0.909550
v -0.529871 0.161079 -0.918308
v -0.600700 0.161079 -0.918308
v -0.600700 0.161079 -0.887438
v -0.529871 0.161079 -0.887438
v -0.529871 0.114568 -0.887438
v -0.600700 0.114568 -0.887438
v -0.600700 0.114568 -0.918308
v -0.529871 0.114568 -0.918308
v -0.529871 0.161079 -0.918308
v -0.529871 0.161079 -0.887438
v -0.529871 0.114568 -0.887438
v -0.529871 0.114568 -0.918308
v -0.600700 0.161079 -0.887438
v -0.600700 0.161079 -0.918308
v -0.600700 0.114568 -0.918308
v -0.600700 0.114568 -0.887438
v -0.600700 0.161079 -0.918308
v -0.529871 0.161079 -0.918308
v -0.529871 0.114568 -0.918308
v -0.600700 0.114568 -0.918308
v 0.000000 0.359655 -0.912224
v 0.000000 0.359655 -0.881354
v 0.000000 0.310327 -0.881354
v 0.000000 0.310327 -0.912224
v -0.044921 0.359655 -0.881354
v -0.044921 0.310327 -0.912224
v -0.044921 0.310327 -0.881354
v -0.044921 0.359655 -0.912224
v -0.044921 0.359655 -0.912224
v 0.000000 0.310327 -0.912224
v -0.044921 0.310327 -0.912224
v 0.000000 0.359655 -0.912224
v -0.023322 0.306235 -0.912224
v -0.094152 0.306235 -0.912224
v -0.094152 0.306235 -0.881354
v -0.023322 0.306235 -0.881354
v -0.023322 0.256907 -0.881354
v -0.094152 0.256907 -0.881354
v -0.094152 0.256907 -0.912224
v -0.023322 0.256907 -0.912224
v -0.023322 0.306235 -0.912224
v -0.023322 0.306235 -0.881354
v -0.023322 0.256907 -0.881354
v -0.023322 0.256907 -0.912224
v -0.094152 0.306235 -0.881354
v -0.094152 0.306235 -0.912224
v -0.094152 0.256907 -0.912224
v -0.094152 0.256907 -0.881354
v -0.094152 0.306235 -0.912224
v -0.023322 0.256907 -0.912224
v -0.094152 0.256907 -0.912224
v -0.023322 0.306235 -0.912224
v -0.271569 0.252732 -0.912224
v -0.342398 0.252732 -0.881354
v -0.271569 0.252732 -0.881354
v -0.342398 0.252732 -0.912224
v -0.271569 0.206221 -0.881354
v -0.342398 0.206221 -0.881354
v -0.342398 0.206221 -0.912224
v -0.271569 0.206221 -0.912224
v -0.271569 0.252732 -0.912224
v -0.271569 0.252732 -0.881354
v -0.271569 0.206221 -0.881354
v -0.271569 0.206221 -0.912224
v -0.342398 0.252732 -0.881354
v -0.342398 0.252732 -0.912224
v -0.342398 0.206221 -0.912224
v -0.342398 0.206221 -0.881354
v -0.342398 0.252732 -0.912224
v -0.271569 0.252732 -0.912224
v -0.271569 0.206221 -0.912224
v -0.342398 0.206221 -0.912224
v -0.304040 0.200387 -0.912224
v -0.374869 0.200387 -0.912224
v -0.374869 0.200387 -0.881354
v -0.304040 0.200387 -0.881354
v -0.304040 0.153876 -0.881354
v -0.374869 0.153876 -0.912224
v -0.304040 0.153876 -0.912224
v -0.374869 0.153876 -0.881354
v -0.304040 0.200387 -0.912224
v -0.304040 0.153876 -0.881354
v -0.304040 0.153876 -0.912224
v -0.304040 0.200387 -0.881354
v -0.374869 0.200387 -0.881354
v -0.374869 0.153876 -0.912224
v -0.374869 0.153876 -0.881354
v -0.374869 0.200387 -0.912224
v -0.374869 0.200387 -0.912224
v -0.304040 0.200387 -0.912224
v -0.304040 0.153876 -0.912224
v -0.374869 0.153876 -0.912224
v -0.587900 0.337669 -0.912224
v -0.658729 0.337669 -0.881354
v -0.587900 0.337669 -0.881354
v -0.658729 0.337669 -0.912224
v -0.587900 0.291158 -0.881354
v -0.658729 0.291158 -0.912224
v -0.587900 0.291158 -0.912224
v -0.658729 0.291158 -0.881354
v -0.587900 0.337669 -0.912224
v -0.587900 0.291158 -0.881354
v -0.587900 0.291158 -0.912224
v -0.587900 0.337669 -0.881354
v -0.658729 0.337669 -0.881354
v -0.658729 0.291158 -0.912224
v -0.658729 0.291158 -0.881354
v -0.658729 0.337669 -0.912224
v -0.658729 0.337669 -0.912224
v -0.587900 0.291158 -0.912224
v -0.658729 0.291158 -0.912224
v -0.587900 0.337669 -0.912224
v -0.626656 0.288287 -0.912224
v -0.697485 0.288287 -0.881354
v -0.626656 0.288287 -0.881354
v -0.697485 0.288287 -0.912224
v -0.626656 0.241776 -0.881354
v -0.697485 0.241776 -0.912224
v -0.626656 0.241776 -0.912224
v -0.697485 0.241776 -0.881354
v -0.626656 0.288287 -0.912224
v -0.626656 0.288287 -0.881354
v -0.626656 0.241776 -0.881354
v -0.626656 0.241776 -0.912224
v -0.697485 0.288287 -0.881354
v -0.697485 0.288287 -0.912224
v -0.697485 0.241776 -0.912224
v -0.697485 0.241776 -0.881354
v -0.697485 0.288287 -0.912224
v -0.626656 0.241776 -0.912224
v -0.697485 0.241776 -0.912224
v -0.626656 0.288287 -0.912224
v -0.796594 0.438226 -0.762113
v 0.000000 0.438226 -0.762113
v -0.796594 0.425579 -0.762113
v -0.796594 0.425579 -0.879773
v 0.000000 0.425579 -0.879773
v -0.796594 0.438226 -0.879773
v -0.796594 0.438226 -0.906826
v 0.000000 0.438226 -0.879773
v 0.000000 0.438226 -0.906826
v 0.889556 0.075020 0.678016
v 0.311036 0.075020 0.678016
v 0.889556 0.075020 0.913609
v 0.311036 0.075020 0.913609
v 0.326295 -0.000047 0.665920
v 0.889556 0.075020 0.678016
v 0.889556 -0.000047 0.665920
v 0.311036 0.075020 0.678016
v 0.889556 -0.000047 0.925705
v 0.326295 -0.000047 0.665920
v 0.889556 -0.000047 0.665920
v 0.326295 -0.000047 0.925705
v 0.889556 0.075020 0.913609
v 0.326295 -0.000047 0.925705
v 0.889556 -0.000047 0.925705
v 0.311036 0.075020 0.913609
v 0.311036 0.075020 0.913609
v 0.326295 -0.000047 0.665920
v 0.326295 -0.000047 0.925705
v 0.311036 0.075020 0.678016
v 0.889556 0.388795 0.701949
v 0.264919 0.388795 0.692358
v 0.889556 0.388795 0.692358
v 0.264919 0.388795 0.701949
v 0.889556 0.388795 0.868595
v 0.264919 0.388795 0.868595
v 0.889556 0.388795 0.859230
v 0.264919 0.388795 0.859230
v 0.264919 0.438226 0.695461
v 0.889556 0.388795 0.692358
v 0.264919 0.388795 0.692358
v 0.889556 0.438226 0.695461
v 0.889556 0.438226 0.865871
v 0.264919 0.438226 0.865871
v 0.889556 0.388795 0.868595
v 0.264919 0.388795 0.868595
v 0.889556 0.438226 0.721158
v 0.264919 0.438226 0.721158
v 0.264919 0.425579 0.721158
v 0.889556 0.425579 0.721158
v 0.264919 0.438226 0.838818
v 0.889556 0.438226 0.838818
v 0.889556 0.425579 0.838818
v 0.264919 0.425579 0.838818
v 0.889556 0.438226 0.695461
v 0.264919 0.438226 0.721158
v 0.889556 0.438226 0.721158
v 0.264919 0.438226 0.695461
v 0.889556 0.438226 0.838818
v 0.264919 0.438226 0.865871
v 0.889556 0.438226 0.865871
v 0.264919 0.438226 0.838818
v 1.011481 0.075020 -0.712367
v 0.793209 0.075020 0.144079
v 1.011481 0.075020 0.144079
v 1.023578 -0.000047 -0.697108
v 0.781112 -0.000047 0.144079
v 0.781112 -0.000047 -0.697108
v 1.023578 -0.000047 -0.697108
v 1.011481 0.075020 0.144079
v 1.023578 -0.000047 0.144079
v 0.781112 -0.000047 -0.697108
v 1.011481 0.075020 -0.712367
v 1.023578 -0.000047 -0.697108
v 0.793208 0.075020 -0.712367
v 0.817141 0.388794 -0.758485
v 0.807550 0.388795 0.144079
v 0.807550 0.388794 -0.758485
v 0.983787 0.388794 -0.758485
v 0.974422 0.388795 0.144079
v 0.974422 0.388794 -0.758485
v 0.807550 0.388794 -0.758485
v 0.807550 0.388795 0.144079
v 0.810653 0.438226 -0.758485
v 0.981063 0.438226 -0.758485
v 0.983787 0.388795 0.144079
v 0.983787 0.388794 -0.758485
v 0.836350 0.438226 -0.758485
v 0.836350 0.438226 0.144079
v 0.836350 0.425579 -0.758485
v 0.954010 0.425579 -0.758485
v 0.954010 0.425579 0.144079
v 0.954010 0.438226 -0.758485
v 0.836350 0.438226 -0.758485
v 0.810653 0.438226 0.144079
v 0.836350 0.438226 0.144079
v 0.981063 0.438226 -0.758485
v 0.954010 0.438226 0.144079
v 0.981063 0.438226 0.144079
v 0.793209 0.075020 0.722599
v 1.011481 0.075020 0.722599
v 0.793208 0.075020 -0.712367
v 0.781112 -0.000047 0.707340
v 0.793209 0.075020 0.144079
v 0.781112 -0.000047 0.144079
v 0.793208 0.075020 -0.712367
v 0.781112 -0.000047 -0.697108
v 0.793209 0.075020 0.722599
v 1.023578 -0.000047 0.144079
v 0.781112 -0.000047 0.707340
v 1.023578 -0.000047 0.707340
v 1.011481 0.075020 -0.712367
v 1.023578 -0.000047 0.707340
v 1.011481 0.075020 0.722599
v 1.011481 0.075020 0.722599
v 0.781112 -0.000047 0.707340
v 1.023578 -0.000047 0.707340
v 0.793209 0.075020 0.722599
v 0.817141 0.388795 0.144079
v 0.807550 0.388795 0.768717
v 0.817141 0.388795 0.768717
v 0.983787 0.388795 0.768717
v 0.983787 0.388795 0.144079
v 0.974422 0.388795 0.768717
v 0.810653 0.438226 0.144079
v 0.810653 0.438226 0.768717
v 0.807550 0.388795 0.768717
v 0.981063 0.438226 0.144079
v 0.981063 0.438226 0.768717
v 0.983787 0.388795 0.768717
v 0.836350 0.425579 0.144079
v 0.836350 0.438226 0.768717
v 0.836350 0.425579 0.768717
v 0.954010 0.438226 0.144079
v 0.954010 0.438226 0.768717
v 0.954010 0.425579 0.768717
v 0.810653 0.438226 0.768717
v 0.836350 0.438226 0.768717
v 0.810653 0.438226 -0.758485
v 0.954010 0.438226 0.768717
v 0.981063 0.438226 0.768717
v 0.954010 0.438226 -0.758485
v 0.750477 0.075020 -0.718971
v 0.000000 0.075020 -0.954564
v 0.000000 0.075020 -0.718971
v 0.750477 0.075020 -0.954564
v -0.750477 0.075020 -0.954564
v -0.750477 0.075020 -0.718971
v 0.735218 -0.000047 -0.706875
v 0.000000 0.075020 -0.718971
v 0.000000 -0.000047 -0.706875
v 0.750477 0.075020 -0.718971
v -0.750477 0.075020 -0.718971
v -0.735218 -0.000047 -0.706875
v 0.735218 -0.000047 -0.966660
v 0.000000 -0.000047 -0.706875
v 0.000000 -0.000047 -0.966660
v 0.735218 -0.000047 -0.706875
v -0.735218 -0.000047 -0.706875
v -0.735218 -0.000047 -0.966660
v 0.735218 -0.000047 -0.966660
v -0.750477 0.075020 -0.954564
v 0.750477 0.075020 -0.954564
v 0.750477 0.075020 -0.954564
v 0.735218 -0.000047 -0.706875
v 0.735218 -0.000047 -0.966660
v 0.750477 0.075020 -0.718971
v 0.000000 0.388794 -0.733313
v 0.796594 0.388794 -0.733313
v 0.796594 0.388794 -0.742904
v 0.796594 0.388794 -0.909550
v 0.000000 0.388794 -0.900185
v 0.000000 0.388794 -0.909550
v -0.796594 0.388794 -0.909550
v -0.796594 0.388794 -0.900185
v 0.796594 0.388794 -0.900185
v 0.000000 0.438226 -0.736416
v 0.796594 0.438226 -0.736416
v 0.796594 0.388794 -0.733313
v 0.000000 0.438226 -0.906826
v 0.796594 0.438226 -0.906826
v 0.796594 0.388794 -0.909550
v 0.600700 0.161079 -0.887438
v 0.529871 0.161079 -0.918308
v 0.529871 0.161079 -0.887438
v 0.600700 0.161079 -0.918308
v 0.600700 0.114568 -0.918308
v 0.529871 0.114568 -0.887438
v 0.529871 0.114568 -0.918308
v 0.600700 0.114568 -0.887438
v 0.529871 0.114568 -0.887438
v 0.529871 0.161079 -0.918308
v 0.529871 0.114568 -0.918308
v 0.529871 0.161079 -0.887438
v 0.600700 0.114568 -0.918308
v 0.600700 0.161079 -0.887438
v 0.600700 0.114568 -0.887438
v 0.600700 0.161079 -0.918308
v 0.529871 0.114568 -0.918308
v 0.600700 0.161079 -0.918308
v 0.600700 0.114568 -0.918308
v 0.529871 0.161079 -0.918308
v 0.044921 0.359655 -0.881354
v 0.000000 0.359655 -0.912224
v 0.000000 0.359655 -0.881354
v 0.044921 0.359655 -0.912224
v -0.044921 0.359655 -0.912224
v -0.044921 0.359655 -0.881354
v 0.044921 0.310327 -0.912224
v 0.000000 0.310327 -0.881354
v 0.000000 0.310327 -0.912224
v 0.044921 0.310327 -0.881354
v -0.044921 0.310327 -0.881354
v -0.044921 0.310327 -0.912224
v 0.044921 0.310327 -0.912224
v 0.044921 0.359655 -0.881354
v 0.044921 0.310327 -0.881354
v 0.044921 0.359655 -0.912224
v 0.044921 0.359655 -0.912224
v 0.044921 0.310327 -0.912224
v 0.094152 0.306235 -0.881354
v 0.023322 0.306235 -0.912224
v 0.023322 0.306235 -0.881354
v 0.094152 0.306235 -0.912224
v 0.094152 0.256907 -0.912224
v 0.023322 0.256907 -0.881354
v 0.023322 0.256907 -0.912224
v 0.094152 0.256907 -0.881354
v 0.023322 0.256907 -0.881354
v 0.023322 0.306235 -0.912224
v 0.023322 0.256907 -0.912224
v 0.023322 0.306235 -0.881354
v 0.094152 0.256907 -0.912224
v 0.094152 0.306235 -0.881354
v 0.094152 0.256907 -0.881354
v 0.094152 0.306235 -0.912224
v 0.023322 0.256907 -0.912224
v 0.094152 0.306235 -0.912224
v 0.094152 0.256907 -0.912224
v 0.023322 0.306235 -0.912224
v 0.342398 0.252732 -0.881354
v 0.271569 0.252732 -0.912224
v 0.271569 0.252732 -0.881354
v 0.342398 0.252732 -0.912224
v 0.342398 0.206221 -0.912224
v 0.271569 0.206221 -0.881354
v 0.271569 0.206221 -0.912224
v 0.342398 0.206221 -0.881354
v 0.271569 0.206221 -0.881354
v 0.271569 0.252732 -0.912224
v 0.271569 0.206221 -0.912224
v 0.271569 0.252732 -0.881354
v 0.342398 0.206221 -0.912224
v 0.342398 0.252732 -0.881354
v 0.342398 0.206221 -0.881354
v 0.342398 0.252732 -0.912224
v 0.271569 0.206221 -0.912224
v 0.342398 0.252732 -0.912224
v 0.342398 0.206221 -0.912224
v 0.271569 0.252732 -0.912224
v 0.374869 0.200387 -0.881354
v 0.304040 0.200387 -0.912224
v 0.304040 0.200387 -0.881354
v 0.374869 0.200387 -0.912224
v 0.374869 0.153876 -0.912224
v 0.304040 0.153876 -0.881354
v 0.304040 0.153876 -0.912224
v 0.374869 0.153876 -0.881354
v 0.304040 0.153876 -0.881354
v 0.304040 0.200387 -0.912224
v 0.304040 0.153876 -0.912224
v 0.304040 0.200387 -0.881354
v 0.374869 0.153876 -0.912224
v 0.374869 0.200387 -0.881354
v 0.374869 0.153876 -0.881354
v 0.374869 0.200387 -0.912224
v 0.304040 0.153876 -0.912224
v 0.374869 0.200387 -0.912224
v 0.374869 0.153876 -0.912224
v 0.304040 0.200387 -0.912224
v 0.658729 0.337669 -0.881354
v 0.587900 0.337669 -0.912224
v 0.587900 0.337669 -0.881354
v 0.658729 0.337669 -0.912224
v 0.658729 0.291158 -0.912224
v 0.587900 0.291158 -0.881354
v 0.587900 0.291158 -0.912224
v 0.658729 0.291158 -0.881354
v 0.587900 0.291158 -0.881354
v 0.587900 0.337669 -0.912224
v 0.587900 0.291158 -0.912224
v 0.587900 0.337669 -0.881354
v 0.658729 0.291158 -0.912224
v 0.658729 0.337669 -0.881354
v 0.658729 0.291158 -0.881354
v 0.658729 0.337669 -0.912224
v 0.587900 0.291158 -0.912224
v 0.658729 0.337669 -0.912224
v 0.658729 0.291158 -0.912224
v 0.587900 0.337669 -0.912224
v 0.697485 0.288287 -0.881354
v 0.626656 0.288287 -0.912224
v 0.626656 0.288287 -0.881354
v 0.697485 0.288287 -0.912224
v 0.697485 0.241776 -0.912224
v 0.626656 0.241776 -0.881354
v 0.626656 0.241776 -0.912224
v 0.697485 0.241776 -0.881354
v 0.626656 0.241776 -0.881354
v 0.626656 0.288287 -0.912224
v 0.626656 0.241776 -0.912224
v 0.626656 0.288287 -0.881354
v 0.697485 0.241776 -0.912224
v 0.697485 0.288287 -0.881354
v 0.697485 0.241776 -0.881354
v 0.697485 0.288287 -0.912224
v 0.626656 0.241776 -0.912224
v 0.697485 0.288287 -0.912224
v 0.697485 0.241776 -0.912224
v 0.626656 0.288287 -0.912224
v 0.000000 0.425579 -0.762113
v 0.796594 0.425579 -0.762113
v 0.796594 0.438226 -0.762113
v 0.000000 0.438226 -0.879773
v 0.796594 0.438226 -0.879773
v 0.796594 0.425579 -0.879773
v 0.796594 0.438226 -0.736416
v 0.000000 0.438226 -0.762113
v 0.000000 0.438226 -0.736416
v -0.796594 0.438226 -0.736416
v 0.796594 0.438226 -0.762113
v -0.796594 0.438226 -0.762113
v 0.796594 0.438226 -0.906826
v -0.796594 0.438226 -0.879773
v 0.796594 0.438226 -0.879773
v -0.893049 0.578553 0.128663
v -0.873124 0.578553 -0.126497
v -0.893049 0.578553 -0.126497
v -0.912974 0.578553 0.128663
v -0.912974 0.578553 -0.126497
v -0.932898 0.578553 -0.126497
v -0.873124 0.578553 0.128663
v -0.853200 0.578553 0.128663
v -1.020629 0.578553 0.128663
v -1.020629 0.578553 -0.126496
v -0.932898 0.578553 0.128663
v -0.853200 0.578553 -0.126497
v -0.765469 0.578553 0.128663
v -0.765469 0.578553 -0.126497
v -0.877995 0.859249 -0.702940
v -0.858070 0.859249 -0.958100
v -0.877995 0.859249 -0.958100
v -0.897920 0.859249 -0.702940
v -0.897920 0.859249 -0.958100
v -0.917845 0.859249 -0.958100
v -0.858070 0.859249 -0.702940
v -0.838146 0.859249 -0.702940
v -1.005575 0.859249 -0.958100
v -1.005575 0.859249 -0.702940
v -0.917845 0.859249 -0.702940
v -0.838146 0.859249 -0.958100
v -0.750415 0.859249 -0.702940
v -0.750415 0.859249 -0.958100
v -0.303806 0.578553 0.916847
v -0.283881 0.578553 0.661687
v -0.303806 0.578553 0.661687
v -0.323731 0.578553 0.661687
v -0.323731 0.578553 0.916847
v -0.343656 0.578553 0.916847
v -0.283881 0.578553 0.916847
v -0.263957 0.578553 0.916847
v -0.431386 0.578553 0.661687
v -0.431386 0.578553 0.916847
v -0.343656 0.578553 0.661687
v -0.263957 0.578553 0.661687
v -0.176226 0.578553 0.916847
v -0.176226 0.578553 0.661687
v -0.893049 0.578553 0.926230
v -0.873124 0.578553 0.671070
v -0.893049 0.578553 0.671070
v -0.912974 0.578553 0.926230
v -0.912974 0.578553 0.671070
v -0.932898 0.578553 0.671070
v -0.873124 0.578553 0.926230
v -0.853200 0.578553 0.926230
v -1.020629 0.578553 0.926230
v -1.020629 0.578553 0.671070
v -0.932898 0.578553 0.926230
v -0.853200 0.578553 0.671070
v -0.765469 0.578553 0.926230
v -0.765469 0.578553 0.671070
v 0.893049 0.578553 0.128663
v 0.873124 0.578553 -0.126497
v 0.873124 0.578553 0.128663
v 0.893049 0.578553 -0.126497
v 0.912974 0.578553 0.128663
v 0.912974 0.578553 -0.126497
v 0.932898 0.578553 -0.126497
v 0.853200 0.578553 0.128663
v 1.020629 0.578553 0.128663
v 0.932898 0.578553 0.128663
v 1.020629 0.578553 -0.126496
v 0.853200 0.578553 -0.126497
v 0.765469 0.578553 0.128663
v 0.765469 0.578553 -0.126497
v 0.877995 0.859249 -0.702940
v 0.858070 0.859249 -0.958100
v 0.858070 0.859249 -0.702940
v 0.877995 0.859249 -0.958100
v 0.897920 0.859249 -0.702940
v 0.897920 0.859249 -0.958100
v 0.917845 0.859249 -0.958100
v 0.838146 0.859249 -0.702940
v 1.005575 0.859249 -0.958100
v 0.917845 0.859249 -0.702940
v 1.005575 0.859249 -0.702940
v 0.838146 0.859249 -0.958100
v 0.750415 0.859249 -0.702940
v 0.750415 0.859249 -0.958100
v 0.303806 0.578553 0.916847
v 0.283881 0.578553 0.661687
v 0.283881 0.578553 0.916847
v 0.303806 0.578553 0.661687
v 0.323731 0.578553 0.661687
v 0.343656 0.578553 0.916847
v 0.343656 0.578553 0.661687
v 0.323731 0.578553 0.916847
v 0.263957 0.578553 0.916847
v 0.431386 0.578553 0.661687
v 0.431386 0.578553 0.916847
v 0.263957 0.578553 0.661687
v 0.176226 0.578553 0.916847
v 0.176226 0.578553 0.661687
v 0.893049 0.578553 0.926230
v 0.873124 0.578553 0.671070
v 0.873124 0.578553 0.926230
v 0.893049 0.578553 0.671070
v 0.912974 0.578553 0.926230
v 0.912974 0.578553 0.671070
v 0.932898 0.578553 0.671070
v 0.853200 0.578553 0.926230
v 1.020629 0.578553 0.926230
v 0.932898 0.578553 0.926230
v 1.020629 0.578553 0.671070
v 0.853200 0.578553 0.671070
v 0.765469 0.578553 0.926230
v 0.765469 0.578553 0.671070
v -0.264919 0.425579 0.721158
v -0.889556 0.425579 0.838818
v -0.264919 0.425579 0.838818
v -0.889556 0.425579 0.721158
v -0.954010 0.425579 -0.758485
v -0.836350 0.425579 0.144079
v -0.836350 0.425579 -0.758485
v -0.954010 0.425579 0.768717
v -0.954010 0.425579 0.144079
v -0.836350 0.425579 0.768717
v 0.889556 0.425579 0.721158
v 0.264919 0.425579 0.721158
v 0.889556 0.425579 0.838818
v 0.264919 0.425579 0.838818
v 0.954010 0.425579 -0.758485
v 0.836350 0.425579 0.144079
v 0.954010 0.425579 0.144079
v 0.954010 0.425579 0.768717
v 0.836350 0.425579 0.768717
v 0.836350 0.425579 -0.758485
v 0.796594 0.425579 -0.762113
v 0.000000 0.425579 -0.879773
v 0.000000 0.425579 -0.762113
v -0.796594 0.425579 -0.879773
v -0.796594 0.425579 -0.762113
v 0.796594 0.425579 -0.879773
vn -0.9800 0.1992 -0.0000
vn 0.9800 0.1992 -0.0000
vn -0.0000 0.1992 -0.9800
vn -0.0000 0.1992 0.9800
vn -0.0000 -1.0000 -0.0000
vn -0.0000 1.0000 -0.0000
vn -0.0000 -0.0000 -1.0000
vn -0.0000 -0.0000 1.0000
vn 1.0000 -0.0000 -0.0000
vn -1.0000 -0.0000 -0.0000
vn -0.0000 0.0375 0.9993
vn -0.0000 0.0279 -0.9996
vn -0.9993 0.0375 -0.0000
vn 0.9996 0.0279 -0.0000
vn -0.0000 0.0375 -0.9993
vn -0.0000 0.0279 0.9996
vn 0.9993 0.0375 -0.0000
vn -0.9996 0.0279 -0.0000
vn -0.0000 0.1591 -0.9873
vn -0.0000 0.1591 0.9873
vn 0.9800 -0.1992 -0.0000
vn -0.0000 0.0626 -0.9980
vn -0.0000 0.0550 0.9985
vn 0.9873 0.1591 -0.0000
vn -0.9873 0.1591 -0.0000
vn -0.0000 -0.1992 -0.9800
vn 0.9980 0.0626 -0.0000
vn 0.9980 0.0627 -0.0000
vn -0.9985 0.0550 -0.0000
vn -0.0000 -0.1992 0.9800
vn -0.9800 -0.1992 -0.0000
vn -0.0000 0.0626 0.9980
vn -0.0000 0.0550 -0.9985
vn -0.9980 0.0627 -0.0000
vn 0.9985 0.0550 -0.0000
vn -0.9980 0.0626 -0.0000
vt 0.376736 0.572227
vt 0.376736 0.517174
vt 0.390654 0.575054
vt 0.390654 0.514347
vt 0.862081 0.542316
vt 0.848163 0.600196
vt 0.848163 0.539489
vt 0.862081 0.597369
vt 0.886383 0.260613
vt 0.872467 0.318493
vt 0.872467 0.257786
vt 0.886383 0.315666
vt 0.862081 0.536663
vt 0.862081 0.481609
vt 0.875997 0.539489
vt 0.875997 0.478783
vt 0.240187 0.780485
vt 0.179480 0.719778
vt 0.240187 0.719778
vt 0.179480 0.780485
vt 0.816715 0.739297
vt 0.761661 0.684243
vt 0.816715 0.684243
vt 0.761661 0.739297
vt 0.836198 0.059493
vt 0.836198 0.012224
vt 0.854036 0.059493
vt 0.854036 0.012224
vt 0.830401 0.059493
vt 0.833300 0.012224
vt 0.833300 0.059493
vt 0.830401 0.012224
vt 0.827503 0.059493
vt 0.827503 0.012224
vt 0.824605 0.059493
vt 0.824605 0.012224
vt 0.806767 0.059493
vt 0.806767 0.012224
vt 0.501663 0.631469
vt 0.498765 0.538231
vt 0.501663 0.538231
vt 0.504561 0.538231
vt 0.505354 0.631469
vt 0.507460 0.538231
vt 0.509045 0.631469
vt 0.582783 0.568528
vt 0.585681 0.661766
vt 0.582783 0.661766
vt 0.579884 0.661766
vt 0.579092 0.568528
vt 0.576986 0.661766
vt 0.575401 0.568528
vt 0.586474 0.568528
vt 0.588579 0.661766
vt 0.559148 0.661766
vt 0.559148 0.568528
vt 0.497972 0.631469
vt 0.495867 0.538231
vt 0.525298 0.538231
vt 0.525298 0.631469
vt 0.328610 0.711930
vt 0.375879 0.618693
vt 0.375879 0.711930
vt 0.328610 0.618693
vt 0.494281 0.631469
vt 0.478029 0.538231
vt 0.478029 0.631469
vt 0.722751 0.371292
vt 0.675483 0.464530
vt 0.675483 0.371292
vt 0.722751 0.464530
vt 0.590165 0.568528
vt 0.606417 0.661766
vt 0.606417 0.568528
vt 0.834245 0.664335
vt 0.834245 0.609282
vt 0.848163 0.667162
vt 0.848163 0.606455
vt 0.872467 0.139199
vt 0.858550 0.197079
vt 0.858550 0.136373
vt 0.872467 0.194253
vt 0.886384 0.199906
vt 0.872467 0.257786
vt 0.872467 0.197079
vt 0.886384 0.254960
vt 0.858550 0.315666
vt 0.858550 0.260613
vt 0.872467 0.318493
vt 0.653686 0.722473
vt 0.592979 0.783180
vt 0.592979 0.722473
vt 0.653686 0.783180
vt 0.240187 0.780485
vt 0.185134 0.835539
vt 0.185134 0.780485
vt 0.240187 0.835539
vt 0.063127 0.816592
vt 0.015858 0.816592
vt 0.063127 0.798754
vt 0.015858 0.798754
vt 0.063127 0.822389
vt 0.015858 0.819490
vt 0.063127 0.819490
vt 0.015858 0.828185
vt 0.063127 0.828185
vt 0.015858 0.846023
vt 0.015858 0.822389
vt 0.063127 0.825287
vt 0.015858 0.825287
vt 0.063127 0.846023
vt 0.120450 0.556093
vt 0.117551 0.410856
vt 0.120450 0.410856
vt 0.123348 0.410856
vt 0.124141 0.556093
vt 0.126246 0.410856
vt 0.127832 0.556093
vt 0.547659 0.132818
vt 0.550557 0.278054
vt 0.547659 0.278054
vt 0.544760 0.278054
vt 0.543968 0.132818
vt 0.541862 0.278054
vt 0.540277 0.132818
vt 0.551350 0.132818
vt 0.553455 0.278054
vt 0.524024 0.278054
vt 0.524024 0.132818
vt 0.116759 0.556093
vt 0.114653 0.410856
vt 0.144084 0.410856
vt 0.144084 0.556093
vt 0.606417 0.568528
vt 0.653686 0.423291
vt 0.653686 0.568528
vt 0.606417 0.423291
vt 0.113067 0.556093
vt 0.096815 0.410856
vt 0.096815 0.556093
vt 0.618562 0.132818
vt 0.571293 0.278054
vt 0.571293 0.132818
vt 0.618562 0.278054
vt 0.555041 0.132818
vt 0.571293 0.278054
vt 0.571293 0.132818
vt 0.463254 0.697630
vt 0.477172 0.639750
vt 0.477172 0.700457
vt 0.463254 0.642576
vt 0.278202 0.794235
vt 0.264285 0.852115
vt 0.264285 0.791408
vt 0.278202 0.849288
vt 0.879512 0.802830
vt 0.865595 0.860710
vt 0.865595 0.800004
vt 0.879512 0.857884
vt 0.858550 0.254960
vt 0.858550 0.199906
vt 0.872467 0.197079
vt 0.240187 0.659072
vt 0.240187 0.719778
vt 0.179480 0.719778
vt 0.179480 0.659072
vt 0.185134 0.835539
vt 0.130080 0.780485
vt 0.130080 0.835539
vt 0.384986 0.788188
vt 0.435391 0.788188
vt 0.389028 0.793757
vt 0.431349 0.793757
vt 0.618562 0.278054
vt 0.664925 0.272485
vt 0.668967 0.278054
vt 0.622604 0.272485
vt 0.618562 0.227649
vt 0.622604 0.233219
vt 0.668967 0.227649
vt 0.664925 0.233219
vt 0.384986 0.838593
vt 0.389028 0.833024
vt 0.435391 0.838593
vt 0.859462 0.744950
vt 0.841624 0.792219
vt 0.841624 0.744950
vt 0.859462 0.792219
vt 0.835828 0.792219
vt 0.838726 0.744950
vt 0.838726 0.792219
vt 0.830031 0.744950
vt 0.832929 0.792219
vt 0.830031 0.792219
vt 0.835828 0.744950
vt 0.832929 0.744950
vt 0.812193 0.744950
vt 0.812193 0.792219
vt 0.142947 0.649331
vt 0.140048 0.556093
vt 0.142947 0.556093
vt 0.145845 0.556093
vt 0.146638 0.649331
vt 0.148743 0.556093
vt 0.150329 0.649331
vt 0.203115 0.565834
vt 0.206013 0.659072
vt 0.203115 0.659072
vt 0.200216 0.659072
vt 0.199423 0.565834
vt 0.197318 0.659072
vt 0.195732 0.565834
vt 0.206806 0.565834
vt 0.208911 0.659072
vt 0.179480 0.659072
vt 0.179480 0.565834
vt 0.139255 0.649331
vt 0.137150 0.556093
vt 0.166581 0.556093
vt 0.166581 0.649331
vt 0.072043 0.742569
vt 0.119312 0.649331
vt 0.119312 0.742569
vt 0.072043 0.649331
vt 0.135564 0.649331
vt 0.119312 0.556093
vt 0.119312 0.649331
vt 0.663063 0.039580
vt 0.615794 0.132818
vt 0.615794 0.039580
vt 0.663063 0.132818
vt 0.210497 0.565834
vt 0.226749 0.659072
vt 0.226749 0.565834
vt 0.247150 0.774787
vt 0.240187 0.825192
vt 0.240187 0.774787
vt 0.247150 0.825192
vt 0.431349 0.833024
vt 0.643647 0.000313
vt 0.636684 0.039580
vt 0.636684 0.000313
vt 0.643647 0.039580
vt 0.435391 0.838593
vt 0.428427 0.880914
vt 0.428427 0.838593
vt 0.435391 0.880914
vt 0.017811 0.739316
vt 0.024775 0.688911
vt 0.024775 0.739316
vt 0.017811 0.688911
vt 0.713099 0.175139
vt 0.720063 0.132818
vt 0.720063 0.175139
vt 0.713099 0.132818
vt 0.400651 0.514347
vt 0.393687 0.564753
vt 0.393687 0.514347
vt 0.400651 0.564753
vt 0.615794 0.039580
vt 0.615794 0.000313
vt 0.622757 0.000313
vt 0.622757 0.039580
vt 0.713099 0.226055
vt 0.720063 0.175650
vt 0.720063 0.226055
vt 0.713099 0.175650
vt 0.248066 0.832667
vt 0.248066 0.777614
vt 0.261984 0.835494
vt 0.261984 0.774787
vt 0.080960 0.801581
vt 0.067042 0.859461
vt 0.067042 0.798754
vt 0.080960 0.856634
vt 0.886384 0.139199
vt 0.872467 0.197079
vt 0.872467 0.136373
vt 0.886384 0.194253
vt 0.859462 0.789392
vt 0.859462 0.734339
vt 0.873379 0.792219
vt 0.873379 0.731512
vt 0.586004 0.749618
vt 0.525298 0.688911
vt 0.586004 0.688911
vt 0.525298 0.749618
vt 0.805635 0.431514
vt 0.750582 0.376460
vt 0.805635 0.376460
vt 0.750582 0.431514
vt 0.683117 0.803572
vt 0.683117 0.756304
vt 0.700955 0.803572
vt 0.700955 0.756304
vt 0.677320 0.803572
vt 0.680218 0.756304
vt 0.680218 0.803572
vt 0.674422 0.756304
vt 0.671524 0.803572
vt 0.671524 0.756304
vt 0.677320 0.756304
vt 0.674422 0.803572
vt 0.653686 0.803572
vt 0.653686 0.756304
vt 0.304973 0.641985
vt 0.307871 0.548747
vt 0.308664 0.641985
vt 0.302075 0.548747
vt 0.304973 0.548747
vt 0.310770 0.548747
vt 0.312355 0.641985
vt 0.642196 0.132818
vt 0.639298 0.226055
vt 0.638505 0.132818
vt 0.645095 0.226055
vt 0.642196 0.226055
vt 0.636400 0.226055
vt 0.634814 0.132818
vt 0.645887 0.132818
vt 0.647993 0.226055
vt 0.618562 0.226055
vt 0.301282 0.641985
vt 0.299177 0.548747
vt 0.328607 0.548747
vt 0.328607 0.641985
vt 0.119312 0.742569
vt 0.166581 0.649331
vt 0.166581 0.742569
vt 0.119312 0.649331
vt 0.297591 0.641985
vt 0.281339 0.548747
vt 0.281339 0.641985
vt 0.432255 0.578058
vt 0.384986 0.671296
vt 0.384986 0.578058
vt 0.432255 0.671296
vt 0.649578 0.132818
vt 0.665831 0.226055
vt 0.665831 0.132818
vt 0.862081 0.481609
vt 0.862081 0.536663
vt 0.848163 0.539489
vt 0.848163 0.478783
vt 0.848163 0.539489
vt 0.834245 0.481609
vt 0.848163 0.478783
vt 0.834245 0.536663
vt 0.873379 0.731512
vt 0.887296 0.789392
vt 0.873379 0.792219
vt 0.887296 0.734339
vt 0.862081 0.597369
vt 0.862081 0.542316
vt 0.875997 0.539489
vt 0.875997 0.600196
vt 0.761661 0.684243
vt 0.700954 0.744950
vt 0.700954 0.684243
vt 0.761661 0.744950
vt 0.329742 0.768116
vt 0.384796 0.823169
vt 0.329742 0.823169
vt 0.384796 0.768116
vt 0.366958 0.870438
vt 0.364060 0.823169
vt 0.366958 0.823169
vt 0.384796 0.870438
vt 0.364060 0.870438
vt 0.361161 0.823169
vt 0.337527 0.870438
vt 0.355365 0.823169
vt 0.355365 0.870438
vt 0.358263 0.823169
vt 0.358263 0.870438
vt 0.361161 0.870438
vt 0.337527 0.823169
vt 0.384796 0.823169
vt 0.095678 0.649331
vt 0.092779 0.556093
vt 0.095678 0.556093
vt 0.098576 0.556093
vt 0.099369 0.649331
vt 0.091987 0.649331
vt 0.089881 0.556093
vt 0.677320 0.568528
vt 0.680218 0.661766
vt 0.677320 0.661766
vt 0.674422 0.661766
vt 0.673629 0.568528
vt 0.681011 0.568528
vt 0.683117 0.661766
vt 0.671524 0.661766
vt 0.669938 0.568528
vt 0.684702 0.568528
vt 0.700955 0.661766
vt 0.700955 0.568528
vt 0.101474 0.556093
vt 0.103060 0.649331
vt 0.088296 0.649331
vt 0.072043 0.556093
vt 0.072043 0.649331
vt 0.525298 0.724707
vt 0.478029 0.631469
vt 0.525298 0.631469
vt 0.478029 0.724707
vt 0.119312 0.556093
vt 0.119312 0.649331
vt 0.665831 0.132818
vt 0.713099 0.226055
vt 0.665831 0.226055
vt 0.713099 0.132818
vt 0.653686 0.661766
vt 0.653686 0.568528
vt 0.867953 0.019446
vt 0.854036 0.077326
vt 0.854036 0.016620
vt 0.867953 0.074500
vt 0.848163 0.606455
vt 0.834245 0.548575
vt 0.848163 0.545748
vt 0.834245 0.603628
vt 0.872467 0.358583
vt 0.886383 0.416463
vt 0.872467 0.419289
vt 0.886383 0.361409
vt 0.001701 0.871049
vt 0.001701 0.815996
vt 0.015618 0.813169
vt 0.015618 0.873876
vt 0.464591 0.724707
vt 0.525298 0.785414
vt 0.464591 0.785414
vt 0.525298 0.724707
vt 0.653686 0.838233
vt 0.598633 0.783180
vt 0.653686 0.783180
vt 0.598633 0.838233
vt 0.757140 0.820740
vt 0.804409 0.817841
vt 0.804409 0.820740
vt 0.757140 0.823638
vt 0.804409 0.847272
vt 0.757140 0.829434
vt 0.804409 0.829435
vt 0.757140 0.826536
vt 0.804409 0.826536
vt 0.804409 0.823638
vt 0.757140 0.847272
vt 0.757140 0.800004
vt 0.804409 0.800004
vt 0.757140 0.817841
vt 0.048409 0.556093
vt 0.045511 0.410856
vt 0.048409 0.410856
vt 0.051307 0.410856
vt 0.052100 0.556093
vt 0.044718 0.556093
vt 0.042612 0.410856
vt 0.582783 0.278054
vt 0.585681 0.423291
vt 0.582783 0.423291
vt 0.579884 0.423291
vt 0.579092 0.278054
vt 0.586474 0.278054
vt 0.588579 0.423291
vt 0.576986 0.423291
vt 0.575401 0.278054
vt 0.590165 0.278054
vt 0.606417 0.423291
vt 0.606417 0.278054
vt 0.054206 0.410856
vt 0.055791 0.556093
vt 0.041027 0.556093
vt 0.024775 0.410856
vt 0.024775 0.556093
vt 0.653686 0.423291
vt 0.606417 0.278054
vt 0.653686 0.278054
vt 0.606417 0.423291
vt 0.072043 0.410856
vt 0.072043 0.556093
vt 0.559148 0.423291
vt 0.606417 0.568528
vt 0.559148 0.568528
vt 0.559148 0.423291
vt 0.559148 0.278054
vt 0.862081 0.664335
vt 0.848163 0.667162
vt 0.862081 0.609282
vt 0.459610 0.839174
vt 0.445693 0.781294
vt 0.459610 0.778467
vt 0.445693 0.836348
vt 0.867953 0.016620
vt 0.881870 0.074500
vt 0.867953 0.077326
vt 0.881870 0.019446
vt 0.858550 0.416463
vt 0.872467 0.358583
vt 0.858550 0.361409
vt 0.592979 0.661766
vt 0.653686 0.722473
vt 0.592979 0.722473
vt 0.653686 0.661766
vt 0.470244 0.840467
vt 0.525298 0.785414
vt 0.525298 0.840467
vt 0.470244 0.785414
vt 0.719372 0.227649
vt 0.719372 0.278054
vt 0.715330 0.272485
vt 0.715330 0.233219
vt 0.328607 0.841813
vt 0.282244 0.836244
vt 0.324566 0.836244
vt 0.328607 0.791408
vt 0.282244 0.796978
vt 0.278202 0.791408
vt 0.324566 0.796978
vt 0.668967 0.278054
vt 0.673009 0.272485
vt 0.525298 0.853072
vt 0.525298 0.805803
vt 0.543135 0.853072
vt 0.546034 0.805803
vt 0.546034 0.853072
vt 0.543135 0.805803
vt 0.548932 0.805803
vt 0.548932 0.853072
vt 0.551830 0.853072
vt 0.551830 0.805803
vt 0.554729 0.805803
vt 0.554729 0.853072
vt 0.572566 0.805803
vt 0.572566 0.853072
vt 0.250383 0.659072
vt 0.247485 0.565834
vt 0.250383 0.565834
vt 0.253282 0.565834
vt 0.254074 0.659072
vt 0.246692 0.659072
vt 0.244587 0.565834
vt 0.630051 0.568528
vt 0.627153 0.661766
vt 0.626360 0.568528
vt 0.632950 0.661766
vt 0.630051 0.661766
vt 0.633743 0.568528
vt 0.635848 0.661766
vt 0.624255 0.661766
vt 0.622669 0.568528
vt 0.637434 0.568528
vt 0.653686 0.661766
vt 0.653686 0.568528
vt 0.256180 0.565834
vt 0.257766 0.659072
vt 0.243001 0.659072
vt 0.226749 0.565834
vt 0.226749 0.659072
vt 0.072043 0.742569
vt 0.024775 0.649331
vt 0.072043 0.649331
vt 0.024775 0.742569
vt 0.274018 0.565834
vt 0.274018 0.659072
vt 0.675483 0.278054
vt 0.722751 0.371292
vt 0.675483 0.371292
vt 0.722751 0.278054
vt 0.606417 0.661766
vt 0.606417 0.568528
vt 0.168777 0.772619
vt 0.168777 0.722214
vt 0.175740 0.772619
vt 0.175740 0.722214
vt 0.668967 0.227649
vt 0.673009 0.233219
vt 0.622757 0.039580
vt 0.622757 0.000313
vt 0.629721 0.039580
vt 0.629721 0.000313
vt 0.391949 0.838593
vt 0.391949 0.880914
vt 0.384986 0.838593
vt 0.384986 0.880914
vt 0.278202 0.841813
vt 0.442354 0.788188
vt 0.442354 0.838593
vt 0.435391 0.788188
vt 0.435391 0.838593
vt 0.435391 0.880914
vt 0.435391 0.838593
vt 0.442354 0.880914
vt 0.442354 0.838593
vt 0.280981 0.664462
vt 0.280981 0.714868
vt 0.274018 0.664462
vt 0.274018 0.714868
vt 0.636684 0.000314
vt 0.636684 0.039580
vt 0.629721 0.000314
vt 0.629721 0.039580
vt 0.168777 0.722214
vt 0.168777 0.671808
vt 0.175740 0.722214
vt 0.175740 0.671808
vt 0.865595 0.802830
vt 0.851678 0.860710
vt 0.851678 0.800004
vt 0.865595 0.857884
vt 0.598633 0.843886
vt 0.584715 0.786006
vt 0.598633 0.783180
vt 0.584715 0.841060
vt 0.889914 0.597369
vt 0.889914 0.542316
vt 0.862081 0.658076
vt 0.862081 0.603023
vt 0.875998 0.600196
vt 0.875998 0.660903
vt 0.445693 0.671296
vt 0.384986 0.732002
vt 0.445693 0.732002
vt 0.757140 0.800004
vt 0.812193 0.744950
vt 0.812193 0.800004
vt 0.757140 0.744950
vt 0.683117 0.709035
vt 0.683117 0.661766
vt 0.700955 0.709035
vt 0.680218 0.661766
vt 0.680218 0.709035
vt 0.677320 0.661766
vt 0.653686 0.709035
vt 0.671524 0.661766
vt 0.671524 0.709035
vt 0.674422 0.661766
vt 0.674422 0.709035
vt 0.677320 0.709035
vt 0.653686 0.661766
vt 0.700955 0.661766
vt 0.048409 0.649331
vt 0.051307 0.556093
vt 0.052100 0.649331
vt 0.045511 0.556093
vt 0.048409 0.556093
vt 0.044718 0.649331
vt 0.042612 0.556093
vt 0.686697 0.039580
vt 0.683799 0.132818
vt 0.683006 0.039580
vt 0.689595 0.132818
vt 0.686697 0.132818
vt 0.690388 0.039580
vt 0.692494 0.132818
vt 0.680901 0.132818
vt 0.679315 0.039580
vt 0.694079 0.039580
vt 0.710332 0.132818
vt 0.710332 0.039580
vt 0.054205 0.556093
vt 0.055791 0.649331
vt 0.041027 0.649331
vt 0.024775 0.556093
vt 0.024775 0.649331
vt 0.328607 0.735223
vt 0.281339 0.641985
vt 0.328608 0.641985
vt 0.281339 0.735223
vt 0.072043 0.556093
vt 0.072043 0.649331
vt 0.675483 0.467734
vt 0.722751 0.560971
vt 0.675483 0.560971
vt 0.722751 0.467734
vt 0.663063 0.132818
vt 0.663063 0.039580
vt 0.105063 0.975361
vt 0.110782 0.966223
vt 0.110782 0.975361
vt 0.105063 0.966223
vt 0.200157 0.936643
vt 0.205876 0.923522
vt 0.205876 0.936643
vt 0.200157 0.923522
vt 0.211595 0.923522
vt 0.211595 0.936643
vt 0.592479 0.984040
vt 0.586760 0.975423
vt 0.592479 0.975423
vt 0.586760 0.984040
vt 0.563885 0.975423
vt 0.569604 0.984040
vt 0.563885 0.984040
vt 0.569604 0.975423
vt 0.731315 0.897813
vt 0.739931 0.884692
vt 0.739931 0.897813
vt 0.731315 0.884692
vt 0.643947 0.983745
vt 0.649666 0.975423
vt 0.649666 0.983745
vt 0.643947 0.975423
vt 0.655385 0.975423
vt 0.649666 0.983745
vt 0.649666 0.975423
vt 0.655385 0.983745
vt 0.116500 0.975361
vt 0.110782 0.975361
vt 0.116500 0.966223
vt 0.923515 0.524433
vt 0.931837 0.533571
vt 0.923515 0.533571
vt 0.931837 0.524433
vt 0.085782 0.936643
vt 0.091500 0.923522
vt 0.091500 0.936643
vt 0.085782 0.923522
vt 0.097219 0.923522
vt 0.097219 0.936643
vt 0.091500 0.936643
vt 0.091500 0.923522
vt 0.398040 0.984040
vt 0.392321 0.975423
vt 0.398040 0.975423
vt 0.392321 0.984040
vt 0.398040 0.975423
vt 0.403759 0.975423
vt 0.403759 0.984040
vt 0.398040 0.984040
vt 0.889914 0.600196
vt 0.889914 0.587075
vt 0.898531 0.587075
vt 0.898531 0.600196
vt 0.923515 0.555830
vt 0.929234 0.542709
vt 0.929234 0.555830
vt 0.923515 0.542709
vt 0.929234 0.555830
vt 0.923515 0.568951
vt 0.923515 0.555830
vt 0.929234 0.568951
vt 0.478103 0.984040
vt 0.472384 0.975423
vt 0.478103 0.975423
vt 0.472384 0.984040
vt 0.489541 0.975423
vt 0.495259 0.984040
vt 0.489541 0.984040
vt 0.495259 0.975423
vt 0.244728 0.896741
vt 0.253345 0.883619
vt 0.253345 0.896741
vt 0.244728 0.883619
vt 0.552881 0.688911
vt 0.531272 0.573196
vt 0.552881 0.573196
vt 0.559148 0.573196
vt 0.559148 0.688911
vt 0.531272 0.688911
vt 0.525298 0.688911
vt 0.525298 0.573196
vt -0.000000 0.410856
vt 0.072043 0.295141
vt 0.072043 0.410856
vt 0.000000 0.295141
vt 0.072043 0.295141
vt 0.144084 0.295141
vt 0.144084 0.410856
vt 0.072043 0.410856
vt 0.923515 0.647679
vt 0.929234 0.660800
vt 0.923515 0.660800
vt 0.929234 0.647679
vt 0.929234 0.673922
vt 0.923515 0.660800
vt 0.929234 0.660800
vt 0.923515 0.673922
vt 0.369446 0.984040
vt 0.375165 0.975423
vt 0.375165 0.984040
vt 0.369446 0.975423
vt 0.380883 0.975423
vt 0.380883 0.984040
vt 0.723023 0.897813
vt 0.714407 0.884692
vt 0.723023 0.884692
vt 0.714407 0.897813
vt 0.010860 0.688911
vt 0.016579 0.697232
vt 0.010860 0.697232
vt 0.059313 0.975361
vt 0.065031 0.966223
vt 0.065031 0.975361
vt 0.059313 0.966223
vt 0.070750 0.966223
vt 0.065031 0.975361
vt 0.065031 0.966223
vt 0.070750 0.975361
vt 0.815905 0.060683
vt 0.825043 0.069005
vt 0.815905 0.069005
vt 0.923515 0.805134
vt 0.929234 0.818255
vt 0.923515 0.818256
vt 0.929234 0.805134
vt 0.929234 0.818255
vt 0.923515 0.831377
vt 0.923515 0.818255
vt 0.929234 0.831377
vt 0.116500 0.975361
vt 0.122219 0.966223
vt 0.122219 0.975361
vt 0.116500 0.966223
vt 0.099344 0.966223
vt 0.093625 0.975361
vt 0.093625 0.966223
vt 0.099344 0.975361
vt 0.271122 0.787908
vt 0.261984 0.774787
vt 0.271122 0.774787
vt 0.261984 0.787908
vt 0.062907 0.923522
vt 0.068625 0.936643
vt 0.062907 0.936643
vt 0.068625 0.923522
vt 0.074344 0.936643
vt 0.068625 0.923522
vt 0.074344 0.923522
vt 0.068625 0.936643
vt 0.277945 0.984040
vt 0.283664 0.975423
vt 0.283664 0.984040
vt 0.277945 0.975423
vt 0.306539 0.975423
vt 0.300820 0.984040
vt 0.300820 0.975423
vt 0.306539 0.984040
vt 0.402992 0.900056
vt 0.394376 0.886934
vt 0.402992 0.886934
vt 0.394376 0.900056
vt 0.097219 0.923522
vt 0.102938 0.936643
vt 0.097219 0.936643
vt 0.102938 0.923522
vt 0.108657 0.936643
vt 0.102938 0.923522
vt 0.108657 0.923522
vt 0.102938 0.936643
vt 0.312258 0.975423
vt 0.312258 0.984040
vt 0.409477 0.975423
vt 0.403759 0.984040
vt 0.403759 0.975423
vt 0.409477 0.984040
vt 0.900129 0.090448
vt 0.891513 0.077326
vt 0.900129 0.077326
vt 0.891513 0.090448
vt 0.223032 0.923522
vt 0.228751 0.936643
vt 0.223032 0.936643
vt 0.228751 0.923522
vt 0.234470 0.936643
vt 0.228751 0.923522
vt 0.234470 0.923522
vt 0.228751 0.936643
vt 0.621073 0.984040
vt 0.626791 0.975423
vt 0.626791 0.984040
vt 0.621073 0.975423
vt 0.638229 0.975423
vt 0.632510 0.984040
vt 0.632510 0.975423
vt 0.638229 0.984040
vt 0.900360 0.013292
vt 0.891743 0.000170
vt 0.900360 0.000170
vt 0.891743 0.013292
vt 0.108657 0.923522
vt 0.114375 0.936643
vt 0.108657 0.936643
vt 0.114376 0.923522
vt 0.120094 0.923522
vt 0.114376 0.936643
vt 0.114376 0.923522
vt 0.120094 0.936643
vt 0.609635 0.984040
vt 0.615354 0.975423
vt 0.615354 0.984040
vt 0.609635 0.975423
vt 0.317977 0.975423
vt 0.312258 0.984040
vt 0.312258 0.975423
vt 0.317977 0.984040
vt 0.900129 0.103569
vt 0.891513 0.103569
vt 0.190494 0.282917
vt 0.212103 0.450119
vt 0.190494 0.450119
vt 0.216128 -0.000000
vt 0.216128 0.167202
vt 0.144084 -0.000000
vt 0.360213 -0.000000
vt 0.360213 0.167202
vt 0.288172 0.167202
vt 0.288172 -0.000000
vt 0.120094 0.936643
vt 0.125813 0.923522
vt 0.125813 0.936643
vt 0.120094 0.923522
vt 0.125813 0.936643
vt 0.125813 0.923522
vt 0.131532 0.923522
vt 0.131532 0.936643
vt 0.500978 0.984040
vt 0.495259 0.984040
vt 0.495259 0.975423
vt 0.500978 0.975423
vt 0.415196 0.975423
vt 0.415196 0.984040
vt 0.746057 0.900640
vt 0.746057 0.887519
vt 0.754673 0.887519
vt 0.754673 0.900640
vt 0.010860 0.705554
vt 0.016579 0.705554
vt 0.016579 0.688911
vt 0.587202 0.757939
vt 0.581483 0.749618
vt 0.587202 0.749618
vt 0.581483 0.757939
vt 0.581483 0.766261
vt 0.587202 0.766261
vt 0.070750 0.966223
vt 0.076469 0.975361
vt 0.070750 0.975361
vt 0.076469 0.966223
vt 0.825043 0.060683
vt 0.815905 0.077326
vt 0.825043 0.077326
vt 0.923515 0.923226
vt 0.929234 0.910104
vt 0.929234 0.923226
vt 0.923515 0.910104
vt 0.000000 0.936643
vt 0.000000 0.923522
vt 0.005719 0.923522
vt 0.005719 0.936643
vt 0.323696 0.984040
vt 0.317977 0.975423
vt 0.323696 0.975423
vt 0.317977 0.984040
vt 0.323696 0.975423
vt 0.329414 0.984040
vt 0.329414 0.975423
vt 0.001701 0.899051
vt 0.010317 0.885930
vt 0.010317 0.899051
vt 0.001701 0.885930
vt 0.923515 0.713285
vt 0.929234 0.700164
vt 0.929234 0.713285
vt 0.923515 0.700164
vt 0.923515 0.726407
vt 0.923515 0.713285
vt 0.929234 0.713285
vt 0.929234 0.726407
vt 0.295102 0.984040
vt 0.289383 0.975423
vt 0.295102 0.975423
vt 0.289383 0.984040
vt 0.329414 0.975423
vt 0.335133 0.984040
vt 0.329414 0.984040
vt 0.335133 0.975423
vt 0.869495 0.898899
vt 0.878111 0.885777
vt 0.878111 0.898899
vt 0.869495 0.885777
vt 0.212103 0.565834
vt 0.218370 0.450119
vt 0.212103 0.282917
vt 0.218370 0.282917
vt 0.218370 0.565834
vt 0.184519 0.282917
vt 0.190494 0.565834
vt 0.184519 0.450119
vt 0.184519 0.565834
vt 0.144084 0.282917
vt 0.216128 0.282917
vt 0.144084 0.167202
vt 0.360213 0.282917
vt 0.288172 0.282917
vt 0.072043 0.000000
vt 0.000000 0.147571
vt 0.000000 0.000000
vt 0.072043 0.147571
vt 0.144084 -0.000000
vt 0.144084 0.147571
vt 0.072043 -0.000000
vt 0.127938 0.975361
vt 0.127938 0.966223
vt 0.211595 0.936643
vt 0.211595 0.923522
vt 0.217313 0.936643
vt 0.217313 0.923522
vt 0.223032 0.923522
vt 0.223032 0.936643
vt 0.217313 0.923522
vt 0.217313 0.936643
vt 0.569604 0.984040
vt 0.575322 0.975423
vt 0.575322 0.984040
vt 0.598198 0.975423
vt 0.592479 0.984040
vt 0.592479 0.975423
vt 0.598198 0.984040
vt 0.889914 0.573954
vt 0.898531 0.573954
vt 0.655385 0.975423
vt 0.661104 0.975423
vt 0.661104 0.983745
vt 0.655385 0.983745
vt 0.666823 0.983745
vt 0.661104 0.983745
vt 0.661104 0.975423
vt 0.666823 0.975423
vt 0.133657 0.966223
vt 0.133657 0.975361
vt 0.923515 0.542709
vt 0.931837 0.533571
vt 0.931837 0.542709
vt 0.923515 0.533571
vt 0.131532 0.936643
vt 0.131532 0.923522
vt 0.137251 0.936643
vt 0.137251 0.923522
vt 0.142969 0.923522
vt 0.142969 0.936643
vt 0.137251 0.923522
vt 0.137251 0.936643
vt 0.415196 0.984040
vt 0.420915 0.975423
vt 0.420915 0.984040
vt 0.426634 0.975423
vt 0.420915 0.984040
vt 0.420915 0.975423
vt 0.426634 0.984040
vt 0.898531 0.573954
vt 0.889914 0.560832
vt 0.898531 0.560832
vt 0.889914 0.573954
vt 0.923515 0.582073
vt 0.923515 0.568951
vt 0.929234 0.582073
vt 0.929234 0.568951
vt 0.929234 0.595194
vt 0.923515 0.595194
vt 0.500978 0.984040
vt 0.506697 0.975423
vt 0.506697 0.984040
vt 0.483822 0.975423
vt 0.483822 0.984040
vt 0.234909 0.896786
vt 0.226292 0.883664
vt 0.234909 0.883664
vt 0.226292 0.896786
vt 0.734805 0.684243
vt 0.728538 0.568528
vt 0.734805 0.568528
vt 0.706929 0.684243
vt 0.706929 0.568528
vt 0.728538 0.684243
vt 0.700955 0.568528
vt 0.700955 0.684243
vt 0.328608 0.282917
vt 0.400651 0.282917
vt 0.400651 0.398632
vt 0.328608 0.398632
vt 0.328608 0.514347
vt 0.400648 0.398632
vt 0.400648 0.514347
vt 0.929234 0.673922
vt 0.929234 0.687043
vt 0.923515 0.687043
vt 0.923515 0.673922
vt 0.929234 0.687043
vt 0.923515 0.700164
vt 0.923515 0.687043
vt 0.929234 0.700164
vt 0.386602 0.975423
vt 0.386602 0.984040
vt 0.392321 0.984040
vt 0.386602 0.984040
vt 0.386602 0.975423
vt 0.392321 0.975423
vt 0.778462 0.883560
vt 0.778462 0.896681
vt 0.769845 0.896681
vt 0.769845 0.883560
vt 0.587202 0.774583
vt 0.581483 0.774583
vt 0.819825 0.555229
vt 0.814106 0.563551
vt 0.814106 0.555229
vt 0.076469 0.966223
vt 0.082188 0.975361
vt 0.076469 0.975361
vt 0.082188 0.966223
vt 0.087907 0.975361
vt 0.082188 0.966223
vt 0.087907 0.966223
vt 0.082188 0.975361
vt 0.815905 0.060683
vt 0.806767 0.069005
vt 0.806767 0.060683
vt 0.929234 0.844498
vt 0.923515 0.844498
vt 0.923515 0.844498
vt 0.929234 0.857619
vt 0.923515 0.857619
vt 0.929234 0.844498
vt 0.133657 0.966223
vt 0.139376 0.966223
vt 0.139376 0.975361
vt 0.133657 0.975361
vt 0.105063 0.975361
vt 0.099344 0.966223
vt 0.105063 0.966223
vt 0.099344 0.975361
vt 0.886178 0.860710
vt 0.877040 0.873832
vt 0.877040 0.860710
vt 0.886178 0.873832
vt 0.080063 0.923522
vt 0.080063 0.936643
vt 0.074344 0.936643
vt 0.074344 0.923522
vt 0.085782 0.923522
vt 0.080063 0.936643
vt 0.080063 0.923522
vt 0.085782 0.936643
vt 0.289383 0.975423
vt 0.289383 0.984040
vt 0.340852 0.984040
vt 0.335133 0.984040
vt 0.335133 0.975423
vt 0.340852 0.975423
vt 0.899685 0.123251
vt 0.891069 0.136373
vt 0.891069 0.123251
vt 0.899685 0.136373
vt 0.148688 0.923522
vt 0.148688 0.936643
vt 0.142969 0.936643
vt 0.142969 0.923522
vt 0.154407 0.923522
vt 0.154407 0.936643
vt 0.340852 0.975423
vt 0.346571 0.975423
vt 0.346571 0.984040
vt 0.340852 0.984040
vt 0.432353 0.984040
vt 0.426634 0.984040
vt 0.426634 0.975423
vt 0.432353 0.975423
vt 0.385759 0.900056
vt 0.385759 0.886934
vt 0.240189 0.923522
vt 0.240189 0.936643
vt 0.234470 0.936643
vt 0.234470 0.923522
vt 0.245907 0.923522
vt 0.240189 0.936643
vt 0.240189 0.923522
vt 0.245907 0.936643
vt 0.626791 0.975423
vt 0.632510 0.984040
vt 0.626791 0.984040
vt 0.632510 0.975423
vt 0.643948 0.984040
vt 0.638229 0.975423
vt 0.643948 0.975423
vt 0.638229 0.984040
vt 0.900129 0.103569
vt 0.891513 0.116690
vt 0.891513 0.103569
vt 0.900129 0.116690
vt 0.160126 0.923522
vt 0.160126 0.936643
vt 0.154407 0.936643
vt 0.154407 0.923522
vt 0.165844 0.936643
vt 0.165845 0.923522
vt 0.615354 0.975423
vt 0.615354 0.984040
vt 0.352289 0.984040
vt 0.346571 0.975423
vt 0.352289 0.975423
vt 0.346571 0.984040
vt 0.428168 0.886826
vt 0.419552 0.899947
vt 0.419552 0.886826
vt 0.428168 0.899947
vt 0.224638 0.282917
vt 0.224638 0.450119
vt 0.218370 0.450119
vt 0.246247 0.282917
vt 0.246247 0.450119
vt 0.252221 0.282917
vt 0.252221 0.450119
vt 0.216128 0.167202
vt 0.432255 -0.000000
vt 0.432255 0.167202
vt 0.171563 0.936643
vt 0.165845 0.936643
vt 0.171563 0.923522
vt 0.177282 0.936643
vt 0.177282 0.923522
vt 0.512416 0.975423
vt 0.506697 0.984040
vt 0.506697 0.975423
vt 0.512416 0.984040
vt 0.432353 0.984040
vt 0.438071 0.975423
vt 0.438071 0.984040
vt 0.432353 0.975423
vt 0.446277 0.887516
vt 0.454893 0.900637
vt 0.446277 0.900637
vt 0.454893 0.887516
vt 0.587202 0.782905
vt 0.581483 0.782905
vt 0.819825 0.571872
vt 0.819825 0.563551
vt 0.814106 0.571872
vt 0.087907 0.975361
vt 0.093625 0.966223
vt 0.093625 0.975361
vt 0.087907 0.966223
vt 0.815905 0.077326
vt 0.806767 0.077326
vt 0.005719 0.923522
vt 0.011438 0.936643
vt 0.005719 0.936643
vt 0.011438 0.923522
vt 0.017156 0.936643
vt 0.017156 0.923522
vt 0.358008 0.975423
vt 0.352289 0.984040
vt 0.352289 0.975423
vt 0.358008 0.984040
vt 0.358008 0.984040
vt 0.363727 0.975423
vt 0.363727 0.984040
vt 0.358008 0.975423
vt 0.234909 0.883664
vt 0.243525 0.896786
vt 0.234909 0.896786
vt 0.243525 0.883664
vt 0.929234 0.739528
vt 0.923515 0.739528
vt 0.929234 0.752649
vt 0.923515 0.739528
vt 0.929234 0.739528
vt 0.923515 0.752649
vt 0.300820 0.975423
vt 0.295102 0.984040
vt 0.295102 0.975423
vt 0.300820 0.984040
vt 0.369446 0.975423
vt 0.402992 0.886934
vt 0.411608 0.900056
vt 0.402992 0.900056
vt 0.411608 0.886934
vt 0.218370 0.282917
vt 0.224638 0.565834
vt 0.246247 0.565834
vt 0.218370 0.565834
vt 0.252221 0.565834
vt 0.216128 0.282917
vt 0.360213 0.282917
vt 0.432255 0.282917
vt 0.360213 0.167202
vt 0.559148 0.278054
vt 0.559148 0.425625
vt 0.552881 0.278054
vt 0.552881 0.573196
vt 0.552881 0.425625
vt 0.559148 0.573196
vt 0.531272 0.278054
vt 0.531272 0.573196
vt 0.531272 0.425625
vt 0.525298 0.278054
vt 0.525298 0.573196
vt 0.525298 0.425625
vt 0.072043 0.295141
vt -0.000000 0.295141
vt 0.072043 0.147571
vt 0.144084 0.295141
vt 0.366859 0.974129
vt 0.360396 0.966223
vt 0.366859 0.966223
vt 0.360396 0.974129
vt 0.373323 0.966223
vt 0.366859 0.974129
vt 0.366859 0.966223
vt 0.373323 0.974129
vt 0.466485 0.953750
vt 0.458579 0.945844
vt 0.466485 0.945844
vt 0.458579 0.953750
vt 0.971083 0.513926
vt 0.977547 0.506019
vt 0.977547 0.513926
vt 0.971083 0.506019
vt 0.656242 0.945844
vt 0.664149 0.953750
vt 0.656242 0.953750
vt 0.664149 0.945844
vt 0.977547 0.205570
vt 0.971083 0.213477
vt 0.971083 0.205570
vt 0.977547 0.213477
vt 0.204620 0.965234
vt 0.198689 0.956033
vt 0.204620 0.956033
vt 0.198689 0.965234
vt 0.210552 0.956033
vt 0.204620 0.965234
vt 0.210552 0.965234
vt 0.063252 0.945844
vt 0.055346 0.936643
vt 0.063252 0.936643
vt 0.055346 0.945844
vt 0.977547 0.166037
vt 0.983478 0.158130
vt 0.983478 0.166037
vt 0.977547 0.158130
vt 0.284635 0.936643
vt 0.292541 0.945844
vt 0.284635 0.945844
vt 0.292541 0.936643
vt 0.850692 0.975423
vt 0.844761 0.983330
vt 0.844761 0.975423
vt 0.850692 0.983330
vt 0.958050 0.991946
vt 0.952331 0.984039
vt 0.958050 0.984039
vt 0.952331 0.991946
vt 0.958050 0.984040
vt 0.963768 0.991946
vt 0.958050 0.991946
vt 0.963768 0.984040
vt 0.959220 0.050947
vt 0.953501 0.061137
vt 0.953501 0.050947
vt 0.959220 0.061137
vt 0.907155 0.254351
vt 0.915061 0.244162
vt 0.915061 0.254351
vt 0.907155 0.244162
vt 0.953501 0.071326
vt 0.959220 0.061137
vt 0.959220 0.071326
vt 0.953501 0.061137
vt 0.915061 0.337705
vt 0.907154 0.347894
vt 0.907154 0.337705
vt 0.915061 0.347894
vt 0.593095 0.966223
vt 0.599559 0.974129
vt 0.593095 0.974129
vt 0.599559 0.966223
vt 0.606023 0.974129
vt 0.606023 0.966223
vt 0.442766 0.953750
vt 0.450672 0.945844
vt 0.450672 0.953750
vt 0.442766 0.945844
vt 0.977547 0.798561
vt 0.971083 0.790654
vt 0.977547 0.790654
vt 0.971083 0.798561
vt 0.387420 0.945844
vt 0.379513 0.953750
vt 0.379513 0.945844
vt 0.387420 0.953750
vt 0.971083 0.513926
vt 0.977547 0.521832
vt 0.971083 0.521832
vt 0.977547 0.513926
vt 0.959220 0.515232
vt 0.965151 0.524433
vt 0.959220 0.524433
vt 0.965151 0.515232
vt 0.965151 0.533634
vt 0.959220 0.524433
vt 0.965151 0.524433
vt 0.959220 0.533634
vt 0.838091 0.945844
vt 0.838091 0.936643
vt 0.845998 0.936643
vt 0.845998 0.945844
vt 0.983478 0.577176
vt 0.977547 0.577176
vt 0.977547 0.569270
vt 0.983478 0.569270
vt 0.569269 0.936643
vt 0.561363 0.945844
vt 0.561363 0.936643
vt 0.569269 0.945844
vt 0.977547 0.166037
vt 0.983478 0.173943
vt 0.977547 0.173943
vt 0.983478 0.166037
vt 0.494828 0.991946
vt 0.500546 0.984040
vt 0.500546 0.991946
vt 0.494828 0.984040
vt 0.506265 0.984040
vt 0.506265 0.991946
vt 0.953501 0.387200
vt 0.947783 0.377011
vt 0.953501 0.377011
vt 0.947783 0.387200
vt 0.226292 0.890645
vt 0.218386 0.880456
vt 0.226292 0.880456
vt 0.218386 0.890645
vt 0.947783 0.387200
vt 0.953501 0.397390
vt 0.947783 0.397390
vt 0.953501 0.387200
vt 0.723408 0.884692
vt 0.731315 0.894881
vt 0.723408 0.894881
vt 0.216483 0.965234
vt 0.216483 0.956033
vt 0.222414 0.956033
vt 0.216483 0.965234
vt 0.222414 0.965234
vt 0.939876 0.138009
vt 0.931969 0.128808
vt 0.939876 0.128808
vt 0.931969 0.138009
vt 0.977547 0.434859
vt 0.983478 0.426952
vt 0.983478 0.434859
vt 0.977547 0.426952
vt 0.007907 0.936643
vt 0.015813 0.945844
vt 0.007907 0.945844
vt 0.015813 0.936643
vt 0.791380 0.975423
vt 0.785448 0.983330
vt 0.785448 0.975423
vt 0.791380 0.983330
vt 0.969487 0.991946
vt 0.963769 0.984039
vt 0.969487 0.984039
vt 0.963769 0.991946
vt 0.969487 0.984040
vt 0.975206 0.991946
vt 0.969487 0.991946
vt 0.975206 0.984040
vt 0.959220 0.173221
vt 0.953501 0.183411
vt 0.953501 0.173221
vt 0.959220 0.183411
vt 0.908301 0.705968
vt 0.916207 0.695778
vt 0.916207 0.705968
vt 0.908301 0.695778
vt 0.947782 0.866107
vt 0.953501 0.855917
vt 0.953501 0.866107
vt 0.947782 0.855917
vt 0.916207 0.685589
vt 0.908301 0.695778
vt 0.908301 0.685589
vt 0.959220 0.533634
vt 0.965151 0.542834
vt 0.959220 0.542834
vt 0.965151 0.533634
vt 0.965151 0.552035
vt 0.959220 0.542834
vt 0.965151 0.542834
vt 0.959220 0.552035
vt 0.324167 0.945844
vt 0.324167 0.936643
vt 0.332074 0.936643
vt 0.332074 0.945844
vt 0.983478 0.442765
vt 0.977547 0.434859
vt 0.977547 0.442765
vt 0.102785 0.936643
vt 0.102785 0.945844
vt 0.094878 0.945844
vt 0.094878 0.936643
vt 0.977547 0.442765
vt 0.983478 0.450672
vt 0.977547 0.450672
vt 0.511984 0.984040
vt 0.511984 0.991946
vt 0.517703 0.984040
vt 0.517703 0.991946
vt 0.953501 0.326063
vt 0.947782 0.315874
vt 0.953501 0.315874
vt 0.947782 0.326063
vt 0.909216 0.060751
vt 0.901310 0.060751
vt 0.901310 0.050562
vt 0.909216 0.050562
vt 0.947782 0.213979
vt 0.953501 0.224169
vt 0.947782 0.224169
vt 0.953501 0.213979
vt 0.411608 0.897124
vt 0.419515 0.907313
vt 0.411608 0.907313
vt 0.419515 0.897124
vt 0.959220 0.883255
vt 0.965151 0.892456
vt 0.959220 0.892456
vt 0.965151 0.883255
vt 0.965151 0.901657
vt 0.959220 0.892456
vt 0.965151 0.892456
vt 0.959220 0.901657
vt 0.269627 0.923522
vt 0.261720 0.932723
vt 0.261720 0.923522
vt 0.269627 0.932723
vt 0.983478 0.347887
vt 0.989409 0.355794
vt 0.983478 0.355794
vt 0.989409 0.347887
vt 0.293346 0.932723
vt 0.301253 0.923522
vt 0.301253 0.932723
vt 0.293346 0.923522
vt 0.077107 0.991946
vt 0.071175 0.984040
vt 0.077107 0.984040
vt 0.071175 0.991946
vt 0.989409 0.545553
vt 0.995128 0.537647
vt 0.995128 0.545553
vt 0.989409 0.537647
vt 0.995128 0.545553
vt 0.989409 0.553460
vt 0.989409 0.545553
vt 0.995128 0.553460
vt 0.953501 0.071326
vt 0.959220 0.081516
vt 0.953501 0.081516
vt 0.959220 0.071326
vt 0.908301 0.621867
vt 0.916207 0.632057
vt 0.908301 0.632057
vt 0.916207 0.621867
vt 0.959220 0.285305
vt 0.953501 0.275116
vt 0.959220 0.275116
vt 0.953501 0.285305
vt 0.731477 0.917690
vt 0.723571 0.907501
vt 0.731477 0.907501
vt 0.723571 0.917690
vt 0.441873 0.965234
vt 0.435942 0.956033
vt 0.441873 0.956033
vt 0.435942 0.965234
vt 0.441873 0.965234
vt 0.441873 0.956033
vt 0.447804 0.956033
vt 0.447804 0.965234
vt 0.332073 0.936643
vt 0.339980 0.945844
vt 0.332073 0.945844
vt 0.339980 0.936643
vt 0.083038 0.984040
vt 0.077107 0.991946
vt 0.077107 0.984040
vt 0.083038 0.991946
vt 0.110691 0.945844
vt 0.102785 0.936643
vt 0.110691 0.936643
vt 0.102785 0.945844
vt 0.791380 0.983330
vt 0.797311 0.975423
vt 0.797311 0.983330
vt 0.791380 0.975423
vt 0.826517 0.984040
vt 0.832236 0.984040
vt 0.832236 0.991946
vt 0.826517 0.991946
vt 0.837955 0.991946
vt 0.832236 0.984039
vt 0.837955 0.984039
vt 0.947782 0.499284
vt 0.953501 0.489095
vt 0.953501 0.499284
vt 0.947782 0.489095
vt 0.920602 0.895167
vt 0.912696 0.905356
vt 0.912696 0.895167
vt 0.920602 0.905356
vt 0.953501 0.529853
vt 0.947782 0.540042
vt 0.947782 0.529853
vt 0.953501 0.540042
vt 0.908301 0.621867
vt 0.916207 0.611678
vt 0.916207 0.621867
vt 0.908301 0.611678
vt 0.772137 0.907301
vt 0.764230 0.917491
vt 0.764230 0.907301
vt 0.772137 0.917491
vt 0.837955 0.984040
vt 0.843674 0.984040
vt 0.843674 0.991946
vt 0.947782 0.550232
vt 0.953501 0.540042
vt 0.953501 0.550232
vt 0.907155 0.182678
vt 0.915061 0.172488
vt 0.915061 0.182678
vt 0.907155 0.172488
vt 0.953501 0.326063
vt 0.947782 0.336253
vt 0.947782 0.326063
vt 0.953501 0.336253
vt 0.849393 0.991946
vt 0.843674 0.984039
vt 0.849393 0.984040
vt 0.160144 0.984040
vt 0.154213 0.991946
vt 0.154213 0.984040
vt 0.160144 0.991946
vt 0.453736 0.965234
vt 0.453736 0.956033
vt 0.447804 0.965234
vt 0.845998 0.936643
vt 0.853904 0.945844
vt 0.845998 0.945844
vt 0.853904 0.936643
vt 0.678685 0.983330
vt 0.684617 0.975423
vt 0.684617 0.983330
vt 0.678685 0.975423
vt 0.577176 0.945844
vt 0.569269 0.936643
vt 0.577176 0.936643
vt 0.453736 0.965234
vt 0.453736 0.956033
vt 0.459667 0.956033
vt 0.459667 0.965234
vt 0.977547 0.458580
vt 0.971083 0.466486
vt 0.971083 0.458580
vt 0.977547 0.466486
vt 0.237582 0.966223
vt 0.237582 0.974129
vt 0.231118 0.974129
vt 0.231118 0.966223
vt 0.031626 0.945844
vt 0.039533 0.953750
vt 0.031626 0.953750
vt 0.039533 0.945844
vt 0.971083 0.086972
vt 0.977547 0.079066
vt 0.977547 0.086972
vt 0.971083 0.079066
vt 0.395326 0.953750
vt 0.387420 0.945844
vt 0.395326 0.945844
vt 0.387420 0.953750
vt 0.244046 0.966223
vt 0.244046 0.974129
vt 0.887007 0.478783
vt 0.887007 0.422597
vt 0.892499 0.478783
vt 0.892499 0.422597
vt 0.892856 0.016620
vt 0.892856 0.072805
vt 0.887363 0.016620
vt 0.887363 0.072805
vt 0.753716 0.801136
vt 0.753716 0.857321
vt 0.748223 0.801136
vt 0.748223 0.857321
vt 0.881490 0.656382
vt 0.881490 0.600196
vt 0.886983 0.656382
vt 0.886983 0.600196
vt 0.072043 0.798754
vt 0.015858 0.742569
vt 0.072043 0.742569
vt 0.015858 0.798754
vt 0.328610 0.768116
vt 0.384796 0.711930
vt 0.384796 0.768116
vt 0.899847 0.782968
vt 0.908301 0.773280
vt 0.908301 0.782968
vt 0.899847 0.773280
vt 0.908583 0.103569
vt 0.900129 0.113257
vt 0.908583 0.113257
vt 0.882056 0.000170
vt 0.891743 0.012116
vt 0.882056 0.012116
vt 0.891743 0.000170
vt 0.898700 0.383731
vt 0.898700 0.371786
vt 0.907155 0.371786
vt 0.907155 0.383731
vt 0.208189 0.892401
vt 0.198501 0.880456
vt 0.208189 0.880456
vt 0.198501 0.892401
vt 0.907155 0.359840
vt 0.907155 0.371786
vt 0.898700 0.371786
vt 0.898700 0.359840
vt 0.867004 0.336637
vt 0.875458 0.318493
vt 0.875458 0.336637
vt 0.867004 0.318493
vt 0.454893 0.857318
vt 0.446439 0.875462
vt 0.446439 0.857318
vt 0.454893 0.875462
vt 0.768983 0.259911
vt 0.778183 0.241767
vt 0.778183 0.259911
vt 0.768983 0.241767
vt 0.923515 0.239215
vt 0.923515 0.230015
vt 0.931969 0.230015
vt 0.931969 0.239215
vt 0.165031 0.760712
vt 0.155831 0.778856
vt 0.155831 0.760712
vt 0.165031 0.778856
vt 0.931969 0.239215
vt 0.931969 0.248416
vt 0.923515 0.248416
vt 0.923515 0.239215
vt 0.898700 0.313383
vt 0.907155 0.302763
vt 0.907155 0.313383
vt 0.898700 0.302763
vt 0.907155 0.266728
vt 0.898700 0.277348
vt 0.898700 0.266728
vt 0.907155 0.277348
vt 0.825086 0.714601
vt 0.835706 0.726655
vt 0.825086 0.726655
vt 0.835706 0.714601
vt 0.157291 0.903778
vt 0.157291 0.891724
vt 0.165746 0.891724
vt 0.165746 0.903778
vt 0.839575 0.012224
vt 0.828954 0.000170
vt 0.839575 0.000170
vt 0.828954 0.012224
vt 0.148837 0.903778
vt 0.148837 0.891724
vt 0.908301 0.815299
vt 0.899847 0.824987
vt 0.899847 0.815299
vt 0.908301 0.824987
vt 0.743259 0.571872
vt 0.751713 0.562185
vt 0.751713 0.571872
vt 0.743259 0.562185
vt 0.886728 0.885777
vt 0.877040 0.873832
vt 0.886728 0.873832
vt 0.877040 0.885777
vt 0.023078 0.906202
vt 0.023078 0.894256
vt 0.031532 0.894256
vt 0.031533 0.906202
vt 0.418480 0.874880
vt 0.428168 0.886826
vt 0.418480 0.886826
vt 0.428168 0.874880
vt 0.096635 0.894256
vt 0.105089 0.906201
vt 0.096635 0.906201
vt 0.105089 0.894256
vt 0.410026 0.856737
vt 0.401572 0.874880
vt 0.401572 0.856737
vt 0.410026 0.874880
vt 0.032766 0.882310
vt 0.041220 0.864167
vt 0.041220 0.882310
vt 0.032766 0.864167
vt 0.643647 0.036601
vt 0.652848 0.018457
vt 0.652848 0.036601
vt 0.643647 0.018457
vt 0.923515 0.194623
vt 0.915061 0.203824
vt 0.915061 0.194623
vt 0.923515 0.203824
vt 0.442728 0.639750
vt 0.433528 0.657893
vt 0.433528 0.639750
vt 0.442728 0.657893
vt 0.923515 0.231227
vt 0.915061 0.222027
vt 0.923515 0.222027
vt 0.915061 0.231227
vt 0.553127 0.895215
vt 0.544673 0.905835
vt 0.544673 0.895215
vt 0.553127 0.905835
vt 0.875997 0.667002
vt 0.884452 0.656382
vt 0.884452 0.667002
vt 0.875997 0.656382
vt 0.733372 0.568163
vt 0.722751 0.556109
vt 0.733372 0.556109
vt 0.722751 0.568163
vt 0.681880 0.868985
vt 0.681880 0.881039
vt 0.673426 0.881039
vt 0.673426 0.868985
vt 0.722751 0.000170
vt 0.733372 0.012224
vt 0.722751 0.012224
vt 0.733372 0.000170
vt 0.692501 0.881039
vt 0.700955 0.868985
vt 0.700955 0.881039
vt 0.692501 0.868985
vt 0.908814 0.003604
vt 0.900360 0.013292
vt 0.900360 0.003604
vt 0.908814 0.013292
vt 0.524024 0.027831
vt 0.532478 0.018144
vt 0.532478 0.027831
vt 0.524024 0.018144
vt 0.374175 0.894437
vt 0.364488 0.882492
vt 0.374175 0.882492
vt 0.364488 0.894437
vt 0.640042 0.894418
vt 0.631588 0.906364
vt 0.631588 0.894418
vt 0.640042 0.906364
vt 0.208189 0.880456
vt 0.217877 0.892401
vt 0.208189 0.892401
vt 0.217877 0.880456
vt 0.620603 0.906364
vt 0.612149 0.894418
vt 0.620603 0.894418
vt 0.612149 0.906364
vt 0.739769 0.848405
vt 0.731315 0.866548
vt 0.731315 0.848405
vt 0.739769 0.866548
vt 0.106322 0.864167
vt 0.114776 0.846023
vt 0.114776 0.864167
vt 0.106322 0.846023
vt 0.428428 0.838593
vt 0.419227 0.856737
vt 0.419227 0.838593
vt 0.428428 0.856737
vt 0.923515 0.335949
vt 0.915061 0.345149
vt 0.915061 0.335949
vt 0.923515 0.345149
vt 0.137429 0.778856
vt 0.146630 0.760712
vt 0.146630 0.778856
vt 0.137429 0.760712
vt 0.915061 0.157797
vt 0.923515 0.148597
vt 0.923515 0.157797
vt 0.915061 0.148597
vt 0.908301 0.653297
vt 0.899847 0.663917
vt 0.899847 0.653297
vt 0.908301 0.663917
vt 0.081876 0.555335
vt 0.090330 0.544715
vt 0.090330 0.555335
vt 0.081876 0.544715
vt 0.846284 0.077326
vt 0.835663 0.065273
vt 0.846284 0.065273
vt 0.835663 0.077326
vt 0.491481 0.888808
vt 0.483027 0.900862
vt 0.483027 0.888808
vt 0.491481 0.900862
vt 0.807714 0.000170
vt 0.818334 0.012224
vt 0.807714 0.012224
vt 0.818334 0.000170
vt 0.474573 0.900862
vt 0.466119 0.888808
vt 0.474573 0.888808
vt 0.466119 0.900862
vt 0.777076 0.571872
vt 0.785530 0.562185
vt 0.785530 0.571872
vt 0.777076 0.562185
vt 0.908301 0.695778
vt 0.899847 0.705466
vt 0.899847 0.695778
vt 0.908301 0.705466
vt 0.134288 0.880456
vt 0.143976 0.892401
vt 0.134288 0.892401
vt 0.143976 0.880456
vt 0.350468 0.894437
vt 0.342014 0.906383
vt 0.342014 0.894437
vt 0.350468 0.906383
vt 0.185134 0.892401
vt 0.175446 0.880456
vt 0.185134 0.880456
vt 0.175446 0.892401
vt 0.898531 0.572778
vt 0.898531 0.560832
vt 0.906985 0.560832
vt 0.906985 0.572778
vt 0.392372 0.874880
vt 0.400826 0.856737
vt 0.400826 0.874880
vt 0.392372 0.856737
vt 0.114776 0.864167
vt 0.106322 0.882310
vt 0.106322 0.864167
vt 0.114776 0.882310
vt 0.463254 0.639750
vt 0.454053 0.657893
vt 0.454053 0.639750
vt 0.463254 0.657893
vt 0.923515 0.212826
vt 0.915061 0.222027
vt 0.915061 0.212826
vt 0.923515 0.222027
vt 0.444853 0.657893
vt 0.454053 0.639750
vt 0.454053 0.657893
vt 0.444853 0.639750
vt 0.915061 0.357095
vt 0.915061 0.347894
vt 0.923515 0.347894
vt 0.923515 0.357095
vt 0.823848 0.906126
vt 0.832302 0.895505
vt 0.832302 0.906126
vt 0.823848 0.895505
vt 0.907154 0.313383
vt 0.898700 0.324003
vt 0.907154 0.324003
vt 0.681880 0.868985
vt 0.692501 0.881039
vt 0.681880 0.881039
vt 0.692501 0.868985
vt 0.904789 0.883113
vt 0.896335 0.895167
vt 0.896335 0.883113
vt 0.904789 0.895167
vt 0.672760 0.881039
vt 0.662140 0.868985
vt 0.672760 0.868985
vt 0.662140 0.881039
vt 0.429661 0.904914
vt 0.438115 0.892860
vt 0.438115 0.904914
vt 0.429661 0.892860
vt 0.812863 0.883560
vt 0.821317 0.865416
vt 0.821317 0.883560
vt 0.812863 0.865416
vt 0.812863 0.865416
vt 0.804409 0.883560
vt 0.804409 0.865416
vt 0.812863 0.883560
vt 0.759782 0.259911
vt 0.768983 0.241767
vt 0.768983 0.259911
vt 0.759782 0.241767
vt 0.923515 0.414026
vt 0.931969 0.423227
vt 0.923515 0.423227
vt 0.931969 0.414026
vt 0.856877 0.726655
vt 0.847676 0.744799
vt 0.847676 0.726655
vt 0.856877 0.744799
vt 0.931969 0.423227
vt 0.931969 0.432427
vt 0.923515 0.432427
vt 0.228346 0.965234
vt 0.228346 0.956033
vt 0.234277 0.956033
vt 0.228346 0.965234
vt 0.234277 0.965234
vt 0.585888 0.932722
vt 0.577981 0.923522
vt 0.585888 0.923522
vt 0.577981 0.932722
vt 0.977547 0.585083
vt 0.983478 0.577176
vt 0.983478 0.585083
vt 0.977547 0.577176
vt 0.292541 0.936643
vt 0.300448 0.945844
vt 0.292541 0.945844
vt 0.300448 0.936643
vt 0.690548 0.975423
vt 0.684617 0.983330
vt 0.684617 0.975423
vt 0.690548 0.983330
vt 0.907155 0.233972
vt 0.915061 0.244162
vt 0.907155 0.244162
vt 0.915061 0.233972
vt 0.989409 0.561366
vt 0.995128 0.553460
vt 0.995128 0.561366
vt 0.989409 0.553460
vt 0.953501 0.285305
vt 0.959220 0.295495
vt 0.953501 0.295495
vt 0.959220 0.285305
vt 0.303245 0.920615
vt 0.295339 0.910425
vt 0.303245 0.910425
vt 0.295339 0.920615
vt 0.959220 0.010189
vt 0.953501 -0.000000
vt 0.959220 -0.000000
vt 0.953501 0.010189
vt 0.995128 0.561366
vt 0.989409 0.569273
vt 0.989409 0.561366
vt 0.995128 0.569273
vt 0.240208 0.965234
vt 0.240208 0.956033
vt 0.246140 0.956033
vt 0.240208 0.965234
vt 0.246140 0.965234
vt 0.939876 0.147209
vt 0.931969 0.138009
vt 0.939876 0.138009
vt 0.931969 0.147209
vt 0.977547 0.592989
vt 0.983478 0.592989
vt 0.023720 0.945844
vt 0.023720 0.936643
vt 0.755792 0.975423
vt 0.749861 0.983330
vt 0.749861 0.975423
vt 0.755792 0.983330
vt 0.379787 0.974129
vt 0.373323 0.966223
vt 0.379787 0.966223
vt 0.373323 0.974129
vt 0.386251 0.966223
vt 0.379787 0.974129
vt 0.386251 0.974129
vt 0.086972 0.953750
vt 0.079065 0.945844
vt 0.086972 0.945844
vt 0.079065 0.953750
vt 0.971083 0.529739
vt 0.977547 0.529739
vt 0.395326 0.945844
vt 0.403233 0.953750
vt 0.395326 0.953750
vt 0.403233 0.945844
vt 0.971083 0.094879
vt 0.977547 0.094879
vt 0.252071 0.965234
vt 0.252071 0.956033
vt 0.258002 0.956033
vt 0.252071 0.965234
vt 0.258002 0.965234
vt 0.071159 0.945844
vt 0.063252 0.936643
vt 0.071159 0.936643
vt 0.063252 0.945844
vt 0.977547 0.600896
vt 0.983478 0.592990
vt 0.983478 0.600896
vt 0.977547 0.592990
vt 0.308354 0.945844
vt 0.308354 0.936643
vt 0.983478 0.015813
vt 0.977547 0.023720
vt 0.977547 0.015813
vt 0.983478 0.023720
vt 0.980925 0.991946
vt 0.975206 0.984039
vt 0.980925 0.984039
vt 0.975206 0.991946
vt 0.980925 0.984040
vt 0.986644 0.991946
vt 0.980925 0.991946
vt 0.986644 0.984040
vt 0.953501 0.672506
vt 0.947782 0.682695
vt 0.947782 0.672506
vt 0.953501 0.682695
vt 0.268130 0.916393
vt 0.276036 0.906204
vt 0.276036 0.916393
vt 0.268130 0.906204
vt 0.947782 0.876296
vt 0.953501 0.866107
vt 0.953501 0.876296
vt 0.947782 0.866107
vt 0.916490 0.112755
vt 0.908583 0.122944
vt 0.908583 0.112755
vt 0.916490 0.122944
vt 0.756677 0.857321
vt 0.748223 0.875465
vt 0.756677 0.875465
vt 0.931969 0.248416
vt 0.931969 0.257616
vt 0.923515 0.257616
vt 0.923515 0.248416
vt 0.128229 0.778856
vt 0.137429 0.760712
vt 0.137429 0.778856
vt 0.128229 0.760712
vt 0.456137 0.876709
vt 0.464591 0.858566
vt 0.464591 0.876709
vt 0.456137 0.858566
vt 0.454893 0.839174
vt 0.445693 0.857318
vt 0.445693 0.839174
vt 0.454893 0.857318
vt 0.923515 0.266817
vt 0.931969 0.266817
vt 0.959220 0.552035
vt 0.965151 0.561235
vt 0.959220 0.561235
vt 0.965151 0.552035
vt 0.965151 0.570436
vt 0.959220 0.561235
vt 0.965151 0.561235
vt 0.959220 0.570436
vt 0.031626 0.936643
vt 0.031626 0.945844
vt 0.983478 0.181850
vt 0.977547 0.181850
vt 0.977547 0.173943
vt 0.983478 0.173943
vt 0.585082 0.936643
vt 0.585082 0.945844
vt 0.577176 0.936643
vt 0.977547 0.600896
vt 0.983478 0.600896
vt 0.983478 0.608803
vt 0.977547 0.608803
vt 0.983478 0.094878
vt 0.989409 0.094878
vt 0.989409 0.102785
vt 0.983478 0.102785
vt 0.959220 0.901656
vt 0.965151 0.901656
vt 0.965151 0.910857
vt 0.959220 0.910857
vt 0.332879 0.923522
vt 0.332879 0.932723
vt 0.324972 0.932723
vt 0.324972 0.923522
vt 0.166076 0.991946
vt 0.166076 0.984040
vt 0.364505 0.932723
vt 0.364505 0.923522
vt 0.372411 0.923522
vt 0.372411 0.932723
vt 0.965151 0.920058
vt 0.959220 0.910857
vt 0.965151 0.910857
vt 0.959220 0.920058
vt 0.959220 0.570436
vt 0.965151 0.579636
vt 0.959220 0.579636
vt 0.965151 0.570436
vt 0.965151 0.588837
vt 0.959220 0.579636
vt 0.965151 0.579636
vt 0.959220 0.588837
vt 0.339980 0.945844
vt 0.347887 0.936643
vt 0.347887 0.945844
vt 0.339980 0.936643
vt 0.983478 0.324168
vt 0.977547 0.316261
vt 0.983478 0.316261
vt 0.977547 0.324168
vt 0.118598 0.936643
vt 0.118598 0.945844
vt 0.110691 0.936643
vt 0.977547 0.608803
vt 0.983478 0.616709
vt 0.977547 0.616709
vt 0.983478 0.608803
vt 0.612487 0.974129
vt 0.612487 0.966223
vt 0.618950 0.974129
vt 0.612486 0.966223
vt 0.618950 0.966223
vt 0.612486 0.974129
vt 0.039533 0.953750
vt 0.047439 0.945844
vt 0.047439 0.953750
vt 0.039533 0.945844
vt 0.977547 0.537645
vt 0.971083 0.537645
vt 0.947782 0.937789
vt 0.939876 0.945696
vt 0.939876 0.937789
vt 0.947782 0.945696
vt 0.977547 0.545552
vt 0.971083 0.545552
vt 0.959220 0.588837
vt 0.965151 0.598038
vt 0.959220 0.598038
vt 0.965151 0.588837
vt 0.965151 0.607238
vt 0.959220 0.598038
vt 0.965151 0.598038
vt 0.959220 0.607238
vt 0.853904 0.945844
vt 0.861811 0.936643
vt 0.861811 0.945844
vt 0.853904 0.936643
vt 0.983478 0.925064
vt 0.977547 0.917157
vt 0.983478 0.917157
vt 0.977547 0.925064
vt 0.592989 0.936643
vt 0.585082 0.945844
vt 0.585082 0.936643
vt 0.592989 0.945844
vt 0.983478 0.624616
vt 0.977547 0.624616
vt 0.523421 0.984040
vt 0.523421 0.991946
vt 0.529140 0.984040
vt 0.523422 0.991946
vt 0.523422 0.984040
vt 0.529140 0.991946
vt 0.953501 0.234358
vt 0.947783 0.224169
vt 0.953501 0.224169
vt 0.947783 0.234358
vt 0.446277 0.907894
vt 0.438370 0.897705
vt 0.446277 0.897705
vt 0.438370 0.907894
vt 0.947783 0.000000
vt 0.953501 0.010189
vt 0.947783 0.010189
vt 0.953501 0.000000
vt 0.395085 0.900056
vt 0.402992 0.900056
vt 0.402992 0.910245
vt 0.395085 0.910245
vt 0.774048 0.865416
vt 0.765594 0.883560
vt 0.765594 0.865416
vt 0.774048 0.883560
vt 0.931969 0.156410
vt 0.931969 0.165610
vt 0.923515 0.165610
vt 0.923515 0.156410
vt 0.455390 0.858566
vt 0.464591 0.840422
vt 0.455390 0.840422
vt 0.089414 0.882310
vt 0.097868 0.864167
vt 0.097868 0.882310
vt 0.089414 0.864167
vt 0.773469 0.543885
vt 0.764268 0.562028
vt 0.764268 0.543885
vt 0.773469 0.562028
vt 0.923515 0.165610
vt 0.931969 0.174811
vt 0.923515 0.174811
vt 0.931969 0.165610
vt 0.959220 0.920058
vt 0.965151 0.929258
vt 0.959220 0.929258
vt 0.965151 0.920058
vt 0.965151 0.938459
vt 0.959220 0.938459
vt 0.959220 0.929258
vt 0.965151 0.929258
vt 0.340785 0.923522
vt 0.340785 0.932723
vt 0.983478 0.458579
vt 0.989409 0.466485
vt 0.983478 0.466485
vt 0.989409 0.458579
vt 0.253814 0.932723
vt 0.253814 0.923522
vt 0.989409 0.814373
vt 0.983478 0.806466
vt 0.989409 0.806466
vt 0.983478 0.814373
vt 0.971083 0.885533
vt 0.977546 0.893439
vt 0.971083 0.893439
vt 0.977546 0.885533
vt 0.971083 0.015813
vt 0.977546 0.023720
vt 0.971083 0.023720
vt 0.977546 0.015813
vt 0.363700 0.945844
vt 0.355794 0.953750
vt 0.355794 0.945844
vt 0.363700 0.953750
vt 0.245626 0.983330
vt 0.239162 0.975423
vt 0.245626 0.975423
vt 0.239162 0.983330
vt 0.672055 0.953750
vt 0.679962 0.945844
vt 0.679962 0.953750
vt 0.672055 0.945844
vt 0.977547 0.031626
vt 0.971083 0.023720
vt 0.977547 0.023720
vt 0.971083 0.031626
vt 0.959220 0.938459
vt 0.965151 0.947659
vt 0.959220 0.947659
vt 0.965151 0.938459
vt 0.965151 0.956860
vt 0.959220 0.947659
vt 0.965151 0.947659
vt 0.959220 0.956860
vt 0.277533 0.923522
vt 0.277533 0.932723
vt 0.989409 0.474392
vt 0.983478 0.474392
vt 0.309159 0.923522
vt 0.309159 0.932723
vt 0.989409 0.956690
vt 0.983478 0.948784
vt 0.989409 0.948784
vt 0.983478 0.956690
vt 0.971083 0.031626
vt 0.977546 0.039533
vt 0.971083 0.039533
vt 0.977546 0.031626
vt 0.977547 0.047439
vt 0.971083 0.047439
vt 0.971083 0.039533
vt 0.977547 0.039533
vt 0.371607 0.945844
vt 0.371607 0.953750
vt 0.977546 0.901346
vt 0.971083 0.901346
vt 0.419046 0.953750
vt 0.426953 0.945844
vt 0.426953 0.953750
vt 0.419046 0.945844
vt 0.155132 0.983330
vt 0.148668 0.975423
vt 0.155132 0.975423
vt 0.148668 0.983330
vt 0.959220 0.956860
vt 0.965151 0.966061
vt 0.959220 0.966061
vt 0.965151 0.956860
vt 0.971083 0.009201
vt 0.965151 -0.000000
vt 0.971083 -0.000000
vt 0.965151 0.009201
vt 0.348692 0.923522
vt 0.348692 0.932723
vt 0.983478 0.474392
vt 0.989409 0.482298
vt 0.983478 0.482298
vt 0.989409 0.474392
vt 0.380318 0.923522
vt 0.380318 0.932723
vt 0.326220 0.991946
vt 0.320289 0.984040
vt 0.326220 0.984040
vt 0.320289 0.991946
vt 0.989409 0.577179
vt 0.995128 0.569273
vt 0.995128 0.577179
vt 0.989409 0.569273
vt 0.995128 0.577179
vt 0.989409 0.585086
vt 0.989409 0.577179
vt 0.995128 0.585086
vt 0.953501 0.203790
vt 0.959220 0.213979
vt 0.953501 0.213979
vt 0.959220 0.203790
vt 0.908583 0.087014
vt 0.916490 0.097204
vt 0.908583 0.097204
vt 0.916490 0.087014
vt 0.959220 0.020379
vt 0.953501 0.010189
vt 0.959220 0.010189
vt 0.953501 0.020379
vt 0.454183 0.921016
vt 0.446277 0.910826
vt 0.454183 0.910826
vt 0.446277 0.921016
vt 0.931969 0.046003
vt 0.931969 0.055203
vt 0.923515 0.055203
vt 0.923515 0.046003
vt 0.923515 0.064404
vt 0.923515 0.055203
vt 0.931969 0.055203
vt 0.931969 0.064404
vt 0.768983 0.370527
vt 0.778183 0.352384
vt 0.778183 0.370527
vt 0.768983 0.352384
vt 0.525298 0.858611
vt 0.516843 0.876754
vt 0.516843 0.858611
vt 0.525298 0.876754
vt 0.146630 0.778856
vt 0.146630 0.760712
vt 0.155831 0.778856
vt 0.670594 0.850841
vt 0.670594 0.868985
vt 0.662140 0.850841
vt 0.465598 0.965234
vt 0.465598 0.956033
vt 0.459667 0.965234
vt 0.465598 0.965234
vt 0.465598 0.956033
vt 0.471530 0.956033
vt 0.471530 0.965234
vt 0.861811 0.936643
vt 0.869717 0.945844
vt 0.861811 0.945844
vt 0.869717 0.936643
vt 0.983478 0.822279
vt 0.989409 0.822279
vt 0.939876 0.174811
vt 0.931969 0.165611
vt 0.939876 0.165611
vt 0.931969 0.174811
vt 0.850692 0.983330
vt 0.856624 0.975423
vt 0.856624 0.983330
vt 0.850692 0.975423
vt 0.477461 0.965234
vt 0.477461 0.956033
vt 0.471529 0.965234
vt 0.477461 0.965234
vt 0.477461 0.956033
vt 0.483392 0.956033
vt 0.483392 0.965234
vt 0.347887 0.936643
vt 0.355793 0.945844
vt 0.347887 0.945844
vt 0.355793 0.936643
vt 0.983478 0.964597
vt 0.989409 0.964597
vt 0.126504 0.945844
vt 0.118598 0.936643
vt 0.126504 0.936643
vt 0.118598 0.945844
vt 0.862555 0.975423
vt 0.862555 0.983330
vt 0.250510 0.966223
vt 0.250510 0.974129
vt 0.256974 0.966223
vt 0.256974 0.974129
vt 0.055346 0.953750
vt 0.047439 0.953750
vt 0.055346 0.945844
vt 0.977547 0.253010
vt 0.971083 0.260916
vt 0.971083 0.253010
vt 0.977547 0.260916
vt 0.007907 0.953750
vt 0.000000 0.945844
vt 0.007907 0.945844
vt 0.000000 0.953750
vt 0.971083 0.102785
vt 0.977547 0.094879
vt 0.977547 0.102785
vt 0.971083 0.094879
vt 0.489323 0.965234
vt 0.489323 0.956033
vt 0.483392 0.965234
vt 0.489323 0.965234
vt 0.489323 0.956033
vt 0.495255 0.956033
vt 0.495255 0.965234
vt 0.877624 0.945844
vt 0.877624 0.936643
vt 0.332152 0.984040
vt 0.326220 0.991946
vt 0.326220 0.984040
vt 0.332152 0.991946
vt 0.600895 0.945844
vt 0.592989 0.936643
vt 0.600895 0.936643
vt 0.862555 0.983330
vt 0.868486 0.975423
vt 0.868486 0.983330
vt 0.862555 0.975423
vt 0.855111 0.984040
vt 0.855111 0.991946
vt 0.860830 0.991946
vt 0.860830 0.984040
vt 0.947782 0.244548
vt 0.953501 0.234358
vt 0.953501 0.244548
vt 0.947782 0.234358
vt 0.722861 0.907501
vt 0.714954 0.917690
vt 0.714954 0.907501
vt 0.722861 0.917690
vt 0.947782 0.560421
vt 0.953501 0.560421
vt 0.916490 0.102565
vt 0.908583 0.102565
vt 0.702980 0.974129
vt 0.696516 0.966223
vt 0.702980 0.966223
vt 0.696516 0.974129
vt 0.709444 0.966223
vt 0.709444 0.974129
vt 0.094878 0.953750
vt 0.086972 0.945844
vt 0.094878 0.945844
vt 0.086972 0.953750
vt 0.971083 0.909252
vt 0.977547 0.901346
vt 0.977547 0.909252
vt 0.971083 0.901346
vt 0.939876 0.755937
vt 0.947782 0.763844
vt 0.939876 0.763844
vt 0.947782 0.755937
vt 0.977547 0.869720
vt 0.971083 0.877626
vt 0.971083 0.869720
vt 0.977547 0.877626
vt 0.965151 0.708444
vt 0.959220 0.699244
vt 0.965151 0.699244
vt 0.959220 0.708444
vt 0.959220 0.717645
vt 0.965151 0.717645
vt 0.939876 0.303619
vt 0.931969 0.294419
vt 0.939876 0.294419
vt 0.931969 0.303619
vt 0.983478 0.110691
vt 0.989409 0.102785
vt 0.989409 0.110691
vt 0.983478 0.102785
vt 0.939876 0.312820
vt 0.931969 0.312820
vt 0.939876 0.303619
vt 0.989409 0.063252
vt 0.983478 0.071159
vt 0.983478 0.063252
vt 0.989409 0.071159
vt 0.757892 0.984040
vt 0.763611 0.991946
vt 0.757892 0.991946
vt 0.763611 0.984040
vt 0.769330 0.984040
vt 0.763611 0.991946
vt 0.763611 0.984040
vt 0.769330 0.991946
vt 0.953501 0.580800
vt 0.947783 0.590990
vt 0.947783 0.580800
vt 0.953501 0.590990
vt 0.907155 0.232216
vt 0.915061 0.222027
vt 0.915061 0.232216
vt 0.907155 0.222027
vt 0.947783 0.407579
vt 0.953501 0.407579
vt 0.947783 0.397390
vt 0.915061 0.409379
vt 0.907154 0.419568
vt 0.907154 0.409379
vt 0.915061 0.419568
vt 0.748227 0.966223
vt 0.754691 0.974129
vt 0.748227 0.974129
vt 0.754691 0.966223
vt 0.761155 0.974129
vt 0.754691 0.966223
vt 0.761155 0.966223
vt 0.754691 0.974129
vt 0.853905 0.953750
vt 0.861812 0.945844
vt 0.861812 0.953750
vt 0.853905 0.945844
vt 0.977547 0.806467
vt 0.971083 0.806467
vt 0.687868 0.945844
vt 0.679962 0.953750
vt 0.679962 0.945844
vt 0.687868 0.953750
vt 0.977547 0.553458
vt 0.971083 0.553458
vt 0.965151 0.101207
vt 0.971083 0.110407
vt 0.965151 0.110407
vt 0.971083 0.101207
vt 0.971083 0.119608
vt 0.965151 0.119608
vt 0.939876 0.211613
vt 0.947782 0.202413
vt 0.947782 0.211613
vt 0.939876 0.202413
vt 0.983478 0.632522
vt 0.977547 0.632522
vt 0.977547 0.624616
vt 0.983478 0.624616
vt 0.947782 0.220814
vt 0.939876 0.220814
vt 0.983478 0.189756
vt 0.977547 0.189756
vt 0.983478 0.181850
vt 0.989409 0.403235
vt 0.995128 0.395328
vt 0.995128 0.403235
vt 0.989409 0.395328
vt 0.995128 0.403235
vt 0.989409 0.411142
vt 0.989409 0.403235
vt 0.995128 0.411142
vt 0.959220 0.489095
vt 0.953501 0.478905
vt 0.959220 0.478905
vt 0.953501 0.489095
vt 0.516844 0.911051
vt 0.508937 0.900862
vt 0.516844 0.900862
vt 0.508937 0.911051
vt 0.953501 0.489095
vt 0.959220 0.499284
vt 0.953501 0.499284
vt 0.959220 0.489095
vt 0.499935 0.900862
vt 0.507842 0.900862
vt 0.507842 0.911051
vt 0.499935 0.911051
vt 0.541384 0.966223
vt 0.547848 0.974129
vt 0.541384 0.974129
vt 0.547848 0.966223
vt 0.554312 0.966223
vt 0.554312 0.974129
vt 0.947782 0.771751
vt 0.939876 0.771751
vt 0.971083 0.553458
vt 0.977546 0.553458
vt 0.977546 0.561365
vt 0.971083 0.561365
vt 0.687868 0.953750
vt 0.695775 0.945844
vt 0.695775 0.953750
vt 0.687868 0.945844
vt 0.129277 0.983330
vt 0.122813 0.975423
vt 0.129277 0.975423
vt 0.122813 0.983330
vt 0.862995 0.956033
vt 0.868926 0.956033
vt 0.868926 0.965234
vt 0.862995 0.965234
vt 0.874857 0.956033
vt 0.868926 0.965234
vt 0.868926 0.956033
vt 0.874857 0.965234
vt 0.931969 0.322020
vt 0.939876 0.322020
vt 0.977547 0.189756
vt 0.983478 0.189756
vt 0.983478 0.197663
vt 0.977547 0.197663
vt 0.931969 0.331221
vt 0.939876 0.322020
vt 0.939876 0.331221
vt 0.931969 0.322020
vt 0.989409 0.490205
vt 0.983478 0.482298
vt 0.983478 0.490205
vt 0.632079 0.984040
vt 0.637797 0.991946
vt 0.632079 0.991946
vt 0.637797 0.984040
vt 0.637797 0.991946
vt 0.637797 0.984040
vt 0.643516 0.984040
vt 0.643516 0.991946
vt 0.953501 0.417769
vt 0.947783 0.417769
vt 0.953501 0.407579
vt 0.387179 0.900056
vt 0.395085 0.910245
vt 0.387179 0.910245
vt 0.395085 0.900056
vt 0.959220 0.091705
vt 0.953501 0.081516
vt 0.953501 0.091705
vt 0.911549 0.148597
vt 0.903643 0.148597
vt 0.903643 0.138407
vt 0.911549 0.138407
vt 0.806402 0.966223
vt 0.806402 0.974129
vt 0.799938 0.974129
vt 0.799938 0.966223
vt 0.806402 0.974129
vt 0.806402 0.966223
vt 0.812866 0.966223
vt 0.812866 0.974129
vt 0.695775 0.945844
vt 0.703681 0.953750
vt 0.695775 0.953750
vt 0.703681 0.945844
vt 0.977547 0.853907
vt 0.971083 0.861813
vt 0.971083 0.853907
vt 0.977547 0.861813
vt 0.869718 0.953750
vt 0.869718 0.945844
vt 0.861812 0.953750
vt 0.971083 0.751122
vt 0.977547 0.743215
vt 0.977547 0.751122
vt 0.971083 0.743215
vt 0.750300 0.965234
vt 0.744369 0.956033
vt 0.750300 0.956033
vt 0.744369 0.965234
vt 0.756232 0.956033
vt 0.756232 0.965234
vt 0.931969 0.331221
vt 0.939876 0.340421
vt 0.931969 0.340421
vt 0.939876 0.331221
vt 0.989409 0.332074
vt 0.983478 0.339981
vt 0.983478 0.332074
vt 0.989409 0.339981
vt 0.939876 0.349622
vt 0.931969 0.340421
vt 0.931969 0.349622
vt 0.977547 0.086972
vt 0.983478 0.079065
vt 0.983478 0.086972
vt 0.977547 0.079065
vt 0.989409 0.300450
vt 0.995128 0.300450
vt 0.995128 0.308356
vt 0.989409 0.308356
vt 0.995128 0.316263
vt 0.989409 0.316263
vt 0.989409 0.308356
vt 0.995128 0.308356
vt 0.953501 0.509474
vt 0.959220 0.499284
vt 0.959220 0.509474
vt 0.953501 0.499284
vt 0.073192 0.901604
vt 0.065286 0.911794
vt 0.065286 0.901604
vt 0.073192 0.911794
vt 0.959220 0.927244
vt 0.953501 0.937433
vt 0.953501 0.927244
vt 0.959220 0.937433
vt 0.524750 0.900862
vt 0.524750 0.911051
vt 0.418570 0.974129
vt 0.412107 0.966223
vt 0.418570 0.966223
vt 0.412107 0.974129
vt 0.425034 0.966223
vt 0.418570 0.974129
vt 0.418570 0.966223
vt 0.425034 0.974129
vt 0.711588 0.953750
vt 0.703681 0.945844
vt 0.711588 0.945844
vt 0.971083 0.569271
vt 0.977547 0.561365
vt 0.977547 0.569271
vt 0.711588 0.945844
vt 0.719494 0.953750
vt 0.711588 0.953750
vt 0.719494 0.945844
vt 0.971083 0.221383
vt 0.977547 0.221383
vt 0.323247 0.965234
vt 0.317315 0.956033
vt 0.323247 0.956033
vt 0.317315 0.965234
vt 0.329178 0.956033
vt 0.323247 0.965234
vt 0.323247 0.956033
vt 0.329178 0.965234
vt 0.608802 0.945844
vt 0.600895 0.936643
vt 0.608802 0.936643
vt 0.600895 0.945844
vt 0.977547 0.205570
vt 0.983478 0.197663
vt 0.983478 0.205570
vt 0.977547 0.197663
vt 0.608802 0.936643
vt 0.616708 0.945844
vt 0.608802 0.945844
vt 0.616708 0.936643
vt 0.874418 0.975423
vt 0.874418 0.983330
vt 0.995128 0.007907
vt 0.989409 -0.000000
vt 0.995128 -0.000000
vt 0.989409 0.007907
vt 0.995128 0.015813
vt 0.989409 0.015813
vt 0.953501 0.101895
vt 0.953501 0.091705
vt 0.959220 0.101895
vt 0.430209 0.915103
vt 0.438115 0.904914
vt 0.438115 0.915103
vt 0.430209 0.904914
vt 0.953501 0.112084
vt 0.959220 0.101895
vt 0.959220 0.112084
vt 0.916490 0.076825
vt 0.908583 0.087014
vt 0.908583 0.076825
vt 0.916490 0.087014
vt 0.644806 0.966223
vt 0.651270 0.974129
vt 0.644806 0.974129
vt 0.651270 0.966223
vt 0.657733 0.974129
vt 0.657733 0.966223
vt 0.474392 0.945844
vt 0.474392 0.953750
vt 0.466485 0.945844
vt 0.977547 0.814374
vt 0.971083 0.814374
vt 0.971083 0.806467
vt 0.977547 0.806467
vt 0.482298 0.945844
vt 0.474392 0.945844
vt 0.482298 0.953750
vt 0.977547 0.577178
vt 0.971083 0.577178
vt 0.880789 0.965234
vt 0.880789 0.956033
vt 0.886720 0.965234
vt 0.880788 0.956033
vt 0.886720 0.956033
vt 0.880788 0.965234
vt 0.931969 0.358823
vt 0.931969 0.349622
vt 0.939876 0.349622
vt 0.939876 0.358823
vt 0.983478 0.640429
vt 0.977547 0.640429
vt 0.983478 0.632522
vt 0.939876 0.358823
vt 0.931969 0.368023
vt 0.931969 0.358823
vt 0.939876 0.368023
vt 0.983478 0.213476
vt 0.977547 0.213476
vt 0.534859 0.984040
vt 0.534859 0.991946
vt 0.540578 0.984040
vt 0.534859 0.991946
vt 0.534859 0.984040
vt 0.540578 0.991946
vt 0.953501 0.050947
vt 0.947783 0.040758
vt 0.953501 0.040758
vt 0.947783 0.050947
vt 0.419515 0.897124
vt 0.411608 0.886934
vt 0.419515 0.886934
vt 0.411608 0.897124
vt 0.947783 0.050947
vt 0.953501 0.061137
vt 0.947783 0.061137
vt 0.295339 0.900236
vt 0.303245 0.910425
vt 0.303245 0.900236
vt 0.995128 0.640432
vt 0.989409 0.632525
vt 0.995128 0.632525
vt 0.989409 0.640432
vt 0.989409 0.640432
vt 0.995128 0.648338
vt 0.989409 0.648338
vt 0.995128 0.640432
vt 0.460515 0.984040
vt 0.454796 0.992093
vt 0.454796 0.984040
vt 0.460515 0.992093
vt 0.939876 0.603798
vt 0.947782 0.595744
vt 0.947782 0.603798
vt 0.939876 0.595744
vt 0.460515 0.992093
vt 0.466234 0.984039
vt 0.466234 0.992093
vt 0.460515 0.984039
vt 0.947782 0.676282
vt 0.939876 0.684336
vt 0.939876 0.676282
vt 0.947782 0.684336
vt 0.989409 0.023720
vt 0.995128 0.015813
vt 0.995128 0.023720
vt 0.989409 0.015813
vt 0.989409 0.031626
vt 0.995128 0.031626
vt 0.449077 0.992093
vt 0.443358 0.984040
vt 0.449077 0.984040
vt 0.443358 0.992093
vt 0.947783 0.587690
vt 0.939876 0.579636
vt 0.947783 0.579636
vt 0.939876 0.587690
vt 0.420483 0.984039
vt 0.426202 0.992093
vt 0.420483 0.992093
vt 0.426202 0.984039
vt 0.939876 0.603798
vt 0.947783 0.611851
vt 0.939876 0.611851
vt 0.947783 0.603798
vt 0.989409 0.656245
vt 0.995128 0.648338
vt 0.995128 0.656245
vt 0.989409 0.648338
vt 0.995128 0.656245
vt 0.989409 0.664151
vt 0.989409 0.656245
vt 0.995128 0.664151
vt 0.471952 0.992093
vt 0.471952 0.984039
vt 0.947783 0.619905
vt 0.939876 0.619905
vt 0.477671 0.992093
vt 0.471952 0.992093
vt 0.471952 0.984039
vt 0.477671 0.984039
vt 0.947783 0.700444
vt 0.939876 0.700444
vt 0.939876 0.692390
vt 0.947783 0.692390
vt 0.947782 0.619905
vt 0.939876 0.627959
vt 0.939876 0.619905
vt 0.947782 0.627959
vt 0.700704 0.984040
vt 0.706423 0.984040
vt 0.706423 0.991946
vt 0.700704 0.991946
vt 0.403327 0.992093
vt 0.409046 0.984039
vt 0.409046 0.992093
vt 0.403327 0.984039
vt 0.939876 0.636013
vt 0.947782 0.627959
vt 0.947782 0.636013
vt 0.939876 0.627959
vt 0.437640 0.984039
vt 0.431921 0.992093
vt 0.431921 0.984039
vt 0.437640 0.992093
vt 0.900862 0.991946
vt 0.895143 0.991946
vt 0.895143 0.984040
vt 0.900862 0.984040
vt 0.560499 0.965234
vt 0.554568 0.956033
vt 0.560499 0.956033
vt 0.554568 0.965234
vt 0.566431 0.956033
vt 0.560499 0.965234
vt 0.560499 0.956033
vt 0.566431 0.965234
vt 0.947782 0.230014
vt 0.939876 0.220814
vt 0.947782 0.220814
vt 0.939876 0.230014
vt 0.983478 0.498111
vt 0.989409 0.490205
vt 0.989409 0.498111
vt 0.983478 0.490205
vt 0.939876 0.230014
vt 0.947782 0.239215
vt 0.939876 0.239215
vt 0.947782 0.230014
vt 0.880349 0.975423
vt 0.874417 0.983330
vt 0.874417 0.975423
vt 0.880349 0.983330
vt 0.289293 0.974129
vt 0.282829 0.966223
vt 0.289293 0.966223
vt 0.282829 0.974129
vt 0.295757 0.966223
vt 0.289293 0.974129
vt 0.295757 0.974129
vt 0.947782 0.779657
vt 0.939876 0.771751
vt 0.947782 0.771751
vt 0.939876 0.779657
vt 0.971083 0.917159
vt 0.977547 0.909252
vt 0.977547 0.917159
vt 0.971083 0.909252
vt 0.939876 0.779657
vt 0.947783 0.787564
vt 0.939876 0.787564
vt 0.947783 0.779657
vt 0.977547 0.102785
vt 0.971083 0.110692
vt 0.971083 0.102785
vt 0.977547 0.110692
vt 0.965151 0.469229
vt 0.971083 0.478430
vt 0.965151 0.478430
vt 0.971083 0.469229
vt 0.971083 0.487631
vt 0.965151 0.478430
vt 0.971083 0.478430
vt 0.965151 0.487631
vt 0.616708 0.945844
vt 0.616708 0.936643
vt 0.624615 0.936643
vt 0.624615 0.945844
vt 0.989409 0.506018
vt 0.983478 0.506018
vt 0.983478 0.498111
vt 0.989409 0.498111
vt 0.632521 0.936643
vt 0.624615 0.945844
vt 0.624615 0.936643
vt 0.632521 0.945844
vt 0.983478 0.506018
vt 0.989409 0.513924
vt 0.983478 0.513924
vt 0.851649 0.966223
vt 0.858113 0.974129
vt 0.851649 0.974129
vt 0.858113 0.966223
vt 0.864576 0.974129
vt 0.864576 0.966223
vt 0.939876 0.795470
vt 0.947782 0.787564
vt 0.947782 0.795470
vt 0.939876 0.787564
vt 0.977547 0.925065
vt 0.971083 0.925065
vt 0.971083 0.917159
vt 0.977547 0.917159
vt 0.947783 0.795470
vt 0.947783 0.803377
vt 0.939876 0.803377
vt 0.939876 0.795470
vt 0.971083 0.925065
vt 0.977547 0.932972
vt 0.971083 0.932972
vt 0.965151 0.763648
vt 0.971083 0.772848
vt 0.965151 0.772848
vt 0.971083 0.763648
vt 0.971083 0.782049
vt 0.965151 0.782049
vt 0.965151 0.772848
vt 0.971083 0.772848
vt 0.939876 0.368023
vt 0.931969 0.377224
vt 0.931969 0.368023
vt 0.939876 0.377224
vt 0.172007 0.984040
vt 0.172007 0.991946
vt 0.931969 0.386424
vt 0.939876 0.386424
vt 0.177938 0.991946
vt 0.172007 0.984040
vt 0.177938 0.984040
vt 0.172007 0.991946
vt 0.971083 0.363701
vt 0.977546 0.363701
vt 0.977546 0.371608
vt 0.971083 0.371608
vt 0.977546 0.379514
vt 0.971083 0.379514
vt 0.971083 0.371608
vt 0.977546 0.371608
vt 0.490205 0.945844
vt 0.490205 0.953750
vt 0.155132 0.975423
vt 0.161596 0.975423
vt 0.161596 0.983330
vt 0.490205 0.953750
vt 0.490205 0.945844
vt 0.498111 0.945844
vt 0.498111 0.953750
vt 0.168060 0.983330
vt 0.161596 0.975423
vt 0.168060 0.975423
vt 0.161596 0.983330
vt 0.971083 0.268823
vt 0.977547 0.268823
vt 0.470281 0.966223
vt 0.470281 0.974129
vt 0.463818 0.974129
vt 0.463818 0.966223
vt 0.939876 0.803377
vt 0.947782 0.811284
vt 0.939876 0.811284
vt 0.947782 0.803377
vt 0.971083 0.276729
vt 0.977546 0.268823
vt 0.977546 0.276729
vt 0.971083 0.268823
vt 0.947783 0.819190
vt 0.939876 0.811284
vt 0.947783 0.811284
vt 0.939876 0.819190
vt 0.476745 0.966223
vt 0.476745 0.974129
vt 0.183870 0.984040
vt 0.177938 0.991946
vt 0.177938 0.984040
vt 0.183870 0.991946
vt 0.965151 0.230015
vt 0.959220 0.220814
vt 0.965151 0.220814
vt 0.959220 0.230015
vt 0.939876 0.239215
vt 0.947782 0.248415
vt 0.939876 0.248415
vt 0.947782 0.239215
vt 0.977547 0.094878
vt 0.983478 0.086972
vt 0.983478 0.094878
vt 0.947782 0.257616
vt 0.939876 0.248415
vt 0.947782 0.248415
vt 0.939876 0.257616
vt 0.959220 0.239215
vt 0.965151 0.239215
vt 0.572362 0.965234
vt 0.566431 0.956033
vt 0.572362 0.956033
vt 0.566431 0.965234
vt 0.578293 0.956033
vt 0.572362 0.965234
vt 0.572362 0.956033
vt 0.578293 0.965234
vt 0.387419 0.945844
vt 0.379512 0.936643
vt 0.387419 0.936643
vt 0.379512 0.945844
vt 0.983478 0.521831
vt 0.989409 0.513924
vt 0.989409 0.521831
vt 0.983478 0.513924
vt 0.387419 0.936643
vt 0.395326 0.945844
vt 0.387419 0.945844
vt 0.395326 0.936643
vt 0.696479 0.975423
vt 0.690548 0.983330
vt 0.690548 0.975423
vt 0.696479 0.983330
vt 0.995128 0.672058
vt 0.989409 0.664151
vt 0.995128 0.664151
vt 0.989409 0.672058
vt 0.989409 0.672058
vt 0.995128 0.679964
vt 0.989409 0.679964
vt 0.995128 0.672058
vt 0.959220 0.509474
vt 0.953501 0.519663
vt 0.953501 0.509474
vt 0.959220 0.519663
vt 0.125698 0.916499
vt 0.133604 0.906310
vt 0.133604 0.916499
vt 0.125698 0.906310
vt 0.953501 0.244548
vt 0.959220 0.234358
vt 0.959220 0.244548
vt 0.953501 0.234358
vt 0.699475 0.905038
vt 0.691568 0.915228
vt 0.691568 0.905038
vt 0.699475 0.915228
vt 0.965151 0.487631
vt 0.971083 0.496831
vt 0.965151 0.496831
vt 0.971083 0.487631
vt 0.971083 0.506032
vt 0.965151 0.496831
vt 0.971083 0.496831
vt 0.965151 0.506032
vt 0.931969 0.184012
vt 0.939876 0.184012
vt 0.989409 0.118598
vt 0.983478 0.118598
vt 0.983478 0.110691
vt 0.989409 0.110691
vt 0.939876 0.184012
vt 0.931969 0.193212
vt 0.931969 0.184012
vt 0.939876 0.193212
vt 0.983478 0.521831
vt 0.989409 0.521831
vt 0.989409 0.529737
vt 0.983478 0.529737
vt 0.989409 0.039533
vt 0.995128 0.039533
vt 0.989409 0.047439
vt 0.995128 0.047439
vt 0.953501 0.723453
vt 0.947782 0.713264
vt 0.953501 0.713264
vt 0.947782 0.723453
vt 0.653138 0.916553
vt 0.645232 0.916553
vt 0.645232 0.906364
vt 0.653138 0.906364
vt 0.947782 0.519663
vt 0.953501 0.529853
vt 0.947782 0.529853
vt 0.953501 0.519663
vt 0.683661 0.905038
vt 0.683661 0.915228
vt 0.965151 0.782049
vt 0.971083 0.791250
vt 0.965151 0.791250
vt 0.971083 0.782049
vt 0.971083 0.800450
vt 0.965151 0.800450
vt 0.965151 0.791250
vt 0.971083 0.791250
vt 0.388224 0.923522
vt 0.388224 0.932723
vt 0.380318 0.923522
vt 0.189801 0.984040
vt 0.189801 0.991946
vt 0.183870 0.991946
vt 0.388224 0.932723
vt 0.388224 0.923522
vt 0.396131 0.923522
vt 0.396131 0.932723
vt 0.989409 0.830186
vt 0.983478 0.830186
vt 0.983478 0.822279
vt 0.989409 0.822279
vt 0.989409 0.687871
vt 0.989409 0.679964
vt 0.995128 0.679964
vt 0.995128 0.687871
vt 0.995128 0.687871
vt 0.995128 0.695778
vt 0.989409 0.695778
vt 0.989409 0.687871
vt 0.953501 0.244547
vt 0.959220 0.254737
vt 0.953501 0.254737
vt 0.959220 0.244547
vt 0.632136 0.906364
vt 0.640042 0.906364
vt 0.640042 0.916553
vt 0.632136 0.916553
vt 0.959220 0.947623
vt 0.953501 0.937433
vt 0.959220 0.937433
vt 0.953501 0.947623
vt 0.764230 0.917491
vt 0.756324 0.917491
vt 0.756324 0.907301
vt 0.764230 0.907301
vt 0.965151 0.248416
vt 0.965151 0.239215
vt 0.959220 0.248416
vt 0.959220 0.257616
vt 0.965151 0.257616
vt 0.403232 0.945844
vt 0.403232 0.936643
vt 0.989409 0.830186
vt 0.983478 0.838092
vt 0.983478 0.830186
vt 0.989409 0.838092
vt 0.411139 0.945844
vt 0.403232 0.936643
vt 0.411139 0.936643
vt 0.403232 0.945844
vt 0.977547 0.102785
vt 0.983478 0.102785
vt 0.706423 0.984040
vt 0.712142 0.984040
vt 0.712142 0.991946
vt 0.706423 0.991946
vt 0.906581 0.991946
vt 0.900862 0.991946
vt 0.900862 0.984040
vt 0.906581 0.984040
vt 0.901345 0.956033
vt 0.907063 0.945844
vt 0.907063 0.956033
vt 0.901345 0.945844
vt 0.753964 0.910830
vt 0.746057 0.921019
vt 0.746057 0.910830
vt 0.753964 0.921019
vt 0.953501 0.417769
vt 0.947782 0.427958
vt 0.947782 0.417769
vt 0.953501 0.427958
vt 0.672193 0.915228
vt 0.680099 0.905038
vt 0.680099 0.915228
vt 0.672193 0.905038
vt 0.584224 0.965234
vt 0.578293 0.956033
vt 0.584224 0.956033
vt 0.578293 0.965234
vt 0.590156 0.956033
vt 0.584225 0.965234
vt 0.584225 0.956033
vt 0.590156 0.965234
vt 0.947782 0.515232
vt 0.939876 0.506031
vt 0.947782 0.506031
vt 0.939876 0.515232
vt 0.047450 0.991946
vt 0.053381 0.984040
vt 0.053381 0.991946
vt 0.047450 0.984040
vt 0.939876 0.515232
vt 0.947782 0.524433
vt 0.939876 0.524433
vt 0.947782 0.515232
vt 0.886280 0.975423
vt 0.880349 0.983330
vt 0.880349 0.975423
vt 0.886280 0.983330
vt 0.302221 0.974129
vt 0.295757 0.966223
vt 0.302221 0.966223
vt 0.295757 0.974129
vt 0.308685 0.966223
vt 0.302221 0.974129
vt 0.302221 0.966223
vt 0.308685 0.974129
vt 0.506018 0.953750
vt 0.498111 0.945844
vt 0.506018 0.945844
vt 0.498111 0.953750
vt 0.971083 0.940878
vt 0.977547 0.940878
vt 0.094878 0.945844
vt 0.102785 0.953750
vt 0.094878 0.953750
vt 0.102785 0.945844
vt 0.971083 0.229290
vt 0.977547 0.229290
vt 0.596087 0.965234
vt 0.590156 0.956033
vt 0.596087 0.956033
vt 0.590156 0.965234
vt 0.602018 0.956033
vt 0.596087 0.965234
vt 0.596087 0.956033
vt 0.602018 0.965234
vt 0.947782 0.266817
vt 0.939876 0.266817
vt 0.983478 0.126504
vt 0.989409 0.118598
vt 0.989409 0.126504
vt 0.983478 0.118598
vt 0.419045 0.945844
vt 0.419045 0.936643
vt 0.892211 0.975423
vt 0.886280 0.983330
vt 0.886280 0.975423
vt 0.892211 0.983330
vt 0.995128 0.703684
vt 0.995128 0.695778
vt 0.989409 0.703684
vt 0.989409 0.703684
vt 0.995128 0.711591
vt 0.989409 0.711591
vt 0.995128 0.703684
vt 0.953501 0.529853
vt 0.959220 0.529853
vt 0.907155 0.323572
vt 0.915061 0.313383
vt 0.915061 0.323572
vt 0.953501 0.540042
vt 0.959220 0.529853
vt 0.959220 0.540042
vt 0.915061 0.303193
vt 0.907155 0.303193
vt 0.965151 0.506032
vt 0.971083 0.515232
vt 0.965151 0.515232
vt 0.971083 0.506032
vt 0.971083 0.524433
vt 0.965151 0.515232
vt 0.971083 0.515232
vt 0.965151 0.524433
vt 0.939876 0.478430
vt 0.939876 0.469229
vt 0.947782 0.469229
vt 0.947782 0.478430
vt 0.989409 0.537644
vt 0.983478 0.537644
vt 0.983478 0.529737
vt 0.989409 0.529737
vt 0.947782 0.478430
vt 0.947782 0.487630
vt 0.939876 0.487630
vt 0.939876 0.478430
vt 0.059313 0.984040
vt 0.059313 0.991946
vt 0.053381 0.991946
vt 0.864576 0.966223
vt 0.871040 0.974129
vt 0.864576 0.974129
vt 0.871040 0.966223
vt 0.877504 0.974129
vt 0.871040 0.966223
vt 0.877504 0.966223
vt 0.871040 0.974129
vt 0.513924 0.945844
vt 0.513924 0.953750
vt 0.135741 0.983330
vt 0.135741 0.975423
vt 0.110691 0.945844
vt 0.110691 0.953750
vt 0.102785 0.953750
vt 0.102785 0.945844
vt 0.977547 0.948785
vt 0.971083 0.948785
vt 0.965151 0.524433
vt 0.971083 0.533633
vt 0.965151 0.533633
vt 0.971083 0.524433
vt 0.971083 0.542834
vt 0.965151 0.533633
vt 0.971083 0.533633
vt 0.965151 0.542834
vt 0.632522 0.945844
vt 0.632522 0.936643
vt 0.640428 0.936643
vt 0.640428 0.945844
vt 0.989409 0.545551
vt 0.983478 0.545551
vt 0.939876 0.193212
vt 0.939876 0.202413
vt 0.931969 0.202413
vt 0.931969 0.193212
vt 0.983478 0.126504
vt 0.989409 0.126504
vt 0.989409 0.134411
vt 0.983478 0.134411
vt 0.989409 0.055346
vt 0.995128 0.055346
vt 0.989409 0.063253
vt 0.995128 0.063253
vt 0.953501 0.733643
vt 0.947782 0.723453
vt 0.953501 0.723453
vt 0.947782 0.733643
vt 0.915061 0.303193
vt 0.907155 0.303193
vt 0.907155 0.293004
vt 0.915061 0.293004
vt 0.947782 0.733643
vt 0.953501 0.743832
vt 0.947782 0.743832
vt 0.953501 0.733643
vt 0.907154 0.148597
vt 0.915061 0.148597
vt 0.915061 0.158786
vt 0.907154 0.158786
vt 0.965151 0.800450
vt 0.971083 0.800450
vt 0.971083 0.809651
vt 0.965151 0.809651
vt 0.971083 0.818851
vt 0.965151 0.818851
vt 0.965151 0.809651
vt 0.971083 0.809651
vt 0.814372 0.936643
vt 0.814372 0.945844
vt 0.806465 0.945844
vt 0.806465 0.936643
vt 0.391464 0.984040
vt 0.397396 0.984040
vt 0.397396 0.991946
vt 0.391464 0.991946
vt 0.814372 0.945844
vt 0.814372 0.936643
vt 0.822278 0.936643
vt 0.822278 0.945844
vt 0.195732 0.991946
vt 0.189801 0.991946
vt 0.189801 0.984040
vt 0.195732 0.984040
vt 0.971083 0.379514
vt 0.977546 0.379514
vt 0.977546 0.387421
vt 0.971083 0.387421
vt 0.977546 0.395327
vt 0.971083 0.395327
vt 0.971083 0.387421
vt 0.977546 0.387421
vt 0.727401 0.945844
vt 0.727401 0.953750
vt 0.719494 0.953750
vt 0.719494 0.945844
vt 0.174524 0.975423
vt 0.174524 0.983330
vt 0.168060 0.983330
vt 0.869718 0.953750
vt 0.869718 0.945844
vt 0.877625 0.945844
vt 0.877625 0.953750
vt 0.252090 0.983330
vt 0.245626 0.975423
vt 0.252090 0.975423
vt 0.965151 0.818851
vt 0.971083 0.818851
vt 0.971083 0.828052
vt 0.965151 0.828052
vt 0.971083 0.837252
vt 0.965151 0.837252
vt 0.965151 0.828052
vt 0.971083 0.828052
vt 0.404037 0.923522
vt 0.404037 0.932723
vt 0.396131 0.923522
vt 0.983478 0.838092
vt 0.989409 0.838092
vt 0.989409 0.845999
vt 0.983478 0.845999
vt 0.931969 0.395625
vt 0.931969 0.386424
vt 0.939876 0.386424
vt 0.939876 0.395625
vt 0.201663 0.991946
vt 0.195732 0.991946
vt 0.195732 0.984040
vt 0.201663 0.984040
vt 0.989409 0.719497
vt 0.995128 0.719497
vt 0.995128 0.719497
vt 0.995128 0.727404
vt 0.989409 0.727404
vt 0.989409 0.719497
vt 0.953501 0.540042
vt 0.959220 0.550232
vt 0.953501 0.550232
vt 0.959220 0.540042
vt 0.907154 0.371786
vt 0.915061 0.371786
vt 0.915061 0.381975
vt 0.907154 0.381975
vt 0.959220 0.560421
vt 0.953501 0.560421
vt 0.812379 0.917491
vt 0.804473 0.917491
vt 0.804473 0.907301
vt 0.812379 0.907301
vt 0.607950 0.965234
vt 0.607950 0.956033
vt 0.613881 0.956033
vt 0.607950 0.965234
vt 0.607950 0.956033
vt 0.613881 0.965234
vt 0.925063 0.945844
vt 0.917157 0.936643
vt 0.925063 0.936643
vt 0.917157 0.945844
vt 0.983478 0.363700
vt 0.989409 0.355794
vt 0.989409 0.363700
vt 0.983478 0.355794
vt 0.932970 0.945844
vt 0.932970 0.936643
vt 0.803242 0.975423
vt 0.803242 0.983330
vt 0.995128 0.735310
vt 0.989409 0.727404
vt 0.995128 0.727404
vt 0.989409 0.735310
vt 0.989409 0.735310
vt 0.995128 0.743217
vt 0.989409 0.743217
vt 0.995128 0.735310
vt 0.953501 0.570611
vt 0.953501 0.560421
vt 0.959220 0.570611
vt 0.916207 0.601488
vt 0.908301 0.601488
vt 0.953501 0.417769
vt 0.959220 0.407579
vt 0.959220 0.417769
vt 0.953501 0.407579
vt 0.916207 0.664348
vt 0.908301 0.674538
vt 0.908301 0.664348
vt 0.916207 0.674538
vt 0.965151 0.542834
vt 0.971083 0.552035
vt 0.965151 0.552035
vt 0.971083 0.542834
vt 0.971083 0.561235
vt 0.965151 0.552035
vt 0.971083 0.552035
vt 0.965151 0.561235
vt 0.126504 0.945844
vt 0.126504 0.936643
vt 0.134411 0.936643
vt 0.134411 0.945844
vt 0.989409 0.371607
vt 0.983478 0.371607
vt 0.983478 0.363700
vt 0.989409 0.363700
vt 0.142317 0.936643
vt 0.142317 0.945844
vt 0.134411 0.945844
vt 0.134411 0.936643
vt 0.983478 0.371607
vt 0.989409 0.379513
vt 0.983478 0.379513
vt 0.989409 0.371607
vt 0.989409 0.071159
vt 0.995128 0.071159
vt 0.989409 0.079066
vt 0.995128 0.079066
vt 0.953501 0.886486
vt 0.947782 0.876296
vt 0.953501 0.876296
vt 0.947782 0.886486
vt 0.916207 0.664348
vt 0.908301 0.654159
vt 0.916207 0.654159
vt 0.947782 0.631748
vt 0.953501 0.641937
vt 0.947782 0.641937
vt 0.953501 0.631748
vt 0.908301 0.705968
vt 0.916207 0.716157
vt 0.908301 0.716157
vt 0.916207 0.705968
vt 0.965151 0.837252
vt 0.971083 0.846453
vt 0.965151 0.846453
vt 0.971083 0.837252
vt 0.971083 0.855654
vt 0.965151 0.846453
vt 0.971083 0.846453
vt 0.965151 0.855654
vt 0.593794 0.923522
vt 0.585888 0.932723
vt 0.585888 0.923522
vt 0.593794 0.932723
vt 0.088969 0.991946
vt 0.088969 0.984040
vt 0.593794 0.932723
vt 0.601701 0.923522
vt 0.601701 0.932723
vt 0.593794 0.923522
vt 0.094900 0.991946
vt 0.088969 0.984040
vt 0.094900 0.984040
vt 0.088969 0.991946
vt 0.989409 0.751123
vt 0.995128 0.743217
vt 0.995128 0.751123
vt 0.989409 0.743217
vt 0.995128 0.759030
vt 0.989409 0.759030
vt 0.959220 0.427958
vt 0.953501 0.427958
vt 0.908301 0.716157
vt 0.916207 0.726347
vt 0.908301 0.726347
vt 0.916207 0.716157
vt 0.959220 0.468716
vt 0.953501 0.458527
vt 0.959220 0.458527
vt 0.953501 0.468716
vt 0.446277 0.918084
vt 0.438370 0.907894
vt 0.446277 0.907894
vt 0.438370 0.918084
vt 0.965151 0.266817
vt 0.965151 0.257616
vt 0.959220 0.266817
vt 0.959220 0.276018
vt 0.965151 0.276018
vt 0.939876 0.000000
vt 0.947782 0.009201
vt 0.939876 0.009201
vt 0.947782 0.000000
vt 0.100832 0.984040
vt 0.094900 0.991946
vt 0.094900 0.984040
vt 0.100832 0.991946
vt 0.947782 0.018401
vt 0.939876 0.018401
vt 0.977547 0.071159
vt 0.983478 0.063252
vt 0.983478 0.071159
vt 0.977547 0.063252
vt 0.712142 0.984040
vt 0.717860 0.984040
vt 0.717860 0.991946
vt 0.712142 0.991946
vt 0.912299 0.991946
vt 0.906581 0.991946
vt 0.906581 0.984040
vt 0.912299 0.984040
vt 0.935657 0.956033
vt 0.941376 0.945844
vt 0.941376 0.956033
vt 0.935657 0.945844
vt 0.885856 0.908586
vt 0.877949 0.918776
vt 0.877949 0.908586
vt 0.885856 0.918776
vt 0.953501 0.173221
vt 0.947782 0.183411
vt 0.947782 0.173221
vt 0.953501 0.183411
vt 0.908301 0.754406
vt 0.916207 0.744217
vt 0.916207 0.754406
vt 0.908301 0.744217
vt 0.598633 0.894418
vt 0.598633 0.838233
vt 0.604125 0.894418
vt 0.604125 0.838233
vt 0.620603 0.838233
vt 0.620603 0.894418
vt 0.615110 0.838233
vt 0.615110 0.894418
vt 0.581483 0.805803
vt 0.581483 0.861989
vt 0.575990 0.805803
vt 0.575990 0.861989
vt 0.881490 0.539489
vt 0.881490 0.483304
vt 0.886983 0.539489
vt 0.886983 0.483304
vt 0.525298 0.749618
vt 0.581483 0.749618
vt 0.806767 0.487699
vt 0.750582 0.543885
vt 0.750582 0.487699
vt 0.806767 0.543885
vt 0.899847 0.724842
vt 0.908301 0.715154
vt 0.908301 0.724842
vt 0.899847 0.715154
vt 0.899847 0.734529
vt 0.908301 0.734529
vt 0.562879 0.883269
vt 0.572566 0.895215
vt 0.562879 0.895215
vt 0.572566 0.883269
vt 0.898700 0.160542
vt 0.898700 0.148597
vt 0.907155 0.148597
vt 0.907155 0.160542
vt 0.052142 0.894256
vt 0.042454 0.882310
vt 0.052142 0.882310
vt 0.042454 0.894256
vt 0.907155 0.419568
vt 0.907155 0.431514
vt 0.898700 0.431514
vt 0.898700 0.419568
vt 0.584715 0.862030
vt 0.593169 0.843886
vt 0.593169 0.862030
vt 0.584715 0.843886
vt 0.774048 0.847272
vt 0.765594 0.865416
vt 0.765594 0.847272
vt 0.774048 0.865416
vt 0.773468 0.562028
vt 0.782669 0.543885
vt 0.782669 0.562028
vt 0.773468 0.543885
vt 0.915061 0.302205
vt 0.915061 0.293004
vt 0.923515 0.293004
vt 0.923515 0.302205
vt 0.787384 0.352384
vt 0.778183 0.370527
vt 0.778183 0.352384
vt 0.787384 0.370527
vt 0.923515 0.243173
vt 0.923515 0.252373
vt 0.915061 0.252373
vt 0.915061 0.243173
vt 0.841990 0.906126
vt 0.850444 0.895505
vt 0.850444 0.906126
vt 0.841990 0.895505
vt 0.812765 0.896681
vt 0.804311 0.907301
vt 0.804311 0.896681
vt 0.812765 0.907301
vt 0.444273 0.875462
vt 0.444273 0.887516
vt 0.320153 0.902100
vt 0.320153 0.890046
vt 0.328608 0.890046
vt 0.328608 0.902100
vt 0.756677 0.887519
vt 0.746057 0.875465
vt 0.746057 0.887519
vt 0.311699 0.902100
vt 0.311699 0.890046
vt 0.909384 0.525069
vt 0.900930 0.534757
vt 0.900930 0.525069
vt 0.909384 0.534757
vt 0.899847 0.773280
vt 0.908301 0.763592
vt 0.908301 0.773280
vt 0.899847 0.763592
vt 0.868586 0.890800
vt 0.858898 0.878854
vt 0.868586 0.878854
vt 0.858898 0.890800
vt 0.364488 0.906383
vt 0.372942 0.894437
vt 0.372942 0.906383
vt 0.364488 0.894437
vt 0.881825 0.077326
vt 0.891513 0.089272
vt 0.881825 0.089272
vt 0.891513 0.077326
vt 0.125698 0.894256
vt 0.134152 0.906202
vt 0.125698 0.906202
vt 0.134152 0.894256
vt 0.516843 0.858610
vt 0.508389 0.876754
vt 0.508389 0.858610
vt 0.516843 0.876754
vt 0.499935 0.876754
vt 0.499935 0.858610
vt 0.524024 0.018144
vt 0.533225 0.000000
vt 0.533225 0.018144
vt 0.524024 0.000000
vt 0.931969 0.082805
vt 0.923515 0.092006
vt 0.923515 0.082805
vt 0.931969 0.092006
vt 0.551626 0.000000
vt 0.542425 0.018144
vt 0.542425 0.000000
vt 0.551626 0.018144
vt 0.931969 0.101206
vt 0.923515 0.092006
vt 0.931969 0.092006
vt 0.923515 0.101206
vt 0.804310 0.896681
vt 0.795856 0.907301
vt 0.795856 0.896681
vt 0.804310 0.907301
vt 0.253345 0.907361
vt 0.261799 0.896741
vt 0.261799 0.907361
vt 0.253345 0.896741
vt 0.786473 0.012224
vt 0.775853 0.000170
vt 0.786473 0.000170
vt 0.775853 0.012224
vt 0.900953 0.454675
vt 0.892499 0.466729
vt 0.892499 0.454675
vt 0.900953 0.466729
vt 0.001701 0.873876
vt 0.012321 0.885930
vt 0.001701 0.885930
vt 0.012321 0.873876
vt 0.892499 0.454675
vt 0.900953 0.442621
vt 0.900953 0.454675
vt 0.892499 0.442621
vt 0.899847 0.744217
vt 0.908301 0.744217
vt 0.532478 0.027831
vt 0.540933 0.018144
vt 0.540933 0.027831
vt 0.532478 0.018144
vt 0.553191 0.883269
vt 0.553191 0.895215
vt 0.113543 0.894256
vt 0.105089 0.906201
vt 0.105089 0.894256
vt 0.113543 0.906202
vt 0.096635 0.882310
vt 0.106322 0.894256
vt 0.096635 0.894256
vt 0.106322 0.882310
vt 0.023078 0.906201
vt 0.014624 0.894256
vt 0.023078 0.894256
vt 0.014624 0.906201
vt 0.821317 0.847272
vt 0.812863 0.865416
vt 0.812863 0.847272
vt 0.821317 0.865416
vt 0.015858 0.864167
vt 0.024312 0.846023
vt 0.024312 0.864167
vt 0.015858 0.846023
vt 0.787384 0.241767
vt 0.778183 0.259911
vt 0.778183 0.241767
vt 0.787384 0.259911
vt 0.583758 0.914321
vt 0.575304 0.923522
vt 0.575304 0.914321
vt 0.583758 0.923522
vt 0.778183 0.278054
vt 0.787384 0.259911
vt 0.787384 0.278054
vt 0.778183 0.259911
vt 0.923515 0.009201
vt 0.931969 0.000000
vt 0.931969 0.009201
vt 0.923515 0.000000
vt 0.253345 0.896741
vt 0.244891 0.907361
vt 0.244891 0.896741
vt 0.253345 0.907361
vt 0.881825 0.123783
vt 0.890279 0.113163
vt 0.890279 0.123783
vt 0.881825 0.113163
vt 0.374175 0.882492
vt 0.363555 0.870438
vt 0.374175 0.870438
vt 0.363555 0.882492
vt 0.516844 0.888808
vt 0.508390 0.900862
vt 0.508390 0.888808
vt 0.516844 0.900862
vt 0.407860 0.874880
vt 0.418480 0.886934
vt 0.407860 0.886934
vt 0.418480 0.874880
vt 0.466119 0.900862
vt 0.457665 0.888808
vt 0.466119 0.888808
vt 0.457665 0.900862
vt 0.793984 0.571872
vt 0.802438 0.562185
vt 0.802438 0.571872
vt 0.793984 0.562185
vt 0.722861 0.897813
vt 0.714407 0.907501
vt 0.714407 0.897813
vt 0.812927 0.883560
vt 0.822614 0.895505
vt 0.812927 0.895505
vt 0.822614 0.883560
vt 0.907155 0.383731
vt 0.898700 0.395677
vt 0.898700 0.383731
vt 0.907155 0.395677
vt 0.125698 0.894256
vt 0.116010 0.882310
vt 0.125698 0.882310
vt 0.116010 0.894256
vt 0.333559 0.906383
vt 0.333559 0.894437
vt 0.342014 0.894437
vt 0.342014 0.906383
vt 0.722861 0.866548
vt 0.731315 0.848405
vt 0.731315 0.866548
vt 0.722861 0.848405
vt 0.709409 0.848405
vt 0.700955 0.866548
vt 0.700955 0.848405
vt 0.709409 0.866548
vt 0.560827 0.000000
vt 0.560827 0.018144
vt 0.923515 0.184434
vt 0.915061 0.193634
vt 0.915061 0.184434
vt 0.923515 0.193634
vt 0.542425 0.000000
vt 0.915061 0.332773
vt 0.923515 0.323572
vt 0.923515 0.332773
vt 0.915061 0.323572
vt 0.234909 0.907406
vt 0.243363 0.896786
vt 0.243363 0.907406
vt 0.234909 0.896786
vt 0.234746 0.896786
vt 0.226292 0.907406
vt 0.226292 0.896786
vt 0.234746 0.907406
vt 0.474573 0.876754
vt 0.485193 0.888808
vt 0.474573 0.888808
vt 0.485193 0.876754
vt 0.901310 0.036643
vt 0.892856 0.048697
vt 0.892856 0.036643
vt 0.901310 0.048697
vt 0.561946 0.871216
vt 0.572566 0.871216
vt 0.561946 0.883269
vt 0.892856 0.036643
vt 0.901310 0.024590
vt 0.901310 0.036643
vt 0.892856 0.024590
vt 0.684047 0.868985
vt 0.692501 0.850841
vt 0.692501 0.868985
vt 0.684047 0.850841
vt 0.564112 0.853072
vt 0.555658 0.871216
vt 0.555658 0.853072
vt 0.564112 0.871216
vt 0.778183 0.352384
vt 0.787384 0.334240
vt 0.778183 0.334240
vt 0.923515 0.101206
vt 0.931969 0.110407
vt 0.923515 0.110407
vt 0.931969 0.101206
vt 0.662049 0.000314
vt 0.652848 0.018457
vt 0.652848 0.000314
vt 0.662049 0.018457
vt 0.931969 0.110407
vt 0.931969 0.119608
vt 0.923515 0.119608
vt 0.923515 0.110407
vt 0.619812 0.965234
vt 0.619812 0.956033
vt 0.625744 0.956033
vt 0.625744 0.965234
vt 0.426952 0.945844
vt 0.426952 0.936643
vt 0.977547 0.972503
vt 0.983478 0.964597
vt 0.983478 0.972503
vt 0.977547 0.964597
vt 0.434858 0.945844
vt 0.434858 0.936643
vt 0.672754 0.975423
vt 0.666823 0.983330
vt 0.666823 0.975423
vt 0.672754 0.983330
vt 0.795856 0.907301
vt 0.787950 0.917491
vt 0.787950 0.907301
vt 0.795856 0.917491
vt 0.717860 0.984040
vt 0.723579 0.984040
vt 0.723579 0.991946
vt 0.717860 0.991946
vt 0.947783 0.071326
vt 0.953501 0.061137
vt 0.953501 0.071326
vt 0.947783 0.061137
vt 0.907155 0.335949
vt 0.915061 0.325759
vt 0.915061 0.335949
vt 0.907155 0.325759
vt 0.953501 0.071326
vt 0.947782 0.081516
vt 0.947782 0.071326
vt 0.953501 0.081516
vt 0.918018 0.991946
vt 0.912299 0.991946
vt 0.912299 0.984040
vt 0.918018 0.984040
vt 0.631675 0.965234
vt 0.625743 0.956033
vt 0.631675 0.956033
vt 0.625743 0.965234
vt 0.637606 0.956033
vt 0.637606 0.965234
vt 0.947782 0.027602
vt 0.939876 0.018401
vt 0.947782 0.018401
vt 0.939876 0.027602
vt 0.983478 0.553457
vt 0.989409 0.553457
vt 0.983478 0.545551
vt 0.947782 0.036802
vt 0.939876 0.036802
vt 0.947782 0.027602
vt 0.761723 0.975423
vt 0.755792 0.983330
vt 0.755792 0.975423
vt 0.761723 0.983330
vt 0.315148 0.974129
vt 0.308685 0.966223
vt 0.315148 0.966223
vt 0.308685 0.974129
vt 0.321612 0.966223
vt 0.315149 0.974129
vt 0.315148 0.966223
vt 0.321612 0.974129
vt 0.118598 0.953750
vt 0.110691 0.945844
vt 0.118598 0.945844
vt 0.110691 0.953750
vt 0.971083 0.956692
vt 0.977547 0.956692
vt 0.126504 0.953750
vt 0.126504 0.945844
vt 0.971083 0.118599
vt 0.977547 0.118599
vt 0.643537 0.965234
vt 0.637606 0.956033
vt 0.643537 0.956033
vt 0.637606 0.965234
vt 0.649469 0.956033
vt 0.643537 0.965234
vt 0.643537 0.956033
vt 0.649469 0.965234
vt 0.947782 0.276017
vt 0.939876 0.276017
vt 0.983478 0.561364
vt 0.989409 0.553457
vt 0.989409 0.561364
vt 0.983478 0.553457
vt 0.947782 0.285218
vt 0.939876 0.285218
vt 0.983478 0.023720
vt 0.977547 0.031626
vt 0.983478 0.031626
vt 0.995128 0.766936
vt 0.989409 0.759030
vt 0.995128 0.759030
vt 0.989409 0.766936
vt 0.989409 0.766936
vt 0.995128 0.774843
vt 0.989409 0.774843
vt 0.995128 0.766936
vt 0.959220 0.866107
vt 0.959220 0.876296
vt 0.607087 0.916553
vt 0.614993 0.906364
vt 0.614993 0.916553
vt 0.607087 0.906364
vt 0.953501 0.580800
vt 0.959220 0.570611
vt 0.959220 0.580800
vt 0.953501 0.570611
vt 0.917290 0.495003
vt 0.909384 0.505192
vt 0.909384 0.495003
vt 0.917290 0.505192
vt 0.843224 0.847272
vt 0.834769 0.865416
vt 0.834769 0.847272
vt 0.843224 0.865416
vt 0.165198 0.913967
vt 0.165198 0.923168
vt 0.156744 0.923168
vt 0.156744 0.913967
vt 0.560827 0.018144
vt 0.570027 0.000000
vt 0.570027 0.018144
vt 0.560827 0.000000
vt 0.032766 0.846023
vt 0.032766 0.864167
vt 0.579228 0.000000
vt 0.570027 0.018144
vt 0.570027 0.000000
vt 0.579228 0.018144
vt 0.148290 0.923168
vt 0.148290 0.913967
vt 0.156744 0.913967
vt 0.156744 0.923168
vt 0.965151 0.561235
vt 0.971083 0.570436
vt 0.965151 0.570436
vt 0.971083 0.561235
vt 0.971083 0.579636
vt 0.965151 0.570436
vt 0.971083 0.570436
vt 0.965151 0.579636
vt 0.931969 0.211613
vt 0.939876 0.202413
vt 0.939876 0.211613
vt 0.931969 0.202413
vt 0.983478 0.980410
vt 0.977547 0.980410
vt 0.977547 0.972503
vt 0.983478 0.972503
vt 0.939876 0.211613
vt 0.939876 0.220814
vt 0.931969 0.220814
vt 0.931969 0.211613
vt 0.983478 0.000000
vt 0.989409 0.007907
vt 0.983478 0.007907
vt 0.989409 0.000000
vt 0.207595 0.984040
vt 0.201663 0.991946
vt 0.201663 0.984040
vt 0.207595 0.991946
vt 0.965151 0.285218
vt 0.965151 0.276018
vt 0.959220 0.285218
vt 0.442765 0.945844
vt 0.442765 0.936643
vt 0.977547 0.007907
vt 0.983478 0.000000
vt 0.983478 0.007907
vt 0.977547 0.000000
vt 0.947782 0.294418
vt 0.939876 0.285218
vt 0.947782 0.285218
vt 0.939876 0.294418
vt 0.959220 0.294419
vt 0.965151 0.294419
vt 0.965151 0.579636
vt 0.971083 0.588837
vt 0.965151 0.588837
vt 0.971083 0.579636
vt 0.971083 0.598038
vt 0.965151 0.588837
vt 0.971083 0.588837
vt 0.965151 0.598038
vt 0.648335 0.936643
vt 0.648335 0.945844
vt 0.989409 0.308355
vt 0.983478 0.300448
vt 0.989409 0.300448
vt 0.983478 0.308355
vt 0.150224 0.936643
vt 0.150224 0.945844
vt 0.983478 0.561364
vt 0.989409 0.569270
vt 0.983478 0.569270
vt 0.989409 0.561364
vt 0.883968 0.974129
vt 0.883968 0.966223
vt 0.890432 0.974129
vt 0.883968 0.966223
vt 0.890432 0.966223
vt 0.883968 0.974129
vt 0.126504 0.953750
vt 0.134411 0.945844
vt 0.134411 0.953750
vt 0.126504 0.945844
vt 0.977547 0.964598
vt 0.971083 0.956691
vt 0.977547 0.956691
vt 0.971083 0.964598
vt 0.142317 0.945844
vt 0.142317 0.953750
vt 0.134411 0.953750
vt 0.971083 0.964598
vt 0.977547 0.972504
vt 0.971083 0.972504
vt 0.965151 0.598038
vt 0.971083 0.607238
vt 0.965151 0.607238
vt 0.971083 0.598038
vt 0.971083 0.616439
vt 0.965151 0.607238
vt 0.971083 0.607238
vt 0.965151 0.616439
vt 0.648335 0.945844
vt 0.648335 0.936643
vt 0.656241 0.936643
vt 0.656241 0.945844
vt 0.989409 0.925064
vt 0.983478 0.925064
vt 0.983478 0.917158
vt 0.989409 0.917158
vt 0.664148 0.936643
vt 0.664148 0.945844
vt 0.656241 0.945844
vt 0.656241 0.936643
vt 0.983478 0.569270
vt 0.989409 0.569270
vt 0.989409 0.577177
vt 0.983478 0.577177
vt 0.989409 0.086972
vt 0.995128 0.086972
vt 0.989409 0.094879
vt 0.995128 0.094879
vt 0.953501 0.896675
vt 0.947782 0.896675
vt 0.632136 0.916553
vt 0.624229 0.916553
vt 0.624229 0.906364
vt 0.632136 0.906364
vt 0.953501 0.213979
vt 0.959220 0.224169
vt 0.953501 0.224169
vt 0.959220 0.213979
vt 0.599180 0.906364
vt 0.607087 0.906364
vt 0.607087 0.916553
vt 0.599180 0.916553
vt 0.063127 0.864167
vt 0.054673 0.882310
vt 0.054673 0.864167
vt 0.063127 0.882310
vt 0.931969 0.450828
vt 0.931969 0.460029
vt 0.923515 0.460029
vt 0.923515 0.450828
vt 0.782669 0.562028
vt 0.791870 0.543885
vt 0.791870 0.562028
vt 0.782669 0.543885
vt 0.533752 0.871216
vt 0.542206 0.853072
vt 0.542206 0.871216
vt 0.533752 0.853072
vt 0.796584 0.334240
vt 0.787384 0.352384
vt 0.787384 0.334240
vt 0.796584 0.352384
vt 0.931969 0.469229
vt 0.923515 0.469229
vt 0.965151 0.855654
vt 0.971083 0.855654
vt 0.971083 0.864854
vt 0.965151 0.864854
vt 0.971083 0.874055
vt 0.965151 0.874055
vt 0.965151 0.864854
vt 0.971083 0.864854
vt 0.411944 0.923522
vt 0.411944 0.932723
vt 0.404037 0.932723
vt 0.404037 0.923522
vt 0.983478 0.237196
vt 0.989409 0.237196
vt 0.989409 0.245102
vt 0.983478 0.245102
vt 0.411944 0.923522
vt 0.419850 0.923522
vt 0.419850 0.932723
vt 0.989409 0.253009
vt 0.983478 0.253009
vt 0.983478 0.245102
vt 0.989409 0.245102
vt 0.977547 0.466486
vt 0.971083 0.474393
vt 0.971083 0.466486
vt 0.977547 0.474393
vt 0.483209 0.966223
vt 0.483209 0.974129
vt 0.142317 0.945844
vt 0.150224 0.953750
vt 0.142317 0.953750
vt 0.150224 0.945844
vt 0.971083 0.284636
vt 0.977546 0.284636
vt 0.521831 0.953750
vt 0.521831 0.945844
vt 0.483209 0.974129
vt 0.483209 0.966223
vt 0.489673 0.966223
vt 0.489673 0.974129
vt 0.965151 0.874055
vt 0.971083 0.874055
vt 0.971083 0.883255
vt 0.965151 0.883255
vt 0.971083 0.892456
vt 0.965151 0.892456
vt 0.965151 0.883255
vt 0.971083 0.883255
vt 0.609607 0.923522
vt 0.609607 0.932723
vt 0.601701 0.923522
vt 0.213526 0.991946
vt 0.213526 0.984040
vt 0.609607 0.923522
vt 0.617514 0.923522
vt 0.617514 0.932723
vt 0.989409 0.972503
vt 0.983478 0.972503
vt 0.983478 0.964597
vt 0.989409 0.964597
vt 0.971083 0.395327
vt 0.977546 0.395327
vt 0.977546 0.403234
vt 0.971083 0.403234
vt 0.977546 0.411140
vt 0.971083 0.411140
vt 0.971083 0.403234
vt 0.977546 0.403234
vt 0.735307 0.945844
vt 0.735307 0.953750
vt 0.727401 0.953750
vt 0.727401 0.945844
vt 0.174524 0.975423
vt 0.180988 0.975423
vt 0.180988 0.983330
vt 0.174524 0.983330
vt 0.735307 0.953750
vt 0.735307 0.945844
vt 0.743214 0.945844
vt 0.743214 0.953750
vt 0.187451 0.983330
vt 0.180988 0.983330
vt 0.180988 0.975423
vt 0.187451 0.975423
vt 0.965151 0.892456
vt 0.971083 0.892456
vt 0.971083 0.901656
vt 0.965151 0.901656
vt 0.971083 0.910857
vt 0.965151 0.901656
vt 0.971083 0.901656
vt 0.965151 0.910857
vt 0.939876 0.395625
vt 0.939876 0.404825
vt 0.931969 0.404825
vt 0.931969 0.395625
vt 0.213526 0.984040
vt 0.219457 0.984040
vt 0.219457 0.991946
vt 0.213526 0.991946
vt 0.931969 0.414026
vt 0.931969 0.404825
vt 0.939876 0.404825
vt 0.939876 0.414026
vt 0.338083 0.991946
vt 0.338083 0.984040
vt 0.989409 0.782749
vt 0.989409 0.774843
vt 0.995128 0.774843
vt 0.995128 0.782749
vt 0.995128 0.782749
vt 0.995128 0.790656
vt 0.989409 0.790656
vt 0.989409 0.782749
vt 0.953501 0.580800
vt 0.959220 0.590990
vt 0.953501 0.590990
vt 0.959220 0.580800
vt 0.616323 0.906364
vt 0.624229 0.916553
vt 0.616323 0.916553
vt 0.959220 0.733643
vt 0.953501 0.723453
vt 0.959220 0.723453
vt 0.953501 0.733643
vt 0.073192 0.921983
vt 0.065286 0.921983
vt 0.065286 0.911794
vt 0.073192 0.911794
vt 0.709794 0.912791
vt 0.709794 0.921992
vt 0.701340 0.921992
vt 0.701340 0.912791
vt 0.858898 0.922244
vt 0.858898 0.913043
vt 0.867352 0.913043
vt 0.867352 0.922244
vt 0.652848 0.036601
vt 0.662049 0.018457
vt 0.662049 0.036601
vt 0.652848 0.018457
vt 0.400403 0.838593
vt 0.391949 0.856737
vt 0.391949 0.838593
vt 0.400403 0.856737
vt 0.671249 0.018457
vt 0.662049 0.036601
vt 0.662049 0.018457
vt 0.671249 0.036601
vt 0.606829 0.018144
vt 0.615284 0.000000
vt 0.615284 0.018144
vt 0.606829 0.000000
vt 0.965151 0.303619
vt 0.965151 0.294419
vt 0.959220 0.303619
vt 0.959220 0.312820
vt 0.965151 0.312820
vt 0.450671 0.945844
vt 0.450671 0.936643
vt 0.983478 0.260915
vt 0.989409 0.260915
vt 0.458578 0.945844
vt 0.458578 0.936643
vt 0.737998 0.983330
vt 0.743929 0.975423
vt 0.743929 0.983330
vt 0.737998 0.975423
vt 0.225388 0.984040
vt 0.219457 0.991946
vt 0.219457 0.984040
vt 0.225388 0.991946
vt 0.965151 0.322020
vt 0.965151 0.312820
vt 0.959220 0.322020
vt 0.947782 0.533633
vt 0.939876 0.533633
vt 0.977547 0.371607
vt 0.983478 0.363700
vt 0.983478 0.371607
vt 0.977547 0.363700
vt 0.947782 0.542834
vt 0.939876 0.533633
vt 0.947782 0.533633
vt 0.939876 0.542834
vt 0.959220 0.331221
vt 0.965151 0.331221
vt 0.965151 0.340422
vt 0.965151 0.331221
vt 0.959220 0.340422
vt 0.959220 0.349622
vt 0.965151 0.349622
vt 0.458578 0.936643
vt 0.466484 0.945844
vt 0.458578 0.945844
vt 0.466484 0.936643
vt 0.983478 0.980410
vt 0.989409 0.980410
vt 0.947782 0.046003
vt 0.939876 0.046003
vt 0.977547 0.110691
vt 0.983478 0.102785
vt 0.983478 0.110691
vt 0.977547 0.102785
vt 0.496137 0.966223
vt 0.496137 0.974129
vt 0.502601 0.966223
vt 0.502601 0.974129
vt 0.150224 0.945844
vt 0.158130 0.953750
vt 0.150224 0.953750
vt 0.158130 0.945844
vt 0.977547 0.284636
vt 0.971083 0.292542
vt 0.971083 0.284636
vt 0.977547 0.292542
vt 0.166037 0.953750
vt 0.166037 0.945844
vt 0.158130 0.953750
vt 0.971083 0.300449
vt 0.977546 0.292542
vt 0.977546 0.300449
vt 0.971083 0.292542
vt 0.965151 0.358823
vt 0.965151 0.349622
vt 0.959220 0.358823
vt 0.959220 0.368023
vt 0.965151 0.368023
vt 0.939876 0.046003
vt 0.947782 0.055203
vt 0.939876 0.055203
vt 0.344014 0.984040
vt 0.344014 0.991946
vt 0.947782 0.303619
vt 0.939876 0.303619
vt 0.977547 0.118598
vt 0.983478 0.118598
vt 0.723579 0.984040
vt 0.729298 0.984040
vt 0.729298 0.991946
vt 0.723579 0.991946
vt 0.923737 0.991946
vt 0.918018 0.991946
vt 0.918018 0.984040
vt 0.923737 0.984040
vt 0.947783 0.509474
vt 0.953501 0.499284
vt 0.953501 0.509474
vt 0.947783 0.499284
vt 0.226292 0.911024
vt 0.218386 0.921214
vt 0.218386 0.911024
vt 0.226292 0.921214
vt 0.953501 0.081516
vt 0.947782 0.091705
vt 0.947782 0.081516
vt 0.953501 0.091705
vt 0.333559 0.916572
vt 0.341466 0.906383
vt 0.341466 0.916572
vt 0.965151 0.726846
vt 0.959220 0.726846
vt 0.959220 0.736046
vt 0.965151 0.736046
vt 0.625420 0.932723
vt 0.617514 0.923522
vt 0.625420 0.923522
vt 0.617514 0.932723
vt 0.983478 0.387420
vt 0.989409 0.379513
vt 0.989409 0.387420
vt 0.983478 0.379513
vt 0.625420 0.923522
vt 0.633327 0.932723
vt 0.625420 0.932723
vt 0.633327 0.923522
vt 0.989409 0.047439
vt 0.983478 0.055346
vt 0.983478 0.047439
vt 0.989409 0.055346
vt 0.769330 0.984040
vt 0.775048 0.991946
vt 0.769330 0.991946
vt 0.775048 0.984040
vt 0.780767 0.984040
vt 0.775048 0.991946
vt 0.775048 0.984040
vt 0.780767 0.991946
vt 0.953501 0.896675
vt 0.947782 0.906865
vt 0.947782 0.896675
vt 0.953501 0.906865
vt 0.887881 0.916147
vt 0.895787 0.905958
vt 0.895787 0.916147
vt 0.887881 0.905958
vt 0.941376 0.956033
vt 0.947095 0.945844
vt 0.947095 0.956033
vt 0.941376 0.945844
vt 0.102213 0.906201
vt 0.094306 0.916391
vt 0.094306 0.906201
vt 0.102213 0.916391
vt 0.971083 0.128808
vt 0.965151 0.128808
vt 0.971083 0.138009
vt 0.965151 0.138009
vt 0.939876 0.064404
vt 0.947782 0.064404
vt 0.983478 0.458578
vt 0.977547 0.458578
vt 0.977547 0.450672
vt 0.983478 0.450672
vt 0.947782 0.073605
vt 0.939876 0.073605
vt 0.983478 0.466485
vt 0.977547 0.466485
vt 0.989409 0.419048
vt 0.995128 0.411142
vt 0.995128 0.419048
vt 0.989409 0.411142
vt 0.995128 0.419048
vt 0.989409 0.426955
vt 0.989409 0.419048
vt 0.995128 0.426955
vt 0.959220 0.703074
vt 0.953501 0.692885
vt 0.959220 0.692885
vt 0.953501 0.703074
vt 0.912696 0.905356
vt 0.904789 0.905356
vt 0.904789 0.895167
vt 0.912696 0.895167
vt 0.953501 0.356632
vt 0.959220 0.366821
vt 0.953501 0.366821
vt 0.959220 0.356632
vt 0.185134 0.903778
vt 0.193040 0.903778
vt 0.193040 0.913967
vt 0.185134 0.913967
vt 0.886720 0.956033
vt 0.892651 0.956033
vt 0.892651 0.965234
vt 0.886720 0.965234
vt 0.898582 0.956033
vt 0.898582 0.965234
vt 0.641233 0.923522
vt 0.641233 0.932723
vt 0.983478 0.466485
vt 0.983478 0.474391
vt 0.977547 0.474391
vt 0.641233 0.923522
vt 0.649140 0.923522
vt 0.649140 0.932723
vt 0.989409 0.395326
vt 0.983478 0.395326
vt 0.983478 0.387420
vt 0.989409 0.387420
vt 0.643516 0.984040
vt 0.649235 0.991946
vt 0.643516 0.991946
vt 0.649235 0.984040
vt 0.649235 0.991946
vt 0.649235 0.984040
vt 0.654954 0.984040
vt 0.654954 0.991946
vt 0.912782 0.945844
vt 0.918501 0.956033
vt 0.912782 0.956033
vt 0.918501 0.945844
vt 0.483575 0.900862
vt 0.491481 0.900862
vt 0.491481 0.911051
vt 0.483575 0.911051
vt 0.959220 0.030568
vt 0.953501 0.020379
vt 0.953501 0.030568
vt 0.165198 0.913967
vt 0.157291 0.913967
vt 0.157291 0.903778
vt 0.165198 0.903778
vt 0.762163 0.965234
vt 0.762163 0.956033
vt 0.756232 0.965234
vt 0.768094 0.956033
vt 0.768094 0.965234
vt 0.657046 0.932722
vt 0.649140 0.932722
vt 0.657046 0.923522
vt 0.989409 0.284635
vt 0.983478 0.292541
vt 0.983478 0.284635
vt 0.989409 0.292541
vt 0.664953 0.932723
vt 0.657046 0.923522
vt 0.664953 0.923522
vt 0.657046 0.932723
vt 0.977547 0.308354
vt 0.983478 0.300448
vt 0.983478 0.308354
vt 0.977547 0.300448
vt 0.995128 0.324169
vt 0.989409 0.324169
vt 0.995128 0.332076
vt 0.989409 0.332076
vt 0.995128 0.324169
vt 0.953501 0.377011
vt 0.959220 0.377011
vt 0.912696 0.884977
vt 0.904789 0.895167
vt 0.904789 0.884977
vt 0.959220 0.733643
vt 0.953501 0.743832
vt 0.953501 0.733643
vt 0.959220 0.743832
vt 0.466119 0.911051
vt 0.474026 0.900862
vt 0.474026 0.911051
vt 0.466119 0.900862
vt 0.335109 0.965234
vt 0.329178 0.956033
vt 0.335109 0.956033
vt 0.329178 0.965234
vt 0.341041 0.956033
vt 0.335109 0.965234
vt 0.335109 0.956033
vt 0.341041 0.965234
vt 0.158130 0.945844
vt 0.150224 0.936643
vt 0.158130 0.936643
vt 0.150224 0.945844
vt 0.977547 0.482298
vt 0.983478 0.482298
vt 0.977547 0.474391
vt 0.166037 0.945844
vt 0.166037 0.936643
vt 0.809173 0.975423
vt 0.809173 0.983330
vt 0.995128 0.102785
vt 0.989409 0.094879
vt 0.995128 0.094879
vt 0.989409 0.102785
vt 0.995128 0.110692
vt 0.989409 0.110692
vt 0.953501 0.743832
vt 0.947782 0.754022
vt 0.947782 0.743832
vt 0.953501 0.754022
vt 0.110119 0.906201
vt 0.110119 0.916391
vt 0.947782 0.652127
vt 0.953501 0.652127
vt 0.947782 0.641937
vt 0.916207 0.674538
vt 0.908301 0.684727
vt 0.908301 0.674538
vt 0.916207 0.684727
vt 0.898582 0.956033
vt 0.904514 0.965234
vt 0.898582 0.965234
vt 0.904514 0.956033
vt 0.910445 0.965234
vt 0.904514 0.956033
vt 0.910445 0.956033
vt 0.904514 0.965234
vt 0.664953 0.932723
vt 0.664953 0.923522
vt 0.672859 0.923522
vt 0.672859 0.932723
vt 0.983478 0.490205
vt 0.977547 0.490205
vt 0.977547 0.482298
vt 0.680766 0.923522
vt 0.680766 0.932723
vt 0.672859 0.923522
vt 0.977547 0.490205
vt 0.983478 0.490205
vt 0.983478 0.498111
vt 0.977547 0.498111
vt 0.540578 0.991946
vt 0.546297 0.984040
vt 0.546297 0.991946
vt 0.540578 0.984040
vt 0.552015 0.984040
vt 0.546297 0.991946
vt 0.546297 0.984040
vt 0.552015 0.991946
vt 0.953501 0.193600
vt 0.947782 0.193600
vt 0.908836 0.544947
vt 0.900930 0.534757
vt 0.908836 0.534757
vt 0.900930 0.544947
vt 0.953501 0.020379
vt 0.947783 0.020379
vt 0.901310 0.014400
vt 0.909216 0.014400
vt 0.909216 0.024590
vt 0.901310 0.024590
vt 0.965151 0.285218
vt 0.971083 0.285218
vt 0.971083 0.294419
vt 0.965151 0.294419
vt 0.971083 0.303619
vt 0.965151 0.303619
vt 0.688672 0.923522
vt 0.688672 0.932723
vt 0.680766 0.932723
vt 0.680766 0.923522
vt 0.983478 0.395326
vt 0.989409 0.403233
vt 0.983478 0.403233
vt 0.688673 0.932723
vt 0.696579 0.923522
vt 0.696579 0.932723
vt 0.688673 0.923522
vt 0.106763 0.991946
vt 0.100832 0.984040
vt 0.106763 0.984040
vt 0.100832 0.991946
vt 0.040031 1.000000
vt 0.045750 0.992093
vt 0.045750 1.000000
vt 0.040031 0.992093
vt 0.011438 0.992093
vt 0.005719 1.000000
vt 0.005719 0.992093
vt 0.011438 1.000000
vt 0.011438 0.956033
vt 0.017156 0.966223
vt 0.011438 0.966223
vt 0.017156 0.956033
vt 0.118026 0.906201
vt 0.118026 0.916391
vt 0.040031 0.966223
vt 0.034313 0.956033
vt 0.040031 0.956033
vt 0.034313 0.966223
vt 0.234361 0.917595
vt 0.226454 0.907406
vt 0.234361 0.907406
vt 0.226454 0.917595
vt 0.085994 0.965234
vt 0.080063 0.956033
vt 0.085994 0.956033
vt 0.080063 0.965234
vt 0.091925 0.956033
vt 0.091925 0.965234
vt 0.704486 0.932723
vt 0.704486 0.923522
vt 0.112694 0.984040
vt 0.106763 0.991946
vt 0.106763 0.984040
vt 0.112694 0.991946
vt 0.712392 0.932723
vt 0.704486 0.923522
vt 0.712392 0.923522
vt 0.704486 0.932723
vt 0.809173 0.983330
vt 0.815105 0.975423
vt 0.815105 0.983330
vt 0.809173 0.975423
vt 0.989409 0.790656
vt 0.995128 0.790656
vt 0.995128 0.798562
vt 0.989409 0.798562
vt 0.995128 0.434861
vt 0.989409 0.434861
vt 0.989409 0.426955
vt 0.995128 0.426955
vt 0.953501 0.438148
vt 0.959220 0.438148
vt 0.877949 0.908586
vt 0.870043 0.918776
vt 0.870043 0.908586
vt 0.877949 0.918776
vt 0.959220 0.703074
vt 0.953501 0.713264
vt 0.953501 0.703074
vt 0.959220 0.713264
vt 0.032766 0.916391
vt 0.040673 0.906202
vt 0.040673 0.916391
vt 0.032766 0.906202
vt 0.626096 0.894418
vt 0.626096 0.838233
vt 0.631588 0.894418
vt 0.631588 0.838233
vt 0.648193 0.838233
vt 0.648193 0.894418
vt 0.642701 0.838233
vt 0.642701 0.894418
vt 0.887007 0.667162
vt 0.887007 0.723347
vt 0.881514 0.667162
vt 0.881514 0.723347
vt 0.332034 0.879355
vt 0.332034 0.823169
vt 0.337527 0.879355
vt 0.337527 0.823169
vt 0.806767 0.431514
vt 0.750582 0.431514
vt 0.750582 0.124595
vt 0.806767 0.124595
vt 0.806767 0.180781
vt 0.750582 0.180781
vt 0.965151 0.745247
vt 0.959220 0.745247
vt 0.965151 0.745247
vt 0.959220 0.754447
vt 0.959220 0.745247
vt 0.965151 0.754447
vt 0.427757 0.932723
vt 0.419851 0.923522
vt 0.427757 0.923522
vt 0.419851 0.932723
vt 0.983478 0.585083
vt 0.989409 0.585083
vt 0.939876 0.423227
vt 0.931969 0.423227
vt 0.939876 0.414026
vt 0.983478 0.901344
vt 0.977547 0.909251
vt 0.977547 0.901344
vt 0.983478 0.909251
vt 0.419515 0.907313
vt 0.411608 0.917503
vt 0.411608 0.907313
vt 0.419515 0.917503
vt 0.995128 0.806469
vt 0.989409 0.806469
vt 0.953501 0.601179
vt 0.959220 0.601179
vt 0.373489 0.916572
vt 0.381396 0.906383
vt 0.381396 0.916572
vt 0.373489 0.906383
vt 0.959220 0.315874
vt 0.953501 0.315874
vt 0.959220 0.326063
vt 0.995128 0.442768
vt 0.989409 0.442768
vt 0.965151 0.763648
vt 0.959220 0.754447
vt 0.965151 0.754447
vt 0.959220 0.763648
vt 0.965151 0.763648
vt 0.959220 0.772848
vt 0.959220 0.763648
vt 0.965151 0.772848
vt 0.720299 0.932723
vt 0.720299 0.923522
vt 0.983478 0.592990
vt 0.989409 0.592990
vt 0.720299 0.923522
vt 0.728205 0.932723
vt 0.720299 0.932723
vt 0.728205 0.923522
vt 0.989409 0.031626
vt 0.983478 0.039533
vt 0.983478 0.031626
vt 0.989409 0.039533
vt 0.715908 0.974129
vt 0.715908 0.966223
vt 0.722372 0.966223
vt 0.715908 0.974129
vt 0.722372 0.974129
vt 0.947782 0.827097
vt 0.939876 0.819190
vt 0.947782 0.819190
vt 0.939876 0.827097
vt 0.000000 0.983330
vt 0.006464 0.975423
vt 0.006464 0.983330
vt 0.000000 0.975423
vt 0.939876 0.827097
vt 0.947782 0.835003
vt 0.939876 0.835003
vt 0.947782 0.827097
vt 0.977547 0.838093
vt 0.971083 0.846000
vt 0.971083 0.838093
vt 0.977547 0.846000
vt 0.965151 0.782049
vt 0.959220 0.772848
vt 0.965151 0.772848
vt 0.959220 0.782049
vt 0.959220 0.791250
vt 0.959220 0.782049
vt 0.965151 0.791250
vt 0.939876 0.432427
vt 0.939876 0.423227
vt 0.931969 0.432427
vt 0.983478 0.600896
vt 0.989409 0.592990
vt 0.989409 0.600896
vt 0.983478 0.592990
vt 0.931969 0.432427
vt 0.939876 0.441628
vt 0.931969 0.441628
vt 0.939876 0.432427
vt 0.989409 0.205570
vt 0.983478 0.213476
vt 0.983478 0.205570
vt 0.989409 0.213476
vt 0.780767 0.984040
vt 0.786486 0.991946
vt 0.780767 0.991946
vt 0.786486 0.984040
vt 0.792205 0.984040
vt 0.786486 0.991946
vt 0.786486 0.984040
vt 0.792205 0.991946
vt 0.953501 0.122274
vt 0.953501 0.112084
vt 0.959220 0.122274
vt 0.909384 0.495003
vt 0.917290 0.484813
vt 0.917290 0.495003
vt 0.909384 0.484813
vt 0.947782 0.254737
vt 0.953501 0.244548
vt 0.953501 0.254737
vt 0.947782 0.244548
vt 0.916207 0.734027
vt 0.908301 0.734027
vt 0.971083 0.147209
vt 0.965151 0.147209
vt 0.971083 0.156410
vt 0.965151 0.156410
vt 0.466484 0.945844
vt 0.466484 0.936643
vt 0.474391 0.936643
vt 0.474391 0.945844
vt 0.983478 0.221383
vt 0.977547 0.213476
vt 0.983478 0.213476
vt 0.977547 0.221383
vt 0.947782 0.303619
vt 0.939876 0.312819
vt 0.939876 0.303619
vt 0.947782 0.312819
vt 0.983478 0.640429
vt 0.983478 0.648335
vt 0.977547 0.648335
vt 0.231320 0.984040
vt 0.225388 0.991946
vt 0.225388 0.984040
vt 0.231320 0.991946
vt 0.097857 0.965234
vt 0.091925 0.956033
vt 0.097857 0.956033
vt 0.939876 0.450828
vt 0.931969 0.450828
vt 0.696479 0.983330
vt 0.702410 0.975423
vt 0.702410 0.983330
vt 0.696479 0.975423
vt 0.939876 0.460029
vt 0.931969 0.450828
vt 0.939876 0.450828
vt 0.931969 0.460029
vt 0.103788 0.956033
vt 0.103788 0.965234
vt 0.971083 0.165611
vt 0.965151 0.165611
vt 0.971083 0.174811
vt 0.965151 0.174811
vt 0.939876 0.082805
vt 0.947782 0.082805
vt 0.939876 0.073605
vt 0.983478 0.332074
vt 0.983478 0.324168
vt 0.977547 0.332074
vt 0.947783 0.082805
vt 0.939876 0.092006
vt 0.939876 0.082805
vt 0.947783 0.092006
vt 0.983478 0.656242
vt 0.977547 0.656242
vt 0.767619 0.974129
vt 0.767619 0.966223
vt 0.774083 0.974129
vt 0.767619 0.966223
vt 0.774083 0.966223
vt 0.767619 0.974129
vt 0.751120 0.945844
vt 0.751120 0.953750
vt 0.977547 0.585084
vt 0.971083 0.585084
vt 0.971083 0.577178
vt 0.977547 0.577178
vt 0.759027 0.945844
vt 0.759027 0.953750
vt 0.751120 0.953750
vt 0.751120 0.945844
vt 0.971083 0.585084
vt 0.977547 0.592991
vt 0.971083 0.592991
vt 0.977547 0.585084
vt 0.971083 0.184012
vt 0.965151 0.184012
vt 0.971083 0.193212
vt 0.965151 0.193212
vt 0.939876 0.322020
vt 0.947782 0.312819
vt 0.947782 0.322020
vt 0.939876 0.312819
vt 0.983478 0.932970
vt 0.977547 0.925064
vt 0.983478 0.925064
vt 0.977547 0.932970
vt 0.939876 0.331221
vt 0.947782 0.331221
vt 0.977547 0.656242
vt 0.983478 0.664148
vt 0.977547 0.664148
vt 0.983478 0.656242
vt 0.989409 0.450674
vt 0.995128 0.442768
vt 0.995128 0.450674
vt 0.989409 0.442768
vt 0.995128 0.450674
vt 0.989409 0.458581
vt 0.989409 0.450674
vt 0.995128 0.458581
vt 0.959220 0.886485
vt 0.953501 0.886485
vt 0.914891 0.582967
vt 0.914891 0.572778
vt 0.906985 0.582967
vt 0.959220 0.754022
vt 0.953501 0.754022
vt 0.906985 0.582967
vt 0.914891 0.593157
vt 0.906985 0.593157
vt 0.914891 0.582967
vt 0.916376 0.956033
vt 0.916376 0.965234
vt 0.922307 0.956033
vt 0.916376 0.965234
vt 0.916376 0.956033
vt 0.922307 0.965234
vt 0.939876 0.460029
vt 0.939876 0.469230
vt 0.931969 0.469230
vt 0.977547 0.664148
vt 0.983478 0.664148
vt 0.983478 0.672055
vt 0.977547 0.672055
vt 0.427757 0.923522
vt 0.435664 0.923522
vt 0.435664 0.932723
vt 0.989409 0.142317
vt 0.983478 0.142317
vt 0.983478 0.134411
vt 0.989409 0.134411
vt 0.971083 0.482299
vt 0.977547 0.482299
vt 0.185871 0.966223
vt 0.185871 0.974129
vt 0.179407 0.974129
vt 0.179407 0.966223
vt 0.939876 0.708498
vt 0.947782 0.716404
vt 0.939876 0.716404
vt 0.947782 0.708498
vt 0.971083 0.126505
vt 0.977547 0.126505
vt 0.947782 0.842910
vt 0.939876 0.835003
vt 0.947782 0.835003
vt 0.939876 0.842910
vt 0.192335 0.966223
vt 0.192335 0.974129
vt 0.928239 0.956033
vt 0.928239 0.965234
vt 0.934170 0.956033
vt 0.934170 0.965234
vt 0.736112 0.923522
vt 0.736112 0.932723
vt 0.728205 0.932723
vt 0.728205 0.923522
vt 0.983478 0.679961
vt 0.977547 0.679961
vt 0.736112 0.932723
vt 0.736112 0.923522
vt 0.744018 0.923522
vt 0.744018 0.932723
vt 0.989409 0.316261
vt 0.983478 0.316261
vt 0.560776 0.966223
vt 0.560776 0.974129
vt 0.567240 0.966223
vt 0.560776 0.974129
vt 0.567240 0.974129
vt 0.947782 0.842910
vt 0.947782 0.850817
vt 0.939876 0.850817
vt 0.977546 0.592991
vt 0.977546 0.600897
vt 0.971083 0.600897
vt 0.521831 0.953750
vt 0.521831 0.945844
vt 0.529738 0.945844
vt 0.529738 0.953750
vt 0.012928 0.983330
vt 0.006464 0.975423
vt 0.012928 0.975423
vt 0.934170 0.956033
vt 0.940101 0.956033
vt 0.940101 0.965234
vt 0.934170 0.965234
vt 0.946033 0.956033
vt 0.946033 0.965234
vt 0.939876 0.469229
vt 0.939876 0.478430
vt 0.931969 0.478430
vt 0.931969 0.469229
vt 0.983478 0.687868
vt 0.977547 0.687868
vt 0.931969 0.487631
vt 0.931969 0.478430
vt 0.939876 0.478430
vt 0.939876 0.487631
vt 0.989409 0.932971
vt 0.983478 0.932971
vt 0.654954 0.984040
vt 0.660672 0.991946
vt 0.654954 0.991946
vt 0.660673 0.984040
vt 0.660673 0.991946
vt 0.660673 0.984040
vt 0.666391 0.984040
vt 0.666391 0.991946
vt 0.953501 0.264926
vt 0.947782 0.264926
vt 0.953501 0.254737
vt 0.198501 0.904455
vt 0.206408 0.904455
vt 0.206408 0.914645
vt 0.198501 0.914645
vt 0.953501 0.764211
vt 0.947782 0.754022
vt 0.953501 0.754022
vt 0.947782 0.764211
vt 0.156744 0.913967
vt 0.148837 0.913967
vt 0.156744 0.903778
vt 0.774025 0.965234
vt 0.774025 0.956033
vt 0.768094 0.965234
vt 0.779957 0.956033
vt 0.779957 0.965234
vt 0.931969 0.487631
vt 0.939876 0.496831
vt 0.931969 0.496831
vt 0.939876 0.487631
vt 0.983478 0.079065
vt 0.989409 0.079065
vt 0.443570 0.932723
vt 0.435664 0.923522
vt 0.443570 0.923522
vt 0.977547 0.379513
vt 0.983478 0.371607
vt 0.983478 0.379513
vt 0.785888 0.965234
vt 0.785888 0.956033
vt 0.791819 0.956033
vt 0.791819 0.965234
vt 0.751925 0.932722
vt 0.744018 0.932722
vt 0.751925 0.923522
vt 0.983478 0.221383
vt 0.989409 0.221383
vt 0.759831 0.932723
vt 0.751925 0.923522
vt 0.759831 0.923522
vt 0.751925 0.932723
vt 0.977547 0.387420
vt 0.983478 0.379513
vt 0.983478 0.387420
vt 0.977547 0.379513
vt 0.819330 0.966223
vt 0.819330 0.974129
vt 0.812866 0.974129
vt 0.812866 0.966223
vt 0.819329 0.974129
vt 0.819329 0.966223
vt 0.825793 0.966223
vt 0.825793 0.974129
vt 0.759027 0.945844
vt 0.766934 0.953750
vt 0.759027 0.953750
vt 0.766934 0.945844
vt 0.977547 0.774841
vt 0.971083 0.782748
vt 0.971083 0.774841
vt 0.977547 0.782748
vt 0.774840 0.953750
vt 0.774840 0.945844
vt 0.766934 0.953750
vt 0.971083 0.759028
vt 0.977547 0.759028
vt 0.797751 0.965234
vt 0.797751 0.956033
vt 0.791819 0.965234
vt 0.803682 0.956033
vt 0.803682 0.965234
vt 0.931969 0.496831
vt 0.939876 0.506032
vt 0.931969 0.506032
vt 0.939876 0.496831
vt 0.989409 0.790653
vt 0.983478 0.798560
vt 0.983478 0.790653
vt 0.989409 0.798560
vt 0.939876 0.515232
vt 0.931969 0.515232
vt 0.977547 0.395326
vt 0.983478 0.387420
vt 0.983478 0.395326
vt 0.977547 0.387420
vt 0.995128 0.339982
vt 0.989409 0.339982
vt 0.995128 0.347889
vt 0.989409 0.347889
vt 0.953501 0.764211
vt 0.959220 0.764211
vt 0.914891 0.548887
vt 0.906985 0.559076
vt 0.906985 0.548887
vt 0.914891 0.559076
vt 0.959220 0.601179
vt 0.953501 0.611369
vt 0.953501 0.601179
vt 0.959220 0.611369
vt 0.206408 0.914645
vt 0.214314 0.904455
vt 0.214314 0.914645
vt 0.206408 0.904455
vt 0.609618 0.894418
vt 0.609618 0.838233
vt 0.615110 0.894418
vt 0.615110 0.838233
vt 0.171238 0.835539
vt 0.171238 0.891724
vt 0.165746 0.835539
vt 0.165746 0.891724
vt 0.245680 0.825192
vt 0.245680 0.881378
vt 0.240187 0.825192
vt 0.240187 0.881378
vt 0.881514 0.478783
vt 0.881514 0.422597
vt 0.887007 0.478783
vt 0.887007 0.422597
vt 0.441171 0.732002
vt 0.441171 0.788188
vt 0.384986 0.788188
vt 0.384986 0.732002
vt 0.734805 0.628058
vt 0.790991 0.628058
vt 0.790991 0.684243
vt 0.734805 0.684243
vt 0.900129 0.103569
vt 0.908583 0.093881
vt 0.908583 0.103569
vt 0.900129 0.093881
vt 0.908583 0.077326
vt 0.900129 0.087014
vt 0.900129 0.077326
vt 0.013391 0.882310
vt 0.013391 0.894256
vt 0.023078 0.882310
vt 0.898700 0.244162
vt 0.898700 0.232216
vt 0.907155 0.232216
vt 0.907155 0.244162
vt 0.096635 0.894256
vt 0.086947 0.882310
vt 0.096635 0.882310
vt 0.086947 0.894256
vt 0.907155 0.335949
vt 0.907155 0.347894
vt 0.898700 0.347894
vt 0.898700 0.335949
vt 0.491481 0.876754
vt 0.499935 0.858611
vt 0.499935 0.876754
vt 0.491481 0.858611
vt 0.483027 0.876754
vt 0.483027 0.858611
vt 0.155831 0.760712
vt 0.165031 0.742569
vt 0.165031 0.760712
vt 0.155831 0.742569
vt 0.923515 0.312820
vt 0.923515 0.303619
vt 0.931969 0.303619
vt 0.931969 0.312820
vt 0.488645 0.840467
vt 0.479445 0.858611
vt 0.479445 0.840467
vt 0.488645 0.858611
vt 0.931969 0.322020
vt 0.923515 0.322020
vt 0.907155 0.292142
vt 0.898700 0.292142
vt 0.907155 0.281522
vt 0.898700 0.292142
vt 0.898700 0.281522
vt 0.907155 0.292142
vt 0.839575 0.000170
vt 0.850195 0.012224
vt 0.839575 0.012224
vt 0.850195 0.000170
vt 0.574757 0.904132
vt 0.574757 0.892078
vt 0.583211 0.892078
vt 0.583211 0.904132
vt 0.856947 0.726655
vt 0.846327 0.714601
vt 0.856947 0.714601
vt 0.846327 0.726655
vt 0.594403 0.892119
vt 0.594403 0.904173
vt 0.585949 0.904173
vt 0.585949 0.892119
vt 0.908301 0.805611
vt 0.899847 0.815299
vt 0.899847 0.805611
vt 0.908301 0.815299
vt 0.751713 0.571872
vt 0.760168 0.562185
vt 0.760168 0.571872
vt 0.751713 0.562185
vt 0.073740 0.889550
vt 0.064052 0.877605
vt 0.073740 0.877605
vt 0.064052 0.889550
vt 0.663738 0.904930
vt 0.663738 0.892984
vt 0.672193 0.892984
vt 0.672193 0.904930
vt 0.320153 0.878101
vt 0.329841 0.890046
vt 0.320153 0.890046
vt 0.329841 0.878101
vt 0.683114 0.892984
vt 0.691568 0.904930
vt 0.683114 0.904930
vt 0.691568 0.892984
vt 0.795955 0.847272
vt 0.787501 0.865416
vt 0.787501 0.847272
vt 0.795955 0.865416
vt 0.024312 0.882310
vt 0.032766 0.864167
vt 0.032766 0.882310
vt 0.024312 0.864167
vt 0.662049 0.018457
vt 0.671249 0.000314
vt 0.671249 0.018457
vt 0.662049 0.000314
vt 0.917838 0.475613
vt 0.909384 0.484813
vt 0.909384 0.475613
vt 0.917838 0.484813
vt 0.568349 0.661766
vt 0.559148 0.679910
vt 0.559148 0.661766
vt 0.568349 0.679910
vt 0.295111 0.921490
vt 0.286656 0.912290
vt 0.295111 0.912290
vt 0.286656 0.921490
vt 0.900953 0.432001
vt 0.892499 0.442621
vt 0.892499 0.432001
vt 0.900953 0.442621
vt 0.892856 0.024590
vt 0.901310 0.013969
vt 0.901310 0.024590
vt 0.892856 0.013969
vt 0.743992 0.012224
vt 0.733372 0.000170
vt 0.743992 0.000170
vt 0.733372 0.012224
vt 0.662140 0.868985
vt 0.653686 0.881039
vt 0.653686 0.868985
vt 0.390678 0.566004
vt 0.401298 0.578058
vt 0.390678 0.578058
vt 0.401298 0.566004
vt 0.535918 0.883270
vt 0.544372 0.871216
vt 0.544372 0.883270
vt 0.535918 0.871216
vt 0.909384 0.483304
vt 0.900930 0.492992
vt 0.900930 0.483304
vt 0.909384 0.492992
vt 0.540932 0.027831
vt 0.549387 0.018144
vt 0.549387 0.027831
vt 0.540932 0.018144
vt 0.841990 0.895505
vt 0.832302 0.883560
vt 0.841990 0.883560
vt 0.906985 0.588251
vt 0.898531 0.600196
vt 0.898531 0.588251
vt 0.906985 0.600196
vt 0.077259 0.882310
vt 0.086947 0.894256
vt 0.077259 0.894256
vt 0.086947 0.882310
vt 0.086947 0.906201
vt 0.078493 0.894256
vt 0.086947 0.894256
vt 0.078493 0.906201
vt 0.714407 0.866548
vt 0.714407 0.848405
vt 0.722861 0.866548
vt 0.757140 0.865416
vt 0.765594 0.847272
vt 0.765594 0.865416
vt 0.757140 0.847272
vt 0.497846 0.840467
vt 0.488645 0.858611
vt 0.488645 0.840467
vt 0.497846 0.858611
vt 0.923515 0.360829
vt 0.915061 0.370030
vt 0.915061 0.360829
vt 0.923515 0.370030
vt 0.755067 0.562028
vt 0.764268 0.543885
vt 0.764268 0.562028
vt 0.755067 0.543885
vt 0.915061 0.276917
vt 0.923515 0.267716
vt 0.923515 0.276917
vt 0.915061 0.267716
vt 0.899847 0.674538
vt 0.908301 0.674538
vt 0.073422 0.555335
vt 0.073422 0.544715
vt 0.859649 0.431343
vt 0.849029 0.419290
vt 0.859649 0.419290
vt 0.849029 0.431343
vt 0.525298 0.888808
vt 0.516844 0.888808
vt 0.525298 0.900862
vt 0.850195 0.000170
vt 0.860815 0.012224
vt 0.850195 0.012224
vt 0.860815 0.000170
vt 0.900930 0.495358
vt 0.892475 0.483304
vt 0.892475 0.495358
vt 0.899847 0.883113
vt 0.908301 0.873425
vt 0.908301 0.883113
vt 0.899847 0.873425
vt 0.899847 0.753905
vt 0.908301 0.753905
vt 0.428427 0.880914
vt 0.438115 0.892860
vt 0.428427 0.892860
vt 0.438115 0.880914
vt 0.907155 0.407622
vt 0.898700 0.419568
vt 0.898700 0.407622
vt 0.907155 0.419568
vt 0.691568 0.892984
vt 0.691568 0.881039
vt 0.681880 0.892984
vt 0.898700 0.196379
vt 0.898700 0.184434
vt 0.907154 0.184434
vt 0.907154 0.196379
vt 0.032766 0.864167
vt 0.041220 0.846023
vt 0.041220 0.864167
vt 0.032766 0.846023
vt 0.128229 0.846023
vt 0.119775 0.864167
vt 0.119775 0.846023
vt 0.128229 0.864167
vt 0.588219 0.661766
vt 0.579018 0.679910
vt 0.579018 0.661766
vt 0.588219 0.679910
vt 0.923345 0.569266
vt 0.914891 0.578466
vt 0.914891 0.569266
vt 0.923345 0.578466
vt 0.569817 0.679910
vt 0.579018 0.661766
vt 0.569817 0.661766
vt 0.914891 0.558087
vt 0.923345 0.548887
vt 0.923345 0.558087
vt 0.914891 0.548887
vt 0.843569 0.135215
vt 0.852023 0.124595
vt 0.852023 0.135215
vt 0.843569 0.124595
vt 0.285724 0.895434
vt 0.277270 0.906054
vt 0.277270 0.895434
vt 0.285724 0.906054
vt 0.786473 0.000170
vt 0.797093 0.012224
vt 0.786473 0.012224
vt 0.797093 0.000170
vt 0.311699 0.890046
vt 0.303245 0.902100
vt 0.303245 0.890046
vt 0.311699 0.902100
vt 0.882056 0.012224
vt 0.871435 0.000170
vt 0.882056 0.000170
vt 0.871435 0.012224
vt 0.701887 0.902602
vt 0.701887 0.890548
vt 0.710341 0.890548
vt 0.710341 0.902602
vt 0.757140 0.883560
vt 0.765594 0.865416
vt 0.765594 0.883560
vt 0.757140 0.865416
vt 0.795955 0.865416
vt 0.787501 0.883560
vt 0.787501 0.865416
vt 0.795955 0.883560
vt 0.787384 0.259911
vt 0.796584 0.241767
vt 0.796584 0.259911
vt 0.787384 0.241767
vt 0.923515 0.487631
vt 0.931969 0.496831
vt 0.923515 0.496831
vt 0.931969 0.487631
vt 0.516097 0.840467
vt 0.506896 0.858611
vt 0.506896 0.840467
vt 0.516097 0.858611
vt 0.931969 0.496831
vt 0.931969 0.506032
vt 0.923515 0.506032
vt 0.346972 0.965234
vt 0.341041 0.956033
vt 0.346972 0.956033
vt 0.341041 0.965234
vt 0.352903 0.956033
vt 0.346972 0.965234
vt 0.346972 0.956033
vt 0.352903 0.965234
vt 0.939876 0.230015
vt 0.931969 0.220814
vt 0.931969 0.230015
vt 0.977547 0.695774
vt 0.983478 0.695774
vt 0.977547 0.687868
vt 0.664148 0.936643
vt 0.672054 0.945844
vt 0.664148 0.945844
vt 0.672054 0.936643
vt 0.708342 0.975423
vt 0.702410 0.983330
vt 0.702410 0.975423
vt 0.708342 0.983330
vt 0.664286 0.905038
vt 0.672193 0.905038
vt 0.672193 0.915228
vt 0.664286 0.915228
vt 0.045750 1.000000
vt 0.045750 0.992093
vt 0.051469 0.992093
vt 0.051469 1.000000
vt 0.068625 0.956033
vt 0.074344 0.966223
vt 0.068625 0.966223
vt 0.074344 0.956033
vt 0.490386 0.921241
vt 0.482480 0.911051
vt 0.490386 0.911051
vt 0.482480 0.921241
vt 0.045750 0.966223
vt 0.040031 0.956033
vt 0.045750 0.956033
vt 0.040031 0.966223
vt 0.017156 0.992093
vt 0.017156 1.000000
vt 0.011438 1.000000
vt 0.011438 0.992093
vt 0.358835 0.965234
vt 0.352903 0.956033
vt 0.358835 0.956033
vt 0.352903 0.965234
vt 0.364766 0.956033
vt 0.358835 0.965234
vt 0.358835 0.956033
vt 0.364766 0.965234
vt 0.173943 0.945844
vt 0.173943 0.936643
vt 0.977547 0.703681
vt 0.983478 0.695774
vt 0.983478 0.703681
vt 0.977547 0.695774
vt 0.181850 0.945844
vt 0.181850 0.936643
vt 0.767654 0.975423
vt 0.761723 0.983330
vt 0.767654 0.983330
vt 0.431498 0.974129
vt 0.425034 0.966223
vt 0.431498 0.966223
vt 0.425034 0.974129
vt 0.437962 0.966223
vt 0.431498 0.974129
vt 0.437962 0.974129
vt 0.537644 0.953750
vt 0.529738 0.945844
vt 0.537644 0.945844
vt 0.529738 0.953750
vt 0.971083 0.608804
vt 0.977547 0.600897
vt 0.977547 0.608804
vt 0.971083 0.600897
vt 0.545551 0.953750
vt 0.545551 0.945844
vt 0.971083 0.134412
vt 0.977547 0.134412
vt 0.370697 0.965234
vt 0.364766 0.956033
vt 0.370697 0.956033
vt 0.364766 0.965234
vt 0.376629 0.956033
vt 0.370697 0.965234
vt 0.370697 0.956033
vt 0.376629 0.965234
vt 0.679961 0.945844
vt 0.672054 0.936643
vt 0.679961 0.936643
vt 0.672054 0.945844
vt 0.977547 0.711587
vt 0.983478 0.711587
vt 0.687867 0.945844
vt 0.687867 0.936643
vt 0.983478 0.031626
vt 0.977547 0.039533
vt 0.983478 0.039533
vt 0.995128 0.118599
vt 0.989409 0.110692
vt 0.995128 0.110692
vt 0.989409 0.118599
vt 0.989409 0.118599
vt 0.995128 0.126505
vt 0.989409 0.126505
vt 0.995128 0.118599
vt 0.953501 0.764211
vt 0.947782 0.774401
vt 0.953501 0.774401
vt 0.908301 0.793157
vt 0.916207 0.782968
vt 0.916207 0.793157
vt 0.908301 0.782968
vt 0.947782 0.692885
vt 0.953501 0.682695
vt 0.953501 0.692885
vt 0.947782 0.682695
vt 0.358374 0.906383
vt 0.350468 0.916572
vt 0.350468 0.906383
vt 0.358374 0.916572
vt 0.483027 0.858611
vt 0.474573 0.876754
vt 0.474573 0.858611
vt 0.483027 0.876754
vt 0.931969 0.331221
vt 0.923515 0.331221
vt 0.745867 0.562028
vt 0.755067 0.543885
vt 0.755067 0.562028
vt 0.745867 0.543885
vt 0.466119 0.876754
vt 0.474573 0.858611
vt 0.474573 0.876754
vt 0.466119 0.858611
vt 0.759782 0.358317
vt 0.750582 0.376460
vt 0.750582 0.358317
vt 0.759782 0.376460
vt 0.923515 0.340421
vt 0.931969 0.340421
vt 0.946033 0.956033
vt 0.951964 0.965234
vt 0.946033 0.965234
vt 0.951964 0.956033
vt 0.957895 0.965234
vt 0.951964 0.956033
vt 0.957895 0.956033
vt 0.951964 0.965234
vt 0.451477 0.923522
vt 0.451477 0.932723
vt 0.983478 0.229289
vt 0.983478 0.221383
vt 0.977547 0.229289
vt 0.939876 0.515232
vt 0.931969 0.524433
vt 0.931969 0.515232
vt 0.939876 0.524433
vt 0.983478 0.719494
vt 0.977547 0.719494
vt 0.983478 0.142317
vt 0.989409 0.150224
vt 0.983478 0.150224
vt 0.989409 0.142317
vt 0.965151 0.303619
vt 0.971083 0.312820
vt 0.965151 0.312820
vt 0.971083 0.303619
vt 0.931969 0.533633
vt 0.939876 0.533633
vt 0.237251 0.991946
vt 0.231320 0.984040
vt 0.237251 0.984040
vt 0.231320 0.991946
vt 0.931969 0.542834
vt 0.939876 0.542834
vt 0.971083 0.322020
vt 0.965151 0.322020
vt 0.959220 0.000000
vt 0.965151 0.009201
vt 0.959220 0.009201
vt 0.965151 0.000000
vt 0.965151 0.018401
vt 0.959220 0.009201
vt 0.965151 0.009201
vt 0.959220 0.018401
vt 0.759831 0.932723
vt 0.767738 0.923522
vt 0.767738 0.932723
vt 0.759831 0.923522
vt 0.983478 0.339981
vt 0.983478 0.332074
vt 0.977547 0.339981
vt 0.775644 0.923522
vt 0.767738 0.932723
vt 0.767738 0.923522
vt 0.775644 0.932723
vt 0.983478 0.727401
vt 0.977547 0.727401
vt 0.664197 0.974129
vt 0.664197 0.966223
vt 0.670661 0.974129
vt 0.664197 0.966223
vt 0.670661 0.966223
vt 0.664197 0.974129
vt 0.166037 0.953750
vt 0.173944 0.945844
vt 0.173944 0.953750
vt 0.166037 0.945844
vt 0.977547 0.616711
vt 0.971083 0.616711
vt 0.181850 0.945844
vt 0.173944 0.953750
vt 0.173944 0.945844
vt 0.181850 0.953750
vt 0.977547 0.624617
vt 0.971083 0.624617
vt 0.959220 0.018401
vt 0.965151 0.027602
vt 0.959220 0.027602
vt 0.965151 0.018401
vt 0.965151 0.036802
vt 0.959220 0.027602
vt 0.965151 0.027602
vt 0.959220 0.036802
vt 0.931969 0.552035
vt 0.939876 0.542834
vt 0.939876 0.552035
vt 0.983478 0.940877
vt 0.983478 0.932970
vt 0.977547 0.940877
vt 0.939876 0.552035
vt 0.931969 0.561235
vt 0.931969 0.552035
vt 0.939876 0.561235
vt 0.977547 0.727401
vt 0.983478 0.735307
vt 0.977547 0.735307
vt 0.983478 0.727401
vt 0.552015 0.991946
vt 0.557734 0.984040
vt 0.557734 0.991946
vt 0.552015 0.984040
vt 0.563453 0.984040
vt 0.557734 0.991946
vt 0.557734 0.984040
vt 0.563453 0.991946
vt 0.953501 0.101895
vt 0.947783 0.091705
vt 0.953501 0.091705
vt 0.947783 0.101895
vt 0.908860 0.452810
vt 0.900953 0.442621
vt 0.908860 0.442621
vt 0.900953 0.452810
vt 0.947783 0.101895
vt 0.953501 0.112084
vt 0.947783 0.112084
vt 0.953501 0.101895
vt 0.900953 0.432431
vt 0.908860 0.442621
vt 0.908860 0.432431
vt 0.782502 0.865416
vt 0.774048 0.865416
vt 0.782502 0.883560
vt 0.931969 0.377224
vt 0.931969 0.386424
vt 0.923515 0.386424
vt 0.923515 0.377224
vt 0.319407 0.859957
vt 0.328607 0.859957
vt 0.319407 0.841813
vt 0.080960 0.882310
vt 0.089414 0.864167
vt 0.089414 0.882310
vt 0.080960 0.864167
vt 0.796584 0.259911
vt 0.787384 0.278054
vt 0.787384 0.259911
vt 0.796584 0.278054
vt 0.923515 0.386424
vt 0.931969 0.395625
vt 0.923515 0.395625
vt 0.931969 0.386424
vt 0.971083 0.331221
vt 0.965151 0.331221
vt 0.971083 0.340421
vt 0.965151 0.340421
vt 0.931969 0.570436
vt 0.939876 0.570436
vt 0.989409 0.608803
vt 0.983478 0.608803
vt 0.451477 0.932723
vt 0.459383 0.923522
vt 0.459383 0.932723
vt 0.451477 0.923522
vt 0.989409 0.853905
vt 0.983478 0.845999
vt 0.983478 0.853905
vt 0.019392 0.983330
vt 0.019392 0.975423
vt 0.890432 0.966223
vt 0.896896 0.974129
vt 0.890432 0.974129
vt 0.896896 0.966223
vt 0.189757 0.945844
vt 0.181850 0.953750
vt 0.181850 0.945844
vt 0.189757 0.953750
vt 0.258554 0.983330
vt 0.258554 0.975423
vt 0.252090 0.983330
vt 0.553457 0.945844
vt 0.553457 0.953750
vt 0.545551 0.945844
vt 0.903359 0.974129
vt 0.896896 0.966223
vt 0.903359 0.966223
vt 0.896896 0.974129
vt 0.971083 0.349622
vt 0.965151 0.349622
vt 0.971083 0.358823
vt 0.965151 0.358823
vt 0.783551 0.923522
vt 0.775644 0.923522
vt 0.783551 0.932723
vt 0.989409 0.616709
vt 0.983478 0.616709
vt 0.791457 0.923522
vt 0.791457 0.932723
vt 0.005931 0.991946
vt 0.000000 0.984040
vt 0.005931 0.984040
vt 0.000000 0.991946
vt 0.903359 0.966223
vt 0.909823 0.974129
vt 0.903359 0.974129
vt 0.909823 0.966223
vt 0.916287 0.974129
vt 0.909823 0.966223
vt 0.916287 0.966223
vt 0.909823 0.974129
vt 0.197663 0.945844
vt 0.197663 0.953750
vt 0.019392 0.975423
vt 0.025855 0.983330
vt 0.019392 0.983330
vt 0.025855 0.975423
vt 0.197663 0.953750
vt 0.205570 0.945844
vt 0.205570 0.953750
vt 0.197663 0.945844
vt 0.193915 0.983330
vt 0.187451 0.975423
vt 0.193915 0.975423
vt 0.187451 0.983330
vt 0.971083 0.368023
vt 0.965151 0.368023
vt 0.971083 0.377224
vt 0.965151 0.377224
vt 0.931969 0.579636
vt 0.939876 0.579636
vt 0.989409 0.624616
vt 0.983478 0.624616
vt 0.931969 0.588837
vt 0.939876 0.579636
vt 0.939876 0.588837
vt 0.931969 0.579636
vt 0.349945 0.991946
vt 0.349945 0.984040
vt 0.051469 1.000000
vt 0.057188 0.992093
vt 0.057188 1.000000
vt 0.051469 0.992093
vt 0.022875 0.992093
vt 0.017156 1.000000
vt 0.017156 0.992093
vt 0.022875 1.000000
vt 0.017156 0.956033
vt 0.022875 0.966223
vt 0.017156 0.966223
vt 0.022875 0.956033
vt 0.908301 0.854050
vt 0.916207 0.864239
vt 0.908301 0.864239
vt 0.916207 0.854050
vt 0.068625 0.966223
vt 0.062906 0.956033
vt 0.068625 0.956033
vt 0.062906 0.966223
vt 0.507842 0.921241
vt 0.499935 0.911051
vt 0.507842 0.911051
vt 0.499935 0.921241
vt 0.931969 0.193212
vt 0.931969 0.202413
vt 0.923515 0.202413
vt 0.923515 0.193212
vt 0.923515 0.211613
vt 0.923515 0.202413
vt 0.931969 0.202413
vt 0.931969 0.211613
vt 0.750582 0.352384
vt 0.759782 0.334240
vt 0.759782 0.352384
vt 0.750582 0.334240
vt 0.080960 0.859461
vt 0.072506 0.877605
vt 0.072506 0.859461
vt 0.080960 0.877605
vt 0.759782 0.259911
vt 0.750582 0.278054
vt 0.750582 0.259911
vt 0.759782 0.278054
vt 0.269748 0.870259
vt 0.278202 0.852115
vt 0.278202 0.870259
vt 0.269748 0.852115
vt 0.109719 0.965234
vt 0.103788 0.956033
vt 0.109719 0.956033
vt 0.115651 0.956033
vt 0.115651 0.965234
vt 0.939876 0.598038
vt 0.931969 0.598038
vt 0.983478 0.861812
vt 0.989409 0.861812
vt 0.467290 0.932723
vt 0.467290 0.923522
vt 0.892211 0.983330
vt 0.898143 0.975423
vt 0.898143 0.983330
vt 0.121582 0.965234
vt 0.115651 0.956033
vt 0.121582 0.956033
vt 0.127513 0.956033
vt 0.127513 0.965234
vt 0.799364 0.932723
vt 0.799364 0.923522
vt 0.011863 0.984040
vt 0.005931 0.991946
vt 0.005931 0.984040
vt 0.011863 0.991946
vt 0.807270 0.932723
vt 0.799364 0.923522
vt 0.807270 0.923522
vt 0.799364 0.932723
vt 0.898143 0.983330
vt 0.904074 0.975423
vt 0.904074 0.983330
vt 0.898143 0.975423
vt 0.198799 0.966223
vt 0.198799 0.974129
vt 0.205263 0.966223
vt 0.205263 0.974129
vt 0.939876 0.716404
vt 0.947782 0.724311
vt 0.939876 0.724311
vt 0.947782 0.716404
vt 0.977547 0.300449
vt 0.971083 0.308355
vt 0.971083 0.300449
vt 0.977547 0.308355
vt 0.947782 0.732218
vt 0.939876 0.724311
vt 0.947782 0.724311
vt 0.939876 0.732218
vt 0.971083 0.142318
vt 0.977547 0.142318
vt 0.133445 0.965234
vt 0.127513 0.956033
vt 0.133445 0.956033
vt 0.139376 0.956033
vt 0.139376 0.965234
vt 0.939876 0.607238
vt 0.931969 0.607238
vt 0.355877 0.984040
vt 0.349945 0.991946
vt 0.349945 0.984040
vt 0.355877 0.991946
vt 0.939876 0.616439
vt 0.931969 0.607238
vt 0.939876 0.607238
vt 0.931969 0.616439
vt 0.904074 0.983330
vt 0.910005 0.975423
vt 0.910005 0.983330
vt 0.904074 0.975423
vt 0.995128 0.814376
vt 0.989409 0.814376
vt 0.995128 0.466487
vt 0.989409 0.466487
vt 0.989409 0.458581
vt 0.995128 0.458581
vt 0.953501 0.621558
vt 0.959220 0.611369
vt 0.959220 0.621558
vt 0.953501 0.611369
vt 0.010317 0.908739
vt 0.002410 0.918928
vt 0.002410 0.908739
vt 0.010317 0.918928
vt 0.959220 0.764211
vt 0.953501 0.764211
vt 0.959220 0.774401
vt 0.908301 0.835176
vt 0.916207 0.824987
vt 0.916207 0.835176
vt 0.908301 0.824987
vt 0.386251 0.974129
vt 0.392715 0.966223
vt 0.392715 0.974129
vt 0.386251 0.966223
vt 0.399179 0.974129
vt 0.392715 0.966223
vt 0.399179 0.966223
vt 0.392715 0.974129
vt 0.213476 0.945844
vt 0.205570 0.953750
vt 0.213476 0.953750
vt 0.971083 0.624617
vt 0.977547 0.624617
vt 0.977547 0.632524
vt 0.971083 0.632524
vt 0.664149 0.953750
vt 0.664149 0.945844
vt 0.977547 0.237197
vt 0.971083 0.237197
vt 0.971083 0.229290
vt 0.977547 0.229290
vt 0.258002 0.965234
vt 0.263934 0.956033
vt 0.263934 0.965234
vt 0.269865 0.965234
vt 0.269865 0.956033
vt 0.079065 0.936643
vt 0.079065 0.945844
vt 0.071159 0.945844
vt 0.977546 0.229289
vt 0.983478 0.237196
vt 0.977546 0.237196
vt 0.983478 0.229289
vt 0.316261 0.936643
vt 0.316261 0.945844
vt 0.915936 0.983330
vt 0.910005 0.975423
vt 0.915936 0.975423
vt 0.989409 0.134412
vt 0.995128 0.126505
vt 0.995128 0.134412
vt 0.995128 0.142318
vt 0.989409 0.142318
vt 0.953501 0.122274
vt 0.959220 0.132463
vt 0.953501 0.132463
vt 0.959220 0.122274
vt 0.915061 0.276917
vt 0.907155 0.276917
vt 0.915061 0.266728
vt 0.953501 0.601179
vt 0.947782 0.590990
vt 0.953501 0.590990
vt 0.947782 0.601179
vt 0.915061 0.393921
vt 0.907155 0.393921
vt 0.907155 0.383731
vt 0.915061 0.383731
vt 0.625414 0.966223
vt 0.625414 0.974129
vt 0.618950 0.974129
vt 0.618950 0.966223
vt 0.631878 0.966223
vt 0.631878 0.974129
vt 0.055346 0.945844
vt 0.063252 0.953750
vt 0.055346 0.953750
vt 0.063252 0.945844
vt 0.977547 0.814374
vt 0.971083 0.822280
vt 0.971083 0.814374
vt 0.977547 0.822280
vt 0.411139 0.953750
vt 0.403233 0.945844
vt 0.411139 0.945844
vt 0.403233 0.953750
vt 0.971083 0.640430
vt 0.977547 0.632524
vt 0.977547 0.640430
vt 0.971083 0.632524
vt 0.965151 0.616439
vt 0.959220 0.616439
vt 0.959220 0.625639
vt 0.959220 0.616439
vt 0.965151 0.616439
vt 0.965151 0.625639
vt 0.877624 0.936643
vt 0.885530 0.945844
vt 0.877624 0.945844
vt 0.885530 0.936643
vt 0.983478 0.735307
vt 0.977547 0.743214
vt 0.977547 0.735307
vt 0.983478 0.743214
vt 0.695774 0.945844
vt 0.687867 0.936643
vt 0.695774 0.936643
vt 0.687867 0.945844
vt 0.977546 0.245102
vt 0.983478 0.237196
vt 0.983478 0.245102
vt 0.977546 0.237196
vt 0.563453 0.984040
vt 0.569172 0.984040
vt 0.569172 0.991946
vt 0.563453 0.991946
vt 0.574891 0.991946
vt 0.574891 0.984040
vt 0.947783 0.438148
vt 0.953501 0.427958
vt 0.953501 0.438148
vt 0.947783 0.427958
vt 0.446277 0.887515
vt 0.438370 0.887515
vt 0.446277 0.897705
vt 0.924220 0.945844
vt 0.918501 0.956033
vt 0.918501 0.945844
vt 0.924220 0.956033
vt 0.295339 0.900236
vt 0.303245 0.900236
vt 0.295339 0.890046
vt 0.269865 0.965234
vt 0.275796 0.956033
vt 0.275796 0.965234
vt 0.281727 0.965234
vt 0.281727 0.956033
vt 0.939876 0.147209
vt 0.939876 0.156410
vt 0.931969 0.156410
vt 0.931969 0.147209
vt 0.977546 0.498111
vt 0.983478 0.498111
vt 0.983478 0.506018
vt 0.977546 0.506018
vt 0.039533 0.936643
vt 0.039533 0.945844
vt 0.821036 0.983330
vt 0.815105 0.983330
vt 0.815105 0.975423
vt 0.821036 0.975423
vt 0.989409 0.150225
vt 0.995128 0.150225
vt 0.995128 0.150225
vt 0.995128 0.158131
vt 0.989409 0.158131
vt 0.989409 0.150225
vt 0.947782 0.906865
vt 0.953501 0.917054
vt 0.947782 0.917054
vt 0.953501 0.906865
vt 0.908301 0.795924
vt 0.916207 0.795924
vt 0.916207 0.806113
vt 0.908301 0.806113
vt 0.959220 0.193600
vt 0.953501 0.183411
vt 0.959220 0.183411
vt 0.953501 0.193600
vt 0.916207 0.824987
vt 0.908301 0.814797
vt 0.916207 0.814797
vt 0.965151 0.625639
vt 0.965151 0.634840
vt 0.959220 0.634840
vt 0.959220 0.625639
vt 0.959220 0.644040
vt 0.959220 0.634840
vt 0.965151 0.634840
vt 0.965151 0.644040
vt 0.355793 0.936643
vt 0.363700 0.945844
vt 0.355793 0.945844
vt 0.363700 0.936643
vt 0.977547 0.513924
vt 0.977547 0.506018
vt 0.983478 0.513924
vt 0.189756 0.945844
vt 0.181850 0.936643
vt 0.189756 0.936643
vt 0.181850 0.945844
vt 0.977546 0.521831
vt 0.983478 0.521831
vt 0.977546 0.513924
vt 0.580609 0.984040
vt 0.580609 0.991946
vt 0.574891 0.991946
vt 0.586328 0.991946
vt 0.580609 0.991946
vt 0.586328 0.984040
vt 0.953501 0.305684
vt 0.947782 0.305684
vt 0.428168 0.899947
vt 0.420262 0.910137
vt 0.420262 0.899947
vt 0.428168 0.910137
vt 0.953501 0.336253
vt 0.947782 0.346442
vt 0.947782 0.336253
vt 0.953501 0.346442
vt 0.900953 0.464864
vt 0.908860 0.454675
vt 0.908860 0.464864
vt 0.965151 0.018401
vt 0.971083 0.009201
vt 0.971083 0.018401
vt 0.965151 0.009201
vt 0.971083 0.018401
vt 0.965151 0.027602
vt 0.965151 0.018401
vt 0.971083 0.027602
vt 0.285440 0.932723
vt 0.285440 0.923522
vt 0.983478 0.411139
vt 0.989409 0.403233
vt 0.989409 0.411139
vt 0.983478 0.403233
vt 0.317066 0.932723
vt 0.317066 0.923522
vt 0.118625 0.984040
vt 0.112694 0.991946
vt 0.112694 0.984040
vt 0.118625 0.991946
vt 0.995128 0.592993
vt 0.989409 0.585086
vt 0.995128 0.585086
vt 0.989409 0.592993
vt 0.989409 0.592993
vt 0.995128 0.600899
vt 0.989409 0.600899
vt 0.995128 0.592993
vt 0.959220 0.305684
vt 0.953501 0.315874
vt 0.953501 0.305684
vt 0.908301 0.773782
vt 0.916207 0.763592
vt 0.916207 0.773782
vt 0.908301 0.763592
vt 0.959220 0.193600
vt 0.953501 0.193600
vt 0.919456 0.138407
vt 0.919456 0.148597
vt 0.495255 0.965234
vt 0.501186 0.956033
vt 0.501186 0.965234
vt 0.507117 0.965234
vt 0.501186 0.956033
vt 0.507117 0.956033
vt 0.276728 0.945844
vt 0.276728 0.936643
vt 0.284634 0.936643
vt 0.284634 0.945844
vt 0.124557 0.991946
vt 0.118625 0.991946
vt 0.118625 0.984040
vt 0.124557 0.984040
vt 0.197663 0.936643
vt 0.197663 0.945844
vt 0.821036 0.975423
vt 0.826967 0.975423
vt 0.826967 0.983330
vt 0.866549 0.984040
vt 0.866549 0.991946
vt 0.872268 0.984040
vt 0.872268 0.991946
vt 0.953501 0.580800
vt 0.947782 0.570611
vt 0.953501 0.570611
vt 0.947782 0.580800
vt 0.920602 0.895167
vt 0.912696 0.884977
vt 0.920602 0.884977
vt 0.947782 0.438148
vt 0.953501 0.448337
vt 0.947782 0.448337
vt 0.953501 0.438148
vt 0.908301 0.843860
vt 0.916207 0.843860
vt 0.916207 0.854050
vt 0.908301 0.854050
vt 0.252797 0.917550
vt 0.244891 0.917550
vt 0.252797 0.907361
vt 0.872268 0.991946
vt 0.877987 0.984040
vt 0.877987 0.991946
vt 0.953501 0.356632
vt 0.953501 0.346442
vt 0.947782 0.356632
vt 0.904789 0.905356
vt 0.912696 0.905356
vt 0.912696 0.915546
vt 0.904789 0.915546
vt 0.953501 0.570611
vt 0.953501 0.560421
vt 0.883705 0.984040
vt 0.883705 0.991946
vt 0.243182 0.991946
vt 0.237251 0.991946
vt 0.237251 0.984040
vt 0.243182 0.984040
vt 0.513049 0.956033
vt 0.513049 0.965234
vt 0.885530 0.945844
vt 0.893437 0.936643
vt 0.893437 0.945844
vt 0.885530 0.936643
vt 0.714273 0.975423
vt 0.714273 0.983330
vt 0.703680 0.936643
vt 0.703680 0.945844
vt 0.518980 0.965234
vt 0.513049 0.956033
vt 0.518980 0.956033
vt 0.977547 0.490206
vt 0.971083 0.490206
vt 0.263437 0.974129
vt 0.263437 0.966223
vt 0.450672 0.953750
vt 0.450672 0.945844
vt 0.458579 0.945844
vt 0.458579 0.953750
vt 0.977547 0.150225
vt 0.971083 0.150225
vt 0.015813 0.945844
vt 0.007907 0.953750
vt 0.007907 0.945844
vt 0.015813 0.953750
vt 0.269901 0.974129
vt 0.269901 0.966223
vt 0.198501 0.835539
vt 0.198501 0.891724
vt 0.193008 0.891724
vt 0.193008 0.835539
vt 0.604125 0.894418
vt 0.604125 0.838233
vt 0.609618 0.838233
vt 0.609618 0.894418
vt 0.887363 0.016620
vt 0.881870 0.072805
vt 0.881870 0.016620
vt 0.887363 0.072805
vt 0.875998 0.656382
vt 0.881490 0.600196
vt 0.881490 0.656382
vt 0.790991 0.571872
vt 0.734805 0.628058
vt 0.734805 0.571872
vt 0.790991 0.628058
vt 0.700955 0.744950
vt 0.757140 0.801136
vt 0.700955 0.801136
vt 0.757140 0.744950
vt 0.900129 0.113257
vt 0.908583 0.122944
vt 0.900129 0.122944
vt 0.877949 0.908586
vt 0.869495 0.908586
vt 0.877949 0.898899
vt 0.574757 0.892078
vt 0.574757 0.880132
vt 0.584445 0.880132
vt 0.584445 0.892078
vt 0.907155 0.232216
vt 0.898700 0.220270
vt 0.907155 0.220270
vt 0.898700 0.232216
vt 0.594403 0.880174
vt 0.594403 0.892120
vt 0.584715 0.892120
vt 0.584715 0.880174
vt 0.898700 0.347894
vt 0.907155 0.359840
vt 0.898700 0.359840
vt 0.907155 0.347894
vt 0.064052 0.859461
vt 0.072506 0.877605
vt 0.064052 0.877605
vt 0.072506 0.859461
vt 0.295857 0.878101
vt 0.287403 0.859957
vt 0.295857 0.859957
vt 0.287403 0.878101
vt 0.410026 0.838593
vt 0.410026 0.856737
vt 0.931969 0.276017
vt 0.923515 0.266817
vt 0.931969 0.266817
vt 0.923515 0.276017
vt 0.787384 0.352384
vt 0.796584 0.370527
vt 0.787384 0.370527
vt 0.796584 0.352384
vt 0.923515 0.276017
vt 0.931969 0.285218
vt 0.923515 0.285218
vt 0.931969 0.276017
vt 0.769845 0.896681
vt 0.778299 0.907301
vt 0.769845 0.907301
vt 0.778299 0.896681
vt 0.761391 0.896681
vt 0.769845 0.896681
vt 0.761391 0.907301
vt 0.867567 0.714601
vt 0.867567 0.726655
vt 0.206955 0.904455
vt 0.198501 0.892401
vt 0.206955 0.892401
vt 0.198501 0.904455
vt 0.835663 0.065273
vt 0.825043 0.077326
vt 0.825043 0.065273
vt 0.209422 0.892401
vt 0.217877 0.904455
vt 0.209422 0.904455
vt 0.217877 0.892401
vt 0.899847 0.753905
vt 0.908301 0.753905
vt 0.777076 0.571872
vt 0.768622 0.562185
vt 0.777076 0.562185
vt 0.768622 0.571872
vt 0.310466 0.890046
vt 0.320153 0.878101
vt 0.310466 0.878101
vt 0.125698 0.906201
vt 0.117244 0.894256
vt 0.117244 0.906201
vt 0.296344 0.878101
vt 0.286656 0.890046
vt 0.286656 0.878101
vt 0.296344 0.890046
vt 0.088181 0.906202
vt 0.096635 0.894256
vt 0.096635 0.906202
vt 0.088181 0.894256
vt 0.418480 0.874881
vt 0.410026 0.874881
vt 0.418480 0.856737
vt 0.851678 0.883560
vt 0.843224 0.865416
vt 0.851678 0.865416
vt 0.843224 0.883560
vt 0.680450 0.018457
vt 0.680450 0.000314
vt 0.915061 0.277348
vt 0.923515 0.286548
vt 0.915061 0.286548
vt 0.923515 0.277348
vt 0.680450 0.036601
vt 0.671249 0.018457
vt 0.680450 0.018457
vt 0.671249 0.036601
vt 0.923515 0.379230
vt 0.915061 0.388431
vt 0.915061 0.379230
vt 0.923515 0.388431
vt 0.564112 0.895215
vt 0.572566 0.905835
vt 0.564112 0.905835
vt 0.572566 0.895215
vt 0.896335 0.905958
vt 0.887881 0.895337
vt 0.896335 0.895337
vt 0.887881 0.905958
vt 0.754612 0.000170
vt 0.754612 0.012224
vt 0.466119 0.888808
vt 0.474573 0.876754
vt 0.765233 0.000170
vt 0.754612 0.012224
vt 0.754612 0.000170
vt 0.765233 0.012224
vt 0.134152 0.882310
vt 0.134152 0.894364
vt 0.125698 0.894364
vt 0.909384 0.502679
vt 0.900930 0.492992
vt 0.909384 0.492992
vt 0.900930 0.502679
vt 0.549387 0.018144
vt 0.557841 0.027831
vt 0.549387 0.027831
vt 0.557841 0.018144
vt 0.383863 0.882492
vt 0.374175 0.894437
vt 0.383863 0.894437
vt 0.607087 0.906364
vt 0.598633 0.894418
vt 0.607087 0.894418
vt 0.598633 0.906364
vt 0.106322 0.894256
vt 0.116010 0.882310
vt 0.116010 0.894256
vt 0.106322 0.882310
vt 0.645232 0.906364
vt 0.653686 0.894418
vt 0.653686 0.906364
vt 0.645232 0.894418
vt 0.858550 0.318493
vt 0.858550 0.336637
vt 0.804409 0.847272
vt 0.804409 0.865416
vt 0.791870 0.543885
vt 0.801070 0.562028
vt 0.791870 0.562028
vt 0.801070 0.543885
vt 0.923515 0.265739
vt 0.915061 0.256538
vt 0.923515 0.256538
vt 0.915061 0.265739
vt 0.400826 0.838593
vt 0.410026 0.838593
vt 0.915061 0.409379
vt 0.923515 0.418579
vt 0.915061 0.418579
vt 0.923515 0.409379
vt 0.908301 0.685158
vt 0.899847 0.674538
vt 0.899847 0.685158
vt 0.853789 0.125752
vt 0.862243 0.136373
vt 0.853789 0.136373
vt 0.862243 0.125752
vt 0.828954 0.000170
vt 0.818334 0.012224
vt 0.818334 0.000170
vt 0.828954 0.012224
vt 0.499935 0.900862
vt 0.499935 0.888808
vt 0.491481 0.900862
vt 0.835706 0.726655
vt 0.846327 0.714601
vt 0.846327 0.726655
vt 0.835706 0.714601
vt 0.508390 0.888808
vt 0.508390 0.900862
vt 0.499935 0.888808
vt 0.908301 0.715154
vt 0.899847 0.705466
vt 0.908301 0.705466
vt 0.899847 0.715154
vt 0.793984 0.571872
vt 0.785530 0.571872
vt 0.681880 0.881039
vt 0.672193 0.892984
vt 0.672193 0.881039
vt 0.681880 0.892984
vt 0.906985 0.560832
vt 0.898531 0.560832
vt 0.898531 0.548887
vt 0.906985 0.548887
vt 0.691568 0.892984
vt 0.701256 0.881039
vt 0.701256 0.892984
vt 0.691568 0.881039
vt 0.906985 0.585899
vt 0.898531 0.573954
vt 0.906985 0.573954
vt 0.898531 0.585899
vt 0.054673 0.882310
vt 0.046218 0.864167
vt 0.046218 0.882310
vt 0.867004 0.340439
vt 0.875458 0.358583
vt 0.867004 0.358583
vt 0.875458 0.340439
vt 0.689650 0.036601
vt 0.689650 0.018457
vt 0.923515 0.404110
vt 0.915061 0.404110
vt 0.915061 0.394910
vt 0.923515 0.394910
vt 0.680450 0.000314
vt 0.689650 0.018457
vt 0.689650 0.000314
vt 0.923515 0.431514
vt 0.915061 0.422313
vt 0.923515 0.422313
vt 0.915061 0.431514
vt 0.898700 0.256107
vt 0.907155 0.256107
vt 0.850444 0.895505
vt 0.858898 0.906125
vt 0.850444 0.906125
vt 0.858898 0.895505
vt 0.267582 0.882313
vt 0.267582 0.870259
vt 0.278202 0.882313
vt 0.680647 0.905038
vt 0.672193 0.905038
vt 0.680647 0.892984
vt 0.337527 0.882492
vt 0.348147 0.870438
vt 0.348147 0.882492
vt 0.337527 0.870438
vt 0.700022 0.905038
vt 0.691568 0.892984
vt 0.700022 0.892984
vt 0.691568 0.905038
vt 0.834769 0.865416
vt 0.834769 0.883560
vt 0.843224 0.865416
vt 0.883912 0.336637
vt 0.875458 0.318493
vt 0.883912 0.318493
vt 0.875458 0.336637
vt 0.778183 0.278054
vt 0.778183 0.259911
vt 0.768983 0.278054
vt 0.931969 0.432427
vt 0.923515 0.441628
vt 0.923515 0.432427
vt 0.931969 0.441628
vt 0.796584 0.259911
vt 0.805785 0.278054
vt 0.796584 0.278054
vt 0.805785 0.259911
vt 0.923515 0.441628
vt 0.931969 0.450828
vt 0.931969 0.441628
vt 0.281727 0.965234
vt 0.287659 0.956033
vt 0.287659 0.965234
vt 0.293590 0.965234
vt 0.287659 0.956033
vt 0.293590 0.956033
vt 0.287659 0.965234
vt 0.086972 0.936643
vt 0.079065 0.945844
vt 0.079065 0.936643
vt 0.086972 0.945844
vt 0.977546 0.743214
vt 0.983478 0.751120
vt 0.977546 0.751120
vt 0.939876 0.119608
vt 0.931969 0.119608
vt 0.720204 0.983330
vt 0.714273 0.975423
vt 0.720204 0.975423
vt 0.714273 0.983330
vt 0.907155 0.266727
vt 0.915061 0.256538
vt 0.915061 0.266727
vt 0.907155 0.256538
vt 0.995128 0.608806
vt 0.989409 0.608806
vt 0.959220 0.030568
vt 0.953501 0.040758
vt 0.953501 0.030568
vt 0.959220 0.040758
vt 0.466119 0.911051
vt 0.458212 0.921241
vt 0.458212 0.911051
vt 0.466119 0.921241
vt 0.953501 0.305684
vt 0.959220 0.295495
vt 0.959220 0.305684
vt 0.953501 0.295495
vt 0.989409 0.608806
vt 0.995128 0.616712
vt 0.989409 0.616712
vt 0.995128 0.608806
vt 0.293590 0.965234
vt 0.299521 0.956033
vt 0.299521 0.965234
vt 0.293590 0.956033
vt 0.305453 0.965234
vt 0.299521 0.956033
vt 0.305453 0.956033
vt 0.299521 0.965234
vt 0.939876 0.156410
vt 0.931969 0.156410
vt 0.939876 0.165611
vt 0.977546 0.751120
vt 0.983478 0.759027
vt 0.977546 0.759027
vt 0.983478 0.751120
vt 0.039533 0.945844
vt 0.047439 0.936643
vt 0.047439 0.945844
vt 0.039533 0.936643
vt 0.773586 0.983330
vt 0.767654 0.975423
vt 0.773586 0.975423
vt 0.767654 0.983330
vt 0.399179 0.974129
vt 0.405643 0.966223
vt 0.405643 0.974129
vt 0.399179 0.966223
vt 0.412107 0.974129
vt 0.405643 0.966223
vt 0.412107 0.966223
vt 0.405643 0.974129
vt 0.221383 0.945844
vt 0.213476 0.953750
vt 0.213476 0.945844
vt 0.221383 0.953750
vt 0.971083 0.640430
vt 0.977547 0.648337
vt 0.971083 0.648337
vt 0.977547 0.640430
vt 0.411139 0.953750
vt 0.419046 0.945844
vt 0.419046 0.953750
vt 0.411139 0.945844
vt 0.977547 0.158131
vt 0.971083 0.150225
vt 0.977547 0.150225
vt 0.971083 0.158131
vt 0.305453 0.965234
vt 0.311384 0.956033
vt 0.311384 0.965234
vt 0.305453 0.956033
vt 0.317315 0.965234
vt 0.311384 0.956033
vt 0.317315 0.956033
vt 0.311384 0.965234
vt 0.094878 0.936643
vt 0.086972 0.945844
vt 0.086972 0.936643
vt 0.094878 0.945844
vt 0.977546 0.759027
vt 0.983478 0.766933
vt 0.977546 0.766933
vt 0.983478 0.759027
vt 0.983478 0.047439
vt 0.977546 0.039533
vt 0.983478 0.039533
vt 0.977546 0.047439
vt 0.989409 0.166038
vt 0.995128 0.158131
vt 0.995128 0.166038
vt 0.989409 0.158131
vt 0.989409 0.173944
vt 0.995128 0.173944
vt 0.947782 0.927244
vt 0.358374 0.906383
vt 0.366281 0.916572
vt 0.358374 0.916572
vt 0.366281 0.906383
vt 0.953501 0.784590
vt 0.947782 0.774401
vt 0.953501 0.774401
vt 0.947782 0.784590
vt 0.350468 0.916572
vt 0.342561 0.906383
vt 0.350468 0.906383
vt 0.342561 0.916572
vt 0.328608 0.878101
vt 0.320153 0.859957
vt 0.328608 0.859957
vt 0.320153 0.878101
vt 0.931969 0.294419
vt 0.923515 0.294419
vt 0.479445 0.858611
vt 0.470244 0.840467
vt 0.479445 0.840467
vt 0.470244 0.858611
vt 0.296604 0.859957
vt 0.305058 0.878101
vt 0.296604 0.878101
vt 0.305058 0.859957
vt 0.796584 0.334240
vt 0.805785 0.352384
vt 0.796584 0.352384
vt 0.805785 0.334240
vt 0.931969 0.303619
vt 0.923515 0.294419
vt 0.931969 0.294419
vt 0.923515 0.303619
vt 0.965151 0.644040
vt 0.965151 0.653241
vt 0.959220 0.653241
vt 0.959220 0.644040
vt 0.959220 0.662442
vt 0.959220 0.653241
vt 0.965151 0.653241
vt 0.965151 0.662442
vt 0.893437 0.936643
vt 0.901344 0.945844
vt 0.893437 0.945844
vt 0.901344 0.936643
vt 0.983478 0.245102
vt 0.977547 0.253009
vt 0.977547 0.245102
vt 0.983478 0.253009
vt 0.939876 0.239215
vt 0.931969 0.230015
vt 0.939876 0.230015
vt 0.931969 0.239215
vt 0.977546 0.774840
vt 0.983478 0.766933
vt 0.983478 0.774840
vt 0.977546 0.766933
vt 0.983478 0.158130
vt 0.989409 0.150224
vt 0.989409 0.158130
vt 0.983478 0.150224
vt 0.965151 0.036802
vt 0.971083 0.027602
vt 0.971083 0.036802
vt 0.965151 0.027602
vt 0.356598 0.932723
vt 0.348692 0.923522
vt 0.356598 0.923522
vt 0.348692 0.932723
vt 0.249114 0.984040
vt 0.249114 0.991946
vt 0.475196 0.932723
vt 0.475196 0.923522
vt 0.965151 0.046003
vt 0.971083 0.046003
vt 0.965151 0.662442
vt 0.965151 0.671642
vt 0.959220 0.671642
vt 0.959220 0.662442
vt 0.959220 0.680843
vt 0.959220 0.671642
vt 0.965151 0.671642
vt 0.965151 0.680843
vt 0.371606 0.945844
vt 0.371606 0.936643
vt 0.983478 0.339981
vt 0.977547 0.347887
vt 0.983478 0.347887
vt 0.205569 0.945844
vt 0.205569 0.936643
vt 0.977546 0.782746
vt 0.983478 0.782746
vt 0.638342 0.966223
vt 0.638342 0.974129
vt 0.631878 0.974129
vt 0.631878 0.966223
vt 0.063252 0.945844
vt 0.071159 0.953750
vt 0.063252 0.953750
vt 0.071159 0.945844
vt 0.977547 0.648337
vt 0.971083 0.656243
vt 0.971083 0.648337
vt 0.977547 0.656243
vt 0.023720 0.953750
vt 0.015813 0.945844
vt 0.023720 0.945844
vt 0.015813 0.953750
vt 0.971083 0.664150
vt 0.977547 0.664150
vt 0.965151 0.680843
vt 0.965151 0.690043
vt 0.959220 0.690043
vt 0.959220 0.680843
vt 0.959220 0.699244
vt 0.959220 0.690043
vt 0.965151 0.690043
vt 0.965151 0.699244
vt 0.901344 0.936643
vt 0.909250 0.945844
vt 0.901344 0.945844
vt 0.909250 0.936643
vt 0.983478 0.940877
vt 0.977547 0.948783
vt 0.983478 0.948783
vt 0.711587 0.945844
vt 0.703680 0.936643
vt 0.711587 0.936643
vt 0.703680 0.945844
vt 0.977546 0.790653
vt 0.983478 0.790653
vt 0.586328 0.984040
vt 0.592047 0.984040
vt 0.592047 0.991946
vt 0.586328 0.991946
vt 0.597766 0.991946
vt 0.592047 0.991946
vt 0.592047 0.984040
vt 0.597766 0.984040
vt 0.947783 0.030568
vt 0.953501 0.020379
vt 0.953501 0.030568
vt 0.947783 0.020379
vt 0.908860 0.464864
vt 0.900953 0.475054
vt 0.900953 0.464864
vt 0.908860 0.475054
vt 0.953501 0.448337
vt 0.947782 0.458527
vt 0.947782 0.448337
vt 0.953501 0.458527
vt 0.446277 0.910826
vt 0.454183 0.900637
vt 0.454183 0.910826
vt 0.446277 0.900637
vt 0.883912 0.358583
vt 0.875458 0.340439
vt 0.883912 0.340439
vt 0.875458 0.358583
vt 0.923515 0.174811
vt 0.931969 0.184012
vt 0.923515 0.184012
vt 0.931969 0.174811
vt 0.525298 0.858611
vt 0.516097 0.840467
vt 0.525298 0.840467
vt 0.516097 0.858611
vt 0.826315 0.865416
vt 0.834769 0.883560
vt 0.826315 0.883560
vt 0.834769 0.865416
vt 0.759782 0.352384
vt 0.759782 0.370527
vt 0.931969 0.184012
vt 0.923515 0.193212
vt 0.923515 0.184012
vt 0.931969 0.193212
vt 0.965151 0.055204
vt 0.971083 0.046003
vt 0.971083 0.055204
vt 0.965151 0.046003
vt 0.965151 0.064404
vt 0.971083 0.064404
vt 0.253814 0.932723
vt 0.245907 0.923522
vt 0.253814 0.923522
vt 0.245907 0.932723
vt 0.983478 0.632522
vt 0.989409 0.632522
vt 0.483103 0.932723
vt 0.483103 0.923522
vt 0.983478 0.869718
vt 0.983478 0.861812
vt 0.989409 0.869718
vt 0.025855 0.983330
vt 0.032319 0.975423
vt 0.032319 0.983330
vt 0.025855 0.975423
vt 0.971083 0.055346
vt 0.977547 0.047440
vt 0.977547 0.055346
vt 0.971083 0.047440
vt 0.648336 0.945844
vt 0.648336 0.953750
vt 0.265018 0.975423
vt 0.258554 0.983330
vt 0.258554 0.975423
vt 0.265018 0.983330
vt 0.426953 0.945844
vt 0.434859 0.953750
vt 0.434859 0.945844
vt 0.977546 0.055346
vt 0.971083 0.063253
vt 0.971083 0.055346
vt 0.977546 0.063253
vt 0.965151 0.073605
vt 0.971083 0.064404
vt 0.971083 0.073605
vt 0.965151 0.064404
vt 0.971083 0.073605
vt 0.965151 0.082805
vt 0.965151 0.073605
vt 0.971083 0.082805
vt 0.285440 0.923522
vt 0.285440 0.932723
vt 0.983478 0.640429
vt 0.989409 0.640429
vt 0.324972 0.932723
vt 0.324972 0.923522
vt 0.017794 0.984040
vt 0.011863 0.991946
vt 0.017794 0.991946
vt 0.971083 0.071159
vt 0.977547 0.063253
vt 0.977547 0.071159
vt 0.971083 0.063253
vt 0.977546 0.071159
vt 0.971083 0.079066
vt 0.971083 0.071159
vt 0.977546 0.079066
vt 0.379513 0.953750
vt 0.371607 0.945844
vt 0.379513 0.945844
vt 0.371607 0.953750
vt 0.038783 0.975423
vt 0.038783 0.983330
vt 0.434859 0.945844
vt 0.442766 0.953750
vt 0.434859 0.953750
vt 0.200379 0.975423
vt 0.193915 0.983330
vt 0.193915 0.975423
vt 0.200379 0.983330
vt 0.965151 0.092006
vt 0.971083 0.092006
vt 0.965151 0.101207
vt 0.971083 0.101207
vt 0.356598 0.923522
vt 0.356598 0.932723
vt 0.983478 0.648335
vt 0.989409 0.648335
vt 0.491009 0.932723
vt 0.491009 0.923522
vt 0.361808 0.984040
vt 0.355877 0.991946
vt 0.355877 0.984040
vt 0.361808 0.991946
vt 0.995128 0.624619
vt 0.989409 0.624619
vt 0.989409 0.624619
vt 0.995128 0.632525
vt 0.989409 0.632525
vt 0.995128 0.624619
vt 0.947782 0.937433
vt 0.947782 0.927244
vt 0.953501 0.937433
vt 0.908814 0.013793
vt 0.916720 0.003604
vt 0.916720 0.013793
vt 0.953501 0.234358
vt 0.959220 0.224169
vt 0.959220 0.234358
vt 0.953501 0.224169
vt 0.516844 0.911051
vt 0.508937 0.921241
vt 0.508937 0.911051
vt 0.516844 0.921241
vt 0.931969 0.073605
vt 0.923515 0.073605
vt 0.931969 0.082805
vt 0.923515 0.073605
vt 0.931969 0.073605
vt 0.923515 0.082805
vt 0.805785 0.259911
vt 0.796584 0.241767
vt 0.805785 0.241767
vt 0.796584 0.259911
vt 0.286656 0.878101
vt 0.278202 0.859957
vt 0.286656 0.859957
vt 0.278202 0.878101
vt 0.768983 0.334240
vt 0.778183 0.352384
vt 0.768983 0.352384
vt 0.778183 0.334240
vt 0.572566 0.871216
vt 0.572566 0.853072
vt 0.524911 0.956033
vt 0.524911 0.965234
vt 0.530843 0.965234
vt 0.524911 0.956033
vt 0.530843 0.956033
vt 0.047439 0.945844
vt 0.047439 0.936643
vt 0.055346 0.936643
vt 0.055346 0.945844
vt 0.989409 0.877625
vt 0.983478 0.877625
vt 0.719493 0.936643
vt 0.719493 0.945844
vt 0.915936 0.975423
vt 0.921868 0.983330
vt 0.921868 0.975423
vt 0.536774 0.956033
vt 0.536774 0.965234
vt 0.542705 0.965234
vt 0.536774 0.956033
vt 0.542705 0.956033
vt 0.371606 0.945844
vt 0.371606 0.936643
vt 0.379512 0.936643
vt 0.379512 0.945844
vt 0.023725 0.991946
vt 0.017794 0.991946
vt 0.017794 0.984040
vt 0.023725 0.984040
vt 0.213476 0.936643
vt 0.213476 0.945844
vt 0.921868 0.975423
vt 0.927799 0.975423
vt 0.927799 0.983330
vt 0.921868 0.983330
vt 0.276365 0.974129
vt 0.276365 0.966223
vt 0.282829 0.974129
vt 0.282829 0.966223
vt 0.071159 0.953750
vt 0.071159 0.945844
vt 0.079065 0.953750
vt 0.977547 0.316262
vt 0.971083 0.316262
vt 0.031626 0.945844
vt 0.023720 0.953750
vt 0.023720 0.945844
vt 0.031626 0.953750
vt 0.971083 0.158131
vt 0.977547 0.166038
vt 0.971083 0.166038
vt 0.977547 0.158131
vt 0.548637 0.956033
vt 0.548637 0.965234
vt 0.554568 0.965234
vt 0.548637 0.956033
vt 0.554568 0.956033
vt 0.909250 0.945844
vt 0.909250 0.936643
vt 0.917157 0.936643
vt 0.917157 0.945844
vt 0.367739 0.991946
vt 0.361808 0.991946
vt 0.361808 0.984040
vt 0.367739 0.984040
vt 0.727400 0.936643
vt 0.719493 0.945844
vt 0.719493 0.936643
vt 0.727400 0.945844
vt 0.933730 0.983330
vt 0.933730 0.975423
vt 0.889424 0.984040
vt 0.889424 0.991946
vt 0.895143 0.984040
vt 0.895143 0.991946
vt 0.947782 0.509474
vt 0.947782 0.519663
vt 0.428168 0.920326
vt 0.420262 0.910137
vt 0.428168 0.910137
vt 0.420262 0.920326
vt 0.947782 0.356632
vt 0.953501 0.366821
vt 0.947782 0.366821
vt 0.953501 0.356632
vt 0.908836 0.534757
vt 0.916743 0.544947
vt 0.908836 0.544947
vt 0.916743 0.534757
vt 0.722372 0.974129
vt 0.728836 0.966223
vt 0.728836 0.974129
vt 0.722372 0.966223
vt 0.735300 0.974129
vt 0.735300 0.966223
vt 0.947782 0.850817
vt 0.947782 0.858723
vt 0.939876 0.858723
vt 0.939876 0.850817
vt 0.038783 0.975423
vt 0.045247 0.975423
vt 0.045247 0.983330
vt 0.221383 0.953750
vt 0.229289 0.945844
vt 0.229289 0.953750
vt 0.221383 0.945844
vt 0.971083 0.877626
vt 0.977546 0.877626
vt 0.959220 0.800450
vt 0.965151 0.791250
vt 0.965151 0.800450
vt 0.959220 0.791250
vt 0.965151 0.809651
vt 0.959220 0.800450
vt 0.965151 0.800450
vt 0.959220 0.809651
vt 0.939876 0.616439
vt 0.931969 0.625639
vt 0.931969 0.616439
vt 0.939876 0.625639
vt 0.983478 0.158130
vt 0.989409 0.166037
vt 0.983478 0.166037
vt 0.989409 0.158130
vt 0.931969 0.634840
vt 0.939876 0.634840
vt 0.989409 0.086972
vt 0.983478 0.079065
vt 0.983478 0.086972
vt 0.797924 0.984040
vt 0.792205 0.991946
vt 0.792205 0.984040
vt 0.797924 0.991946
vt 0.803642 0.991946
vt 0.797924 0.984040
vt 0.803642 0.984040
vt 0.797924 0.991946
vt 0.953501 0.794780
vt 0.947782 0.794780
vt 0.907155 0.184434
vt 0.915061 0.194623
vt 0.907155 0.194623
vt 0.915061 0.184434
vt 0.953501 0.122274
vt 0.947782 0.112084
vt 0.953501 0.112084
vt 0.947782 0.122274
vt 0.572019 0.916025
vt 0.564112 0.905835
vt 0.572019 0.905835
vt 0.564112 0.916025
vt 0.780546 0.966223
vt 0.780546 0.974129
vt 0.774083 0.974129
vt 0.774083 0.966223
vt 0.787010 0.966223
vt 0.787010 0.974129
vt 0.774840 0.945844
vt 0.782747 0.953750
vt 0.774840 0.953750
vt 0.782747 0.945844
vt 0.977547 0.822280
vt 0.971083 0.830187
vt 0.971083 0.822280
vt 0.977547 0.830187
vt 0.885531 0.953750
vt 0.877625 0.945844
vt 0.885531 0.945844
vt 0.877625 0.953750
vt 0.971083 0.672056
vt 0.977546 0.664150
vt 0.977546 0.672056
vt 0.971083 0.664150
vt 0.971083 0.202413
vt 0.965151 0.202413
vt 0.965151 0.211613
vt 0.971083 0.211613
vt 0.947782 0.340421
vt 0.939876 0.340421
vt 0.947782 0.331221
vt 0.983478 0.790653
vt 0.977547 0.798559
vt 0.977547 0.790653
vt 0.983478 0.798559
vt 0.947782 0.349622
vt 0.947782 0.340421
vt 0.939876 0.349622
vt 0.977547 0.260915
vt 0.983478 0.253009
vt 0.983478 0.260915
vt 0.989409 0.466487
vt 0.995128 0.466487
vt 0.995128 0.474394
vt 0.989409 0.474394
vt 0.995128 0.482301
vt 0.989409 0.482301
vt 0.989409 0.474394
vt 0.995128 0.474394
vt 0.953501 0.336253
vt 0.959220 0.326063
vt 0.959220 0.336253
vt 0.953501 0.326063
vt 0.311152 0.902100
vt 0.303245 0.912290
vt 0.311152 0.912290
vt 0.953501 0.896675
vt 0.959220 0.896675
vt 0.320701 0.912290
vt 0.328608 0.912290
vt 0.320701 0.902100
vt 0.573703 0.966223
vt 0.573703 0.974129
vt 0.580167 0.974129
vt 0.573703 0.974129
vt 0.580167 0.966223
vt 0.237196 0.953750
vt 0.229289 0.945844
vt 0.237196 0.945844
vt 0.229289 0.953750
vt 0.971083 0.679963
vt 0.977547 0.672056
vt 0.977547 0.679963
vt 0.971083 0.672056
vt 0.553457 0.945844
vt 0.561364 0.953750
vt 0.553457 0.953750
vt 0.561364 0.945844
vt 0.142205 0.975423
vt 0.135741 0.983330
vt 0.135741 0.975423
vt 0.142205 0.983330
vt 0.959220 0.046003
vt 0.965151 0.036802
vt 0.965151 0.046003
vt 0.959220 0.036802
vt 0.965151 0.055204
vt 0.959220 0.055204
vt 0.965151 0.046003
vt 0.939876 0.644040
vt 0.931969 0.634840
vt 0.939876 0.634840
vt 0.931969 0.644040
vt 0.977547 0.268822
vt 0.983478 0.260915
vt 0.983478 0.268822
vt 0.977547 0.260915
vt 0.931969 0.644040
vt 0.939876 0.653241
vt 0.931969 0.653241
vt 0.939876 0.644040
vt 0.989409 0.648335
vt 0.983478 0.656242
vt 0.983478 0.648335
vt 0.989409 0.656242
vt 0.666391 0.991946
vt 0.672110 0.984040
vt 0.672110 0.991946
vt 0.666391 0.984040
vt 0.677829 0.991946
vt 0.672110 0.984039
vt 0.677829 0.984039
vt 0.672110 0.991946
vt 0.953501 0.458527
vt 0.947783 0.468716
vt 0.947783 0.458527
vt 0.953501 0.468716
vt 0.746057 0.910830
vt 0.753964 0.900640
vt 0.753964 0.910830
vt 0.746057 0.900640
vt 0.947782 0.804969
vt 0.953501 0.794780
vt 0.953501 0.804969
vt 0.947782 0.794780
vt 0.320153 0.902100
vt 0.312247 0.912290
vt 0.312247 0.902100
vt 0.320153 0.912290
vt 0.832257 0.974129
vt 0.832257 0.966223
vt 0.838721 0.974129
vt 0.832257 0.966223
vt 0.838721 0.966223
vt 0.832257 0.974129
vt 0.885532 0.953750
vt 0.893438 0.945844
vt 0.893438 0.953750
vt 0.885532 0.945844
vt 0.977546 0.869720
vt 0.977546 0.861813
vt 0.971083 0.869720
vt 0.790653 0.945844
vt 0.782747 0.953750
vt 0.782747 0.945844
vt 0.790653 0.953750
vt 0.977546 0.766935
vt 0.971083 0.766935
vt 0.977546 0.759028
vt 0.809613 0.956033
vt 0.809613 0.965234
vt 0.815544 0.965234
vt 0.815544 0.956033
vt 0.931969 0.662442
vt 0.931969 0.653241
vt 0.939876 0.653241
vt 0.939876 0.662442
vt 0.983478 0.347887
vt 0.983478 0.339981
vt 0.989409 0.339981
vt 0.939876 0.662441
vt 0.939876 0.671642
vt 0.931969 0.671642
vt 0.931969 0.662441
vt 0.983478 0.126504
vt 0.977547 0.126504
vt 0.989409 0.355796
vt 0.995128 0.347889
vt 0.995128 0.355796
vt 0.989409 0.347889
vt 0.995128 0.355796
vt 0.989409 0.363702
vt 0.989409 0.355796
vt 0.995128 0.363702
vt 0.005719 0.966223
vt 0.000000 0.956033
vt 0.005719 0.956033
vt 0.000000 0.966223
vt 0.295111 0.912290
vt 0.287204 0.912290
vt 0.287204 0.902100
vt 0.295111 0.902100
vt 0.953501 0.336253
vt 0.959220 0.346442
vt 0.953501 0.346442
vt 0.959220 0.336253
vt 0.499388 0.911051
vt 0.491481 0.911051
vt 0.499388 0.900862
vt 0.437962 0.974129
vt 0.444426 0.966223
vt 0.444426 0.974129
vt 0.437962 0.966223
vt 0.450890 0.974129
vt 0.444426 0.974129
vt 0.444426 0.966223
vt 0.450890 0.966223
vt 0.569270 0.945844
vt 0.569270 0.953750
vt 0.561364 0.953750
vt 0.971083 0.679963
vt 0.977547 0.679963
vt 0.977547 0.687869
vt 0.971083 0.687869
vt 0.798560 0.945844
vt 0.798560 0.953750
vt 0.977547 0.245103
vt 0.971083 0.245103
vt 0.376628 0.965234
vt 0.382560 0.956033
vt 0.382560 0.965234
vt 0.376628 0.956033
vt 0.388491 0.965234
vt 0.388491 0.956033
vt 0.735306 0.936643
vt 0.735306 0.945844
vt 0.727400 0.945844
vt 0.727400 0.936643
vt 0.977546 0.268822
vt 0.983478 0.268822
vt 0.983478 0.276728
vt 0.977546 0.276728
vt 0.735306 0.945844
vt 0.735306 0.936643
vt 0.743213 0.936643
vt 0.743213 0.945844
vt 0.939662 0.983330
vt 0.933730 0.983330
vt 0.933730 0.975423
vt 0.939662 0.975423
vt 0.989409 0.181851
vt 0.989409 0.173944
vt 0.995128 0.173944
vt 0.995128 0.181851
vt 0.995128 0.181851
vt 0.995128 0.189758
vt 0.989409 0.189758
vt 0.989409 0.181851
vt 0.953501 0.132463
vt 0.959220 0.142653
vt 0.953501 0.142653
vt 0.959220 0.132463
vt 0.534299 0.905835
vt 0.542206 0.916025
vt 0.534299 0.916025
vt 0.542206 0.905835
vt 0.953501 0.611369
vt 0.947782 0.611369
vt 0.916767 0.475054
vt 0.908860 0.475054
vt 0.908860 0.464864
vt 0.916767 0.464864
vt 0.677125 0.966223
vt 0.677125 0.974129
vt 0.683589 0.966223
vt 0.683589 0.974129
vt 0.237196 0.945844
vt 0.245102 0.953750
vt 0.237196 0.953750
vt 0.245102 0.945844
vt 0.977547 0.830187
vt 0.971083 0.838094
vt 0.971083 0.830187
vt 0.977547 0.838094
vt 0.577177 0.953750
vt 0.569270 0.945844
vt 0.577177 0.945844
vt 0.569270 0.953750
vt 0.971083 0.695776
vt 0.977547 0.687869
vt 0.977547 0.695776
vt 0.971083 0.687869
vt 0.965151 0.055204
vt 0.965151 0.064404
vt 0.959220 0.064404
vt 0.959220 0.055204
vt 0.959220 0.073605
vt 0.959220 0.064404
vt 0.965151 0.064404
vt 0.965151 0.073605
vt 0.931969 0.671642
vt 0.939876 0.680843
vt 0.931969 0.680843
vt 0.939876 0.671642
vt 0.983478 0.798559
vt 0.977547 0.806466
vt 0.983478 0.806466
vt 0.939876 0.690043
vt 0.931969 0.690043
vt 0.977546 0.284635
vt 0.983478 0.284635
vt 0.597766 0.984040
vt 0.603485 0.984040
vt 0.603485 0.991946
vt 0.597766 0.991946
vt 0.609203 0.991946
vt 0.603485 0.991946
vt 0.603485 0.984040
vt 0.609203 0.984040
vt 0.947783 0.132463
vt 0.953501 0.122274
vt 0.953501 0.132463
vt 0.947783 0.122274
vt 0.226292 0.890645
vt 0.218386 0.900835
vt 0.218386 0.890645
vt 0.226292 0.900835
vt 0.912782 0.945844
vt 0.907063 0.956033
vt 0.907063 0.945844
vt 0.912782 0.956033
vt 0.226292 0.900835
vt 0.226292 0.911024
vt 0.218386 0.900835
vt 0.989409 0.822282
vt 0.995128 0.814376
vt 0.995128 0.822282
vt 0.989409 0.814376
vt 0.995128 0.822282
vt 0.989409 0.830189
vt 0.989409 0.822282
vt 0.995128 0.830189
vt 0.477671 0.984039
vt 0.483390 0.992093
vt 0.477671 0.992093
vt 0.483390 0.984039
vt 0.947782 0.644067
vt 0.939876 0.644067
vt 0.489109 0.992093
vt 0.483390 0.984039
vt 0.489109 0.984039
vt 0.483390 0.992093
vt 0.947783 0.684336
vt 0.939876 0.692390
vt 0.989409 0.189758
vt 0.995128 0.189758
vt 0.995128 0.197664
vt 0.989409 0.197664
vt 0.995128 0.205571
vt 0.989409 0.205571
vt 0.989409 0.197664
vt 0.995128 0.197664
vt 0.431921 0.984039
vt 0.431921 0.992093
vt 0.947782 0.587690
vt 0.939876 0.587690
vt 0.454796 0.984039
vt 0.449077 0.984039
vt 0.454796 0.992093
vt 0.939876 0.652121
vt 0.947782 0.644067
vt 0.947782 0.652121
vt 0.939876 0.644067
vt 0.995128 0.838095
vt 0.989409 0.830189
vt 0.995128 0.830189
vt 0.989409 0.838095
vt 0.989409 0.838095
vt 0.995128 0.846002
vt 0.989409 0.846002
vt 0.995128 0.838095
vt 0.443358 0.984040
vt 0.437640 0.992093
vt 0.437640 0.984040
vt 0.443358 0.992093
vt 0.939876 0.660175
vt 0.947782 0.660175
vt 0.489109 0.992093
vt 0.494828 0.984039
vt 0.494828 0.992093
vt 0.489109 0.984039
vt 0.947782 0.700444
vt 0.939876 0.708498
vt 0.939876 0.700444
vt 0.947782 0.708498
vt 0.947783 0.668229
vt 0.939876 0.660175
vt 0.947783 0.660175
vt 0.939876 0.668229
vt 0.923737 0.991946
vt 0.929456 0.984040
vt 0.929456 0.991946
vt 0.923737 0.984040
vt 0.420483 0.992093
vt 0.414764 0.984040
vt 0.420483 0.984040
vt 0.414764 0.992093
vt 0.939876 0.668229
vt 0.947782 0.668229
vt 0.409046 0.984039
vt 0.414764 0.992093
vt 0.409046 0.992093
vt 0.414764 0.984039
vt 0.735017 0.984040
vt 0.729298 0.991946
vt 0.729298 0.984040
vt 0.735017 0.991946
vt 0.655400 0.956033
vt 0.655400 0.965234
vt 0.661331 0.965234
vt 0.655400 0.956033
vt 0.661331 0.956033
vt 0.655400 0.965234
vt 0.939876 0.358822
vt 0.947782 0.358822
vt 0.989409 0.664148
vt 0.983478 0.664148
vt 0.989409 0.656242
vt 0.939876 0.368023
vt 0.947782 0.358822
vt 0.947782 0.368023
vt 0.939876 0.358822
vt 0.945593 0.983330
vt 0.945593 0.975423
vt 0.328076 0.966223
vt 0.328076 0.974129
vt 0.321612 0.966223
vt 0.334540 0.974129
vt 0.328076 0.974129
vt 0.328076 0.966223
vt 0.334540 0.966223
vt 0.947782 0.866630
vt 0.939876 0.866630
vt 0.045247 0.975423
vt 0.051711 0.975423
vt 0.051711 0.983330
vt 0.939876 0.874536
vt 0.939876 0.866630
vt 0.947782 0.866630
vt 0.947782 0.874536
vt 0.977547 0.173944
vt 0.971083 0.173944
vt 0.971083 0.166038
vt 0.977547 0.166038
vt 0.971083 0.625639
vt 0.965151 0.625639
vt 0.965151 0.634840
vt 0.965151 0.625639
vt 0.971083 0.625639
vt 0.971083 0.634840
vt 0.751119 0.945844
vt 0.751119 0.936643
vt 0.989409 0.664149
vt 0.983478 0.672055
vt 0.983478 0.664149
vt 0.989409 0.672055
vt 0.759026 0.945844
vt 0.751119 0.936643
vt 0.759026 0.936643
vt 0.751119 0.945844
vt 0.983478 0.679962
vt 0.989409 0.679962
vt 0.922751 0.966223
vt 0.922751 0.974129
vt 0.916287 0.974129
vt 0.916287 0.966223
vt 0.922751 0.974129
vt 0.922751 0.966223
vt 0.929215 0.966223
vt 0.929215 0.974129
vt 0.939876 0.874536
vt 0.947782 0.882443
vt 0.939876 0.882443
vt 0.947782 0.874536
vt 0.058175 0.975423
vt 0.051711 0.983330
vt 0.051711 0.975423
vt 0.058175 0.983330
vt 0.947782 0.890350
vt 0.939876 0.882443
vt 0.947782 0.882443
vt 0.939876 0.890350
vt 0.064638 0.975423
vt 0.064638 0.983330
vt 0.965151 0.920058
vt 0.971083 0.920058
vt 0.971083 0.920058
vt 0.965151 0.929258
vt 0.965151 0.920058
vt 0.971083 0.929258
vt 0.939876 0.699244
vt 0.931969 0.690043
vt 0.939876 0.690043
vt 0.931969 0.699244
vt 0.249114 0.991946
vt 0.255045 0.984040
vt 0.255045 0.991946
vt 0.249114 0.984040
vt 0.931969 0.699244
vt 0.939876 0.708444
vt 0.931969 0.708444
vt 0.939876 0.699244
vt 0.260976 0.984040
vt 0.255045 0.991946
vt 0.255045 0.984040
vt 0.260976 0.991946
vt 0.971083 0.419047
vt 0.977546 0.411140
vt 0.977546 0.419047
vt 0.971083 0.411140
vt 0.977546 0.419047
vt 0.971083 0.426954
vt 0.971083 0.419047
vt 0.977546 0.426954
vt 0.585083 0.953750
vt 0.577177 0.945844
vt 0.585083 0.945844
vt 0.577177 0.953750
vt 0.200379 0.983330
vt 0.206843 0.975423
vt 0.206843 0.983330
vt 0.200379 0.975423
vt 0.585083 0.945844
vt 0.592990 0.953750
vt 0.585083 0.953750
vt 0.592990 0.945844
vt 0.213307 0.975423
vt 0.206843 0.983330
vt 0.206843 0.975423
vt 0.213307 0.983330
vt 0.977546 0.324168
vt 0.971083 0.324168
vt 0.971083 0.316262
vt 0.977546 0.316262
vt 0.509065 0.974129
vt 0.509065 0.966223
vt 0.939876 0.898256
vt 0.947782 0.898256
vt 0.939876 0.890350
vt 0.971083 0.324168
vt 0.977547 0.332075
vt 0.971083 0.332075
vt 0.977547 0.324168
vt 0.947782 0.898256
vt 0.947782 0.906163
vt 0.939876 0.906163
vt 0.515529 0.974129
vt 0.515529 0.966223
vt 0.266907 0.991946
vt 0.260976 0.984040
vt 0.266907 0.984040
vt 0.959220 0.377224
vt 0.965151 0.368023
vt 0.965151 0.377224
vt 0.939876 0.377223
vt 0.939876 0.368023
vt 0.947782 0.368023
vt 0.947782 0.377223
vt 0.983478 0.134411
vt 0.977547 0.134411
vt 0.947782 0.386424
vt 0.939876 0.386424
vt 0.965151 0.386424
vt 0.965151 0.377224
vt 0.959220 0.386424
vt 0.661331 0.965234
vt 0.667262 0.956033
vt 0.667262 0.965234
vt 0.661331 0.956033
vt 0.673194 0.965234
vt 0.673194 0.956033
vt 0.482297 0.936643
vt 0.474391 0.945844
vt 0.474391 0.936643
vt 0.482297 0.945844
vt 0.983478 0.679962
vt 0.989409 0.687868
vt 0.983478 0.687868
vt 0.989409 0.679962
vt 0.482297 0.945844
vt 0.482297 0.936643
vt 0.490204 0.936643
vt 0.490204 0.945844
vt 0.726136 0.983330
vt 0.720204 0.983330
vt 0.720204 0.975423
vt 0.726136 0.975423
vt 0.989409 0.853908
vt 0.995128 0.846002
vt 0.995128 0.853908
vt 0.989409 0.846002
vt 0.995128 0.853908
vt 0.989409 0.861815
vt 0.989409 0.853908
vt 0.995128 0.861815
vt 0.959220 0.264926
vt 0.959220 0.254737
vt 0.908860 0.432431
vt 0.916767 0.432431
vt 0.916767 0.442621
vt 0.908860 0.442621
vt 0.959220 0.906865
vt 0.959220 0.896675
vt 0.563565 0.916025
vt 0.555658 0.916025
vt 0.555658 0.905835
vt 0.563565 0.905835
vt 0.971083 0.634840
vt 0.971083 0.644040
vt 0.965151 0.644040
vt 0.965151 0.653241
vt 0.971083 0.644040
vt 0.971083 0.653241
vt 0.931969 0.239215
vt 0.939876 0.248416
vt 0.931969 0.248416
vt 0.939876 0.239215
vt 0.989409 0.166037
vt 0.983478 0.173944
vt 0.983478 0.166037
vt 0.989409 0.173944
vt 0.939876 0.257616
vt 0.931969 0.248416
vt 0.931969 0.257616
vt 0.983478 0.695775
vt 0.989409 0.687868
vt 0.989409 0.695775
vt 0.983478 0.687868
vt 0.989409 0.205571
vt 0.995128 0.205571
vt 0.995128 0.213477
vt 0.989409 0.213477
vt 0.995128 0.221384
vt 0.989409 0.221384
vt 0.989409 0.213477
vt 0.995128 0.213477
vt 0.947782 0.621558
vt 0.953501 0.621558
vt 0.916767 0.454675
vt 0.908860 0.454675
vt 0.916767 0.464864
vt 0.947782 0.815159
vt 0.953501 0.815159
vt 0.526393 0.916025
vt 0.526393 0.905835
vt 0.965151 0.938459
vt 0.971083 0.929258
vt 0.971083 0.938459
vt 0.965151 0.929258
vt 0.971083 0.938459
vt 0.965151 0.947659
vt 0.965151 0.938459
vt 0.971083 0.947659
vt 0.498916 0.932723
vt 0.491009 0.923522
vt 0.498916 0.923522
vt 0.491009 0.932723
vt 0.266907 0.991946
vt 0.272839 0.984040
vt 0.272839 0.991946
vt 0.266907 0.984040
vt 0.498916 0.923522
vt 0.506822 0.932723
vt 0.498916 0.932723
vt 0.506822 0.923522
vt 0.983478 0.885531
vt 0.983478 0.877625
vt 0.989409 0.885531
vt 0.995128 0.869721
vt 0.989409 0.861815
vt 0.995128 0.861815
vt 0.989409 0.869721
vt 0.989409 0.869721
vt 0.995128 0.877628
vt 0.989409 0.877628
vt 0.995128 0.869721
vt 0.011438 0.956033
vt 0.005719 0.966223
vt 0.005719 0.956033
vt 0.011438 0.966223
vt 0.916767 0.442621
vt 0.916767 0.452810
vt 0.953501 0.275116
vt 0.959220 0.264926
vt 0.959220 0.275116
vt 0.953501 0.264926
vt 0.261799 0.907361
vt 0.253892 0.917550
vt 0.253892 0.907361
vt 0.261799 0.917550
vt 0.959220 0.395625
vt 0.965151 0.395625
vt 0.965151 0.404826
vt 0.965151 0.395625
vt 0.959220 0.404826
vt 0.498110 0.936643
vt 0.498110 0.945844
vt 0.989409 0.893438
vt 0.983478 0.893438
vt 0.983478 0.885531
vt 0.989409 0.885531
vt 0.506017 0.936643
vt 0.498110 0.945844
vt 0.498110 0.936643
vt 0.506017 0.945844
vt 0.983478 0.142317
vt 0.977547 0.142317
vt 0.929456 0.991946
vt 0.935175 0.984040
vt 0.935175 0.991946
vt 0.929456 0.984040
vt 0.740736 0.984040
vt 0.735017 0.991946
vt 0.735017 0.984040
vt 0.740736 0.991946
vt 0.953501 0.478905
vt 0.947783 0.478905
vt 0.492029 0.911051
vt 0.499935 0.911051
vt 0.492029 0.921241
vt 0.924220 0.945844
vt 0.929938 0.956033
vt 0.924220 0.956033
vt 0.929938 0.945844
vt 0.908140 0.125752
vt 0.916046 0.125752
vt 0.916046 0.135942
vt 0.908140 0.135942
vt 0.673194 0.965234
vt 0.679125 0.956033
vt 0.679125 0.965234
vt 0.673194 0.956033
vt 0.685056 0.965234
vt 0.685056 0.956033
vt 0.947782 0.542834
vt 0.947782 0.552034
vt 0.939876 0.552034
vt 0.939876 0.542834
vt 0.065244 0.991946
vt 0.059313 0.991946
vt 0.065244 0.984040
vt 0.939876 0.561235
vt 0.947782 0.561235
vt 0.951524 0.983330
vt 0.945593 0.975423
vt 0.951524 0.975423
vt 0.334540 0.974129
vt 0.341004 0.966223
vt 0.341004 0.974129
vt 0.334540 0.966223
vt 0.347468 0.974129
vt 0.341004 0.966223
vt 0.347468 0.966223
vt 0.341004 0.974129
vt 0.253009 0.945844
vt 0.245102 0.953750
vt 0.245102 0.945844
vt 0.253009 0.953750
vt 0.071102 0.975423
vt 0.071102 0.983330
vt 0.064638 0.983330
vt 0.592990 0.953750
vt 0.600896 0.945844
vt 0.600896 0.953750
vt 0.592990 0.945844
vt 0.977547 0.253010
vt 0.971083 0.253010
vt 0.971083 0.245103
vt 0.977547 0.245103
vt 0.690988 0.956033
vt 0.690988 0.965234
vt 0.696919 0.965234
vt 0.690988 0.965234
vt 0.690988 0.956033
vt 0.696919 0.956033
vt 0.513924 0.936643
vt 0.513924 0.945844
vt 0.506017 0.945844
vt 0.506017 0.936643
vt 0.983478 0.173944
vt 0.989409 0.173944
vt 0.989409 0.181850
vt 0.983478 0.181850
vt 0.939876 0.395625
vt 0.947782 0.386424
vt 0.947782 0.395625
vt 0.939876 0.386424
vt 0.957455 0.983330
vt 0.951524 0.975423
vt 0.957455 0.975423
vt 0.951524 0.983330
vt 0.989409 0.885534
vt 0.989409 0.877628
vt 0.995128 0.877628
vt 0.995128 0.885534
vt 0.995128 0.885534
vt 0.989409 0.893441
vt 0.989409 0.885534
vt 0.995128 0.893441
vt 0.953501 0.621558
vt 0.959220 0.631748
vt 0.953501 0.631748
vt 0.959220 0.621558
vt 0.907155 0.393921
vt 0.915061 0.393921
vt 0.907155 0.404110
vt 0.959220 0.641937
vt 0.953501 0.631748
vt 0.959220 0.631748
vt 0.953501 0.641937
vt 0.915061 0.168976
vt 0.907155 0.168976
vt 0.907155 0.158786
vt 0.971083 0.653241
vt 0.971083 0.662442
vt 0.965151 0.662442
vt 0.965151 0.671642
vt 0.971083 0.662442
vt 0.971083 0.671642
vt 0.947782 0.496831
vt 0.939876 0.496831
vt 0.989409 0.695775
vt 0.983478 0.703681
vt 0.983478 0.695775
vt 0.989409 0.703681
vt 0.939876 0.496831
vt 0.947782 0.496831
vt 0.065244 0.991946
vt 0.071175 0.984040
vt 0.071175 0.991946
vt 0.935679 0.966223
vt 0.935679 0.974129
vt 0.929215 0.974129
vt 0.929215 0.966223
vt 0.935679 0.974129
vt 0.935679 0.966223
vt 0.942143 0.966223
vt 0.942143 0.974129
vt 0.260915 0.953750
vt 0.260915 0.945844
vt 0.148668 0.975423
vt 0.142205 0.983330
vt 0.142205 0.975423
vt 0.148668 0.983330
vt 0.608803 0.953750
vt 0.600896 0.945844
vt 0.608803 0.945844
vt 0.600896 0.953750
vt 0.077566 0.975423
vt 0.077566 0.983330
vt 0.071102 0.975423
vt 0.971083 0.671642
vt 0.971083 0.680843
vt 0.971083 0.680843
vt 0.971083 0.690043
vt 0.931969 0.257616
vt 0.939876 0.266817
vt 0.931969 0.266817
vt 0.939876 0.257616
vt 0.983478 0.711588
vt 0.989409 0.711588
vt 0.766933 0.945844
vt 0.766933 0.936643
vt 0.983478 0.189757
vt 0.989409 0.189757
vt 0.989409 0.221384
vt 0.995128 0.221384
vt 0.995128 0.229290
vt 0.989409 0.229290
vt 0.995128 0.237197
vt 0.989409 0.237197
vt 0.989409 0.229290
vt 0.995128 0.229290
vt 0.947782 0.825348
vt 0.953501 0.825348
vt 0.915061 0.210081
vt 0.907155 0.220270
vt 0.907155 0.210081
vt 0.915061 0.220270
vt 0.953501 0.825349
vt 0.947782 0.835538
vt 0.947782 0.825349
vt 0.953501 0.835538
vt 0.907155 0.370030
vt 0.915061 0.359840
vt 0.915061 0.370030
vt 0.907155 0.359840
vt 0.965151 0.956860
vt 0.971083 0.947659
vt 0.971083 0.956860
vt 0.965151 0.947659
vt 0.971083 0.956860
vt 0.965151 0.966060
vt 0.965151 0.956860
vt 0.971083 0.966060
vt 0.830185 0.945844
vt 0.822278 0.936643
vt 0.830185 0.936643
vt 0.822278 0.945844
vt 0.397396 0.991946
vt 0.403327 0.984040
vt 0.403327 0.991946
vt 0.397396 0.984040
vt 0.830185 0.936643
vt 0.830185 0.945844
vt 0.278770 0.984040
vt 0.278770 0.991946
vt 0.971083 0.434860
vt 0.977546 0.426954
vt 0.977546 0.434860
vt 0.971083 0.426954
vt 0.977546 0.434860
vt 0.971083 0.442767
vt 0.971083 0.434860
vt 0.977546 0.442767
vt 0.901345 0.953750
vt 0.893438 0.953750
vt 0.213307 0.983330
vt 0.219771 0.975423
vt 0.219771 0.983330
vt 0.806466 0.953750
vt 0.798560 0.953750
vt 0.806466 0.945844
vt 0.271481 0.975423
vt 0.265018 0.983330
vt 0.265018 0.975423
vt 0.271481 0.983330
vt 0.000000 0.975423
vt 0.005931 0.966223
vt 0.005931 0.975423
vt 0.000000 0.966223
vt 0.011863 0.966223
vt 0.005931 0.975423
vt 0.005931 0.966223
vt 0.011863 0.975423
vt 0.939876 0.717645
vt 0.931969 0.717645
vt 0.983478 0.901345
vt 0.989409 0.901345
vt 0.514729 0.932723
vt 0.514729 0.923522
vt 0.284701 0.984040
vt 0.278770 0.991946
vt 0.278770 0.984040
vt 0.284701 0.991946
vt 0.995128 0.901347
vt 0.989409 0.893441
vt 0.995128 0.893441
vt 0.989409 0.901347
vt 0.989409 0.901347
vt 0.995128 0.909254
vt 0.989409 0.909254
vt 0.995128 0.901347
vt 0.959220 0.641937
vt 0.953501 0.652127
vt 0.953501 0.641937
vt 0.959220 0.652127
vt 0.915061 0.421324
vt 0.915061 0.431514
vt 0.907155 0.421324
vt 0.953501 0.662316
vt 0.959220 0.662316
vt 0.780043 0.917491
vt 0.780043 0.907301
vt 0.702850 0.956033
vt 0.702850 0.965234
vt 0.708781 0.965234
vt 0.702850 0.965234
vt 0.702850 0.956033
vt 0.708781 0.956033
vt 0.947782 0.092006
vt 0.947782 0.101206
vt 0.939876 0.101206
vt 0.983478 0.411139
vt 0.989409 0.411139
vt 0.989409 0.419046
vt 0.983478 0.419046
vt 0.939876 0.110407
vt 0.947782 0.110407
vt 0.832899 0.983330
vt 0.826967 0.983330
vt 0.826967 0.975423
vt 0.832899 0.975423
vt 0.989409 0.917160
vt 0.989409 0.909254
vt 0.995128 0.909254
vt 0.995128 0.917160
vt 0.995128 0.917160
vt 0.995128 0.925067
vt 0.989409 0.925067
vt 0.989409 0.917160
vt 0.953501 0.377011
vt 0.959220 0.387200
vt 0.953501 0.387200
vt 0.959220 0.377011
vt 0.908301 0.872924
vt 0.916207 0.872924
vt 0.916207 0.883113
vt 0.959220 0.723453
vt 0.959220 0.713264
vt 0.285724 0.916244
vt 0.277817 0.916244
vt 0.277817 0.906054
vt 0.285724 0.906054
vt 0.971083 0.690043
vt 0.971083 0.699244
vt 0.965151 0.708444
vt 0.965151 0.699244
vt 0.971083 0.699244
vt 0.971083 0.708444
vt 0.213476 0.936643
vt 0.221382 0.945844
vt 0.213476 0.945844
vt 0.221382 0.936643
vt 0.983478 0.426953
vt 0.989409 0.426953
vt 0.229289 0.945844
vt 0.229289 0.936643
vt 0.983478 0.434859
vt 0.989409 0.434859
vt 0.989409 0.237197
vt 0.995128 0.237197
vt 0.995128 0.245104
vt 0.989409 0.245104
vt 0.995128 0.253010
vt 0.989409 0.253010
vt 0.989409 0.245104
vt 0.995128 0.245104
vt 0.947782 0.631748
vt 0.953501 0.621558
vt 0.947782 0.621558
vt 0.662343 0.906106
vt 0.654436 0.916295
vt 0.654436 0.906106
vt 0.662343 0.916295
vt 0.959220 0.040758
vt 0.953501 0.050947
vt 0.953501 0.040758
vt 0.959220 0.050947
vt 0.840756 0.916315
vt 0.848663 0.906125
vt 0.848663 0.916315
vt 0.840756 0.906125
vt 0.011863 0.975423
vt 0.017794 0.966223
vt 0.017794 0.975423
vt 0.011863 0.966223
vt 0.023725 0.966223
vt 0.017794 0.975423
vt 0.017794 0.966223
vt 0.023725 0.975423
vt 0.815177 0.932723
vt 0.815177 0.923522
vt 0.130488 0.984040
vt 0.130488 0.991946
vt 0.815177 0.923522
vt 0.823084 0.932723
vt 0.823084 0.923522
vt 0.136419 0.984040
vt 0.130488 0.991946
vt 0.130488 0.984040
vt 0.136419 0.991946
vt 0.995128 0.932974
vt 0.989409 0.925067
vt 0.995128 0.925067
vt 0.989409 0.932974
vt 0.989409 0.932974
vt 0.995128 0.940880
vt 0.989409 0.940880
vt 0.995128 0.932974
vt 0.953501 0.478905
vt 0.959220 0.478905
vt 0.832850 0.916315
vt 0.840756 0.906126
vt 0.832850 0.906126
vt 0.953501 0.397390
vt 0.959220 0.397390
vt 0.410898 0.910245
vt 0.402992 0.920435
vt 0.402992 0.910245
vt 0.410898 0.920435
vt 0.959220 0.414026
vt 0.965151 0.414026
vt 0.965151 0.423227
vt 0.965151 0.414026
vt 0.959220 0.423227
vt 0.939876 0.119607
vt 0.947782 0.119607
vt 0.142351 0.991946
vt 0.136419 0.984040
vt 0.142351 0.984040
vt 0.136419 0.991946
vt 0.939876 0.128808
vt 0.947782 0.128808
vt 0.983478 0.079065
vt 0.977547 0.079065
vt 0.935175 0.991946
vt 0.940893 0.984040
vt 0.940893 0.991946
vt 0.935175 0.984040
vt 0.746454 0.984040
vt 0.740736 0.991946
vt 0.740736 0.984040
vt 0.746454 0.991946
vt 0.953501 0.203790
vt 0.947783 0.193600
vt 0.953501 0.193600
vt 0.947783 0.203790
vt 0.395085 0.920435
vt 0.387179 0.920435
vt 0.387179 0.910245
vt 0.395085 0.910245
vt 0.929939 0.945844
vt 0.935657 0.956033
vt 0.929939 0.956033
vt 0.935657 0.945844
vt 0.821381 0.906125
vt 0.829287 0.906125
vt 0.829287 0.916315
vt 0.821381 0.916315
vt 0.190626 0.835539
vt 0.190626 0.891724
vt 0.185134 0.891724
vt 0.626096 0.838233
vt 0.620603 0.838233
vt 0.881490 0.483304
vt 0.875997 0.483304
vt 0.881490 0.539489
vt 0.464591 0.841599
vt 0.464591 0.785413
vt 0.470083 0.785413
vt 0.470083 0.841599
vt 0.750582 0.068410
vt 0.806767 0.012224
vt 0.806767 0.068410
vt 0.750582 0.012224
vt 0.806767 0.124595
vt 0.750581 0.124595
vt 0.899847 0.863738
vt 0.908301 0.873425
vt 0.899847 0.873425
vt 0.908301 0.863738
vt 0.899847 0.854050
vt 0.908301 0.854050
vt 0.525298 0.895215
vt 0.534985 0.883269
vt 0.534985 0.895215
vt 0.525298 0.883269
vt 0.898700 0.160542
vt 0.907155 0.160542
vt 0.898700 0.172488
vt 0.032766 0.882310
vt 0.032766 0.894256
vt 0.023078 0.894256
vt 0.023078 0.882310
vt 0.898700 0.172488
vt 0.907155 0.184434
vt 0.898700 0.184434
vt 0.907155 0.172488
vt 0.080960 0.846023
vt 0.089414 0.864167
vt 0.080960 0.864167
vt 0.089414 0.846023
vt 0.826315 0.847272
vt 0.826315 0.865416
vt 0.805785 0.370527
vt 0.796584 0.352384
vt 0.805785 0.352384
vt 0.796584 0.370527
vt 0.931969 0.018401
vt 0.923515 0.009201
vt 0.931969 0.009201
vt 0.923515 0.018401
vt 0.804905 0.553729
vt 0.814106 0.571872
vt 0.804905 0.571872
vt 0.814106 0.553729
vt 0.923515 0.018401
vt 0.931969 0.027602
vt 0.923515 0.027602
vt 0.931969 0.018401
vt 0.812927 0.895505
vt 0.821381 0.906126
vt 0.812927 0.906126
vt 0.821381 0.895505
vt 0.908139 0.136373
vt 0.899685 0.136373
vt 0.899685 0.125752
vt 0.908139 0.125752
vt 0.455499 0.888808
vt 0.455499 0.876754
vt 0.867352 0.902854
vt 0.867352 0.890800
vt 0.858898 0.902854
vt 0.502101 0.876754
vt 0.491481 0.888808
vt 0.491481 0.876754
vt 0.502101 0.888808
vt 0.895189 0.136543
vt 0.903643 0.148597
vt 0.895189 0.148597
vt 0.903643 0.136543
vt 0.900930 0.502679
vt 0.909384 0.512367
vt 0.900930 0.512367
vt 0.908301 0.795924
vt 0.899847 0.795924
vt 0.899847 0.786236
vt 0.908301 0.786236
vt 0.881825 0.101218
vt 0.881825 0.089272
vt 0.891513 0.089272
vt 0.891513 0.101218
vt 0.629057 0.906364
vt 0.629057 0.894418
vt 0.620603 0.906364
vt 0.891513 0.101218
vt 0.891513 0.113163
vt 0.881825 0.113163
vt 0.881825 0.101218
vt 0.356034 0.906383
vt 0.356034 0.894437
vt 0.310206 0.859957
vt 0.318660 0.878101
vt 0.310206 0.878101
vt 0.318660 0.859957
vt 0.860132 0.878854
vt 0.851678 0.860710
vt 0.860132 0.860710
vt 0.851678 0.878854
vt 0.072676 0.526571
vt 0.072676 0.544715
vt 0.081876 0.526571
vt 0.923515 0.119608
vt 0.931969 0.128808
vt 0.923515 0.128808
vt 0.931969 0.119608
vt 0.588428 0.018144
vt 0.579228 0.000000
vt 0.588428 0.000000
vt 0.579228 0.018144
vt 0.931969 0.128808
vt 0.923515 0.138009
vt 0.923515 0.128808
vt 0.931969 0.138009
vt 0.899847 0.600196
vt 0.908301 0.600196
vt 0.908301 0.610816
vt 0.899847 0.610816
vt 0.908301 0.621437
vt 0.899847 0.621437
vt 0.899847 0.610816
vt 0.908301 0.610816
vt 0.859649 0.431343
vt 0.859649 0.419290
vt 0.870269 0.419290
vt 0.870269 0.431343
vt 0.892856 0.060751
vt 0.901310 0.072805
vt 0.892856 0.072805
vt 0.901310 0.060751
vt 0.363555 0.870438
vt 0.352935 0.882492
vt 0.352935 0.870438
vt 0.892856 0.048697
vt 0.901310 0.048697
vt 0.901310 0.060751
vt 0.892856 0.060751
vt 0.908301 0.854050
vt 0.899847 0.854050
vt 0.899847 0.844362
vt 0.908301 0.844362
vt 0.557841 0.018144
vt 0.566295 0.018144
vt 0.566295 0.027831
vt 0.557841 0.027831
vt 0.544673 0.883270
vt 0.544673 0.895215
vt 0.534985 0.895215
vt 0.534985 0.883270
vt 0.060596 0.906201
vt 0.052142 0.906201
vt 0.052142 0.894256
vt 0.060596 0.894256
vt 0.052142 0.894256
vt 0.052142 0.882310
vt 0.061829 0.882310
vt 0.061829 0.894256
vt 0.043687 0.906201
vt 0.052142 0.894256
vt 0.052142 0.906201
vt 0.043687 0.894256
vt 0.804409 0.865416
vt 0.795955 0.847272
vt 0.804409 0.847272
vt 0.795955 0.865416
vt 0.089414 0.846023
vt 0.097868 0.864167
vt 0.089414 0.864167
vt 0.097868 0.846023
vt 0.806767 0.124595
vt 0.815968 0.142739
vt 0.806767 0.142739
vt 0.815968 0.124595
vt 0.931969 0.036802
vt 0.923515 0.036802
vt 0.931969 0.027602
vt 0.825168 0.142739
vt 0.815968 0.124595
vt 0.825168 0.124595
vt 0.815968 0.142739
vt 0.923515 0.036802
vt 0.931969 0.046003
vt 0.908301 0.632057
vt 0.899847 0.632057
vt 0.899847 0.621437
vt 0.908301 0.621437
vt 0.555658 0.895215
vt 0.564112 0.895215
vt 0.555658 0.905835
vt 0.535918 0.871216
vt 0.535918 0.883269
vt 0.525298 0.883269
vt 0.525298 0.871216
vt 0.900930 0.539489
vt 0.892475 0.539489
vt 0.892475 0.527435
vt 0.900930 0.527435
vt 0.392372 0.886934
vt 0.392372 0.874880
vt 0.402992 0.874880
vt 0.402992 0.886934
vt 0.900930 0.515382
vt 0.892475 0.515382
vt 0.739769 0.907501
vt 0.731315 0.907501
vt 0.739769 0.897813
vt 0.731315 0.897813
vt 0.731315 0.907501
vt 0.343247 0.882492
vt 0.343247 0.894437
vt 0.333559 0.894437
vt 0.333559 0.882492
vt 0.372942 0.906383
vt 0.372942 0.894437
vt 0.381396 0.894437
vt 0.841990 0.883560
vt 0.851678 0.883560
vt 0.851678 0.895505
vt 0.898700 0.208325
vt 0.907155 0.208325
vt 0.858550 0.340439
vt 0.858550 0.358583
vt 0.692501 0.850841
vt 0.700955 0.868985
vt 0.700955 0.850841
vt 0.597629 0.018144
vt 0.588428 0.000000
vt 0.597629 0.000000
vt 0.588428 0.018144
vt 0.923515 0.323573
vt 0.915061 0.323573
vt 0.915061 0.314372
vt 0.923515 0.314372
vt 0.087615 0.526571
vt 0.096815 0.544715
vt 0.087615 0.544715
vt 0.096815 0.526571
vt 0.923515 0.313383
vt 0.915061 0.304182
vt 0.923515 0.304182
vt 0.915061 0.313383
vt 0.908301 0.642677
vt 0.899847 0.642677
vt 0.899847 0.632057
vt 0.908301 0.632057
vt 0.899847 0.642677
vt 0.908301 0.642677
vt 0.908301 0.653297
vt 0.899847 0.653297
vt 0.519010 0.876754
vt 0.519010 0.888808
vt 0.508389 0.888808
vt 0.508389 0.876754
vt 0.073740 0.901604
vt 0.065286 0.901604
vt 0.065286 0.889550
vt 0.073740 0.889550
vt 0.545038 0.883269
vt 0.545038 0.871216
vt 0.555658 0.871216
vt 0.555658 0.883269
vt 0.295111 0.890046
vt 0.286656 0.902100
vt 0.675592 0.850841
vt 0.684047 0.868985
vt 0.675592 0.868985
vt 0.684047 0.850841
vt 0.547204 0.853072
vt 0.547204 0.871216
vt 0.829275 0.744799
vt 0.820074 0.726655
vt 0.829275 0.726655
vt 0.820074 0.744799
vt 0.931969 0.138009
vt 0.923515 0.147209
vt 0.931969 0.147209
vt 0.698851 0.036601
vt 0.698851 0.018457
vt 0.923515 0.147209
vt 0.931969 0.156410
vt 0.931969 0.147209
vt 0.708781 0.965234
vt 0.714713 0.956033
vt 0.714713 0.965234
vt 0.708781 0.956033
vt 0.720644 0.965234
vt 0.720644 0.956033
vt 0.521830 0.936643
vt 0.521830 0.945844
vt 0.989409 0.015813
vt 0.983478 0.015813
vt 0.989409 0.007907
vt 0.521830 0.945844
vt 0.529737 0.936643
vt 0.529737 0.945844
vt 0.521830 0.936643
vt 0.678685 0.983330
vt 0.678685 0.975423
vt 0.780043 0.917491
vt 0.780043 0.907301
vt 0.772137 0.917491
vt 0.940893 0.991946
vt 0.946612 0.984040
vt 0.946612 0.991946
vt 0.940893 0.984040
vt 0.953501 0.142653
vt 0.947783 0.132463
vt 0.953501 0.132463
vt 0.947783 0.142653
vt 0.907155 0.194623
vt 0.915061 0.204813
vt 0.907155 0.204813
vt 0.915061 0.194623
vt 0.947782 0.142653
vt 0.953501 0.152842
vt 0.947782 0.152842
vt 0.953501 0.142653
vt 0.752173 0.984040
vt 0.746454 0.991946
vt 0.746454 0.984040
vt 0.752173 0.991946
vt 0.720644 0.965234
vt 0.726575 0.956033
vt 0.726575 0.965234
vt 0.720644 0.956033
vt 0.732507 0.965234
vt 0.726575 0.956033
vt 0.732507 0.956033
vt 0.726575 0.965234
vt 0.939876 0.138009
vt 0.947782 0.138009
vt 0.989409 0.719494
vt 0.983478 0.719494
vt 0.939876 0.147209
vt 0.947782 0.138009
vt 0.947782 0.147209
vt 0.939876 0.138009
vt 0.779517 0.983330
vt 0.773586 0.983330
vt 0.773586 0.975423
vt 0.779517 0.975423
vt 0.347468 0.974129
vt 0.353932 0.966223
vt 0.353932 0.974129
vt 0.347468 0.966223
vt 0.360396 0.974129
vt 0.353932 0.966223
vt 0.360396 0.966223
vt 0.353932 0.974129
vt 0.268822 0.945844
vt 0.268822 0.953750
vt 0.260915 0.953750
vt 0.260915 0.945844
vt 0.077566 0.975423
vt 0.084030 0.983330
vt 0.084030 0.975423
vt 0.276728 0.945844
vt 0.276728 0.953750
vt 0.977547 0.181851
vt 0.971083 0.181851
vt 0.738438 0.956033
vt 0.738438 0.965234
vt 0.738438 0.956033
vt 0.744369 0.956033
vt 0.738438 0.965234
vt 0.947782 0.395625
vt 0.947782 0.404825
vt 0.939876 0.404825
vt 0.939876 0.395625
vt 0.989409 0.727401
vt 0.983478 0.727401
vt 0.939876 0.414026
vt 0.947782 0.404825
vt 0.947782 0.414026
vt 0.939876 0.404825
vt 0.983478 0.055346
vt 0.977546 0.047439
vt 0.983478 0.047439
vt 0.977546 0.055346
vt 0.989409 0.948787
vt 0.995128 0.940880
vt 0.995128 0.948787
vt 0.989409 0.940880
vt 0.995128 0.948787
vt 0.989409 0.956693
vt 0.989409 0.948787
vt 0.995128 0.956693
vt 0.953501 0.774401
vt 0.959220 0.784590
vt 0.953501 0.784590
vt 0.959220 0.774401
vt 0.909216 0.024590
vt 0.917123 0.034779
vt 0.909216 0.034779
vt 0.917123 0.024590
vt 0.959220 0.794780
vt 0.959220 0.784590
vt 0.904242 0.917302
vt 0.896335 0.917302
vt 0.896335 0.907113
vt 0.904242 0.907113
vt 0.782502 0.865416
vt 0.774048 0.847272
vt 0.782502 0.847272
vt 0.923345 0.567288
vt 0.914891 0.567288
vt 0.606830 0.018144
vt 0.597629 0.000000
vt 0.606830 0.000000
vt 0.597629 0.018144
vt 0.097868 0.846023
vt 0.106322 0.864167
vt 0.097868 0.864167
vt 0.106322 0.846023
vt 0.643647 0.000314
vt 0.652848 0.018457
vt 0.643647 0.018457
vt 0.652848 0.000314
vt 0.923345 0.593157
vt 0.914891 0.583956
vt 0.923345 0.583956
vt 0.914891 0.593157
vt 0.971083 0.708444
vt 0.971083 0.717645
vt 0.965151 0.717645
vt 0.965151 0.708444
vt 0.965151 0.726846
vt 0.965151 0.717645
vt 0.971083 0.717645
vt 0.971083 0.726846
vt 0.931969 0.266817
vt 0.939876 0.276017
vt 0.931969 0.276017
vt 0.939876 0.266817
vt 0.983478 0.023720
vt 0.989409 0.023720
vt 0.939876 0.285218
vt 0.931969 0.276017
vt 0.939876 0.276017
vt 0.931969 0.285218
vt 0.989409 0.031626
vt 0.290633 0.991946
vt 0.290633 0.984040
vt 0.959220 0.432427
vt 0.965151 0.432427
vt 0.939876 0.423226
vt 0.947782 0.414026
vt 0.947782 0.423226
vt 0.939876 0.414026
vt 0.977547 0.007907
vt 0.983478 0.015813
vt 0.977547 0.015813
vt 0.983478 0.007907
vt 0.537643 0.936643
vt 0.537643 0.945844
vt 0.965151 0.441628
vt 0.965151 0.432427
vt 0.959220 0.441628
vt 0.971083 0.726846
vt 0.971083 0.736046
vt 0.965151 0.736046
vt 0.965151 0.726846
vt 0.965151 0.736046
vt 0.971083 0.736046
vt 0.971083 0.745247
vt 0.237195 0.945844
vt 0.237195 0.936643
vt 0.989409 0.316261
vt 0.983478 0.324168
vt 0.983478 0.316261
vt 0.989409 0.324168
vt 0.245102 0.945844
vt 0.245102 0.936643
vt 0.983478 0.735307
vt 0.989409 0.727401
vt 0.989409 0.735307
vt 0.983478 0.727401
vt 0.948606 0.966223
vt 0.948606 0.974129
vt 0.942142 0.974129
vt 0.942142 0.966223
vt 0.948606 0.974129
vt 0.948606 0.966223
vt 0.955070 0.966223
vt 0.955070 0.974129
vt 0.284635 0.953750
vt 0.284635 0.945844
vt 0.090494 0.975423
vt 0.084030 0.975423
vt 0.090494 0.983330
vt 0.292542 0.953750
vt 0.284635 0.945844
vt 0.292542 0.945844
vt 0.284635 0.953750
vt 0.096958 0.975423
vt 0.096958 0.983330
vt 0.971083 0.745247
vt 0.971083 0.754447
vt 0.965151 0.754447
vt 0.965151 0.745247
vt 0.971083 0.754447
vt 0.971083 0.763648
vt 0.774839 0.945844
vt 0.774839 0.936643
vt 0.989409 0.932971
vt 0.983478 0.940877
vt 0.983478 0.932971
vt 0.989409 0.940877
vt 0.782746 0.945844
vt 0.774839 0.936643
vt 0.782746 0.936643
vt 0.774839 0.945844
vt 0.983478 0.743214
vt 0.989409 0.735307
vt 0.989409 0.743214
vt 0.983478 0.735307
vt 0.989409 0.253010
vt 0.995128 0.253010
vt 0.995128 0.260917
vt 0.989409 0.260917
vt 0.995128 0.268823
vt 0.989409 0.268823
vt 0.953501 0.152842
vt 0.959220 0.142653
vt 0.959220 0.152842
vt 0.917123 0.014400
vt 0.947782 0.845728
vt 0.953501 0.845728
vt 0.909216 0.057022
vt 0.917123 0.046833
vt 0.917123 0.057022
vt 0.909216 0.046833
vt 0.128229 0.882310
vt 0.119775 0.864167
vt 0.128229 0.864167
vt 0.119775 0.882310
vt 0.931969 0.478430
vt 0.923515 0.478430
vt 0.834369 0.142739
vt 0.825168 0.124595
vt 0.834369 0.124595
vt 0.825168 0.142739
vt 0.419973 0.856737
vt 0.428427 0.874880
vt 0.419973 0.874880
vt 0.428427 0.856737
vt 0.829275 0.726655
vt 0.838476 0.744799
vt 0.829275 0.744799
vt 0.838476 0.726655
vt 0.931969 0.487631
vt 0.023725 0.975423
vt 0.029656 0.966223
vt 0.029656 0.975423
vt 0.023725 0.966223
vt 0.035588 0.966223
vt 0.029656 0.975423
vt 0.029656 0.966223
vt 0.035588 0.975423
vt 0.522635 0.932723
vt 0.514729 0.923522
vt 0.522635 0.923522
vt 0.514729 0.932723
vt 0.983478 0.268822
vt 0.989409 0.260915
vt 0.989409 0.268822
vt 0.983478 0.260915
vt 0.522635 0.923522
vt 0.530542 0.932723
vt 0.530542 0.923522
vt 0.983478 0.276728
vt 0.989409 0.276728
vt 0.977546 0.498113
vt 0.971083 0.498113
vt 0.971083 0.490206
vt 0.977546 0.490206
vt 0.515529 0.966223
vt 0.521993 0.974129
vt 0.515529 0.974129
vt 0.521993 0.966223
vt 0.608803 0.953750
vt 0.616709 0.945844
vt 0.616709 0.953750
vt 0.977547 0.339981
vt 0.971083 0.339981
vt 0.300448 0.945844
vt 0.300448 0.953750
vt 0.292542 0.953750
vt 0.292542 0.945844
vt 0.528456 0.974129
vt 0.521993 0.966223
vt 0.528456 0.966223
vt 0.521993 0.974129
vt 0.035588 0.975423
vt 0.041519 0.966223
vt 0.041519 0.975423
vt 0.035588 0.966223
vt 0.047450 0.966223
vt 0.041519 0.975423
vt 0.041519 0.966223
vt 0.047450 0.975423
vt 0.830990 0.932723
vt 0.823084 0.923522
vt 0.830990 0.923522
vt 0.290633 0.991946
vt 0.296564 0.984040
vt 0.296564 0.991946
vt 0.290633 0.984040
vt 0.830990 0.923522
vt 0.838897 0.932723
vt 0.838897 0.923522
vt 0.029656 0.984040
vt 0.023725 0.991946
vt 0.023725 0.984040
vt 0.029656 0.991946
vt 0.971083 0.450673
vt 0.977546 0.442767
vt 0.977546 0.450673
vt 0.971083 0.442767
vt 0.977546 0.450673
vt 0.971083 0.458580
vt 0.971083 0.450673
vt 0.977546 0.458580
vt 0.814373 0.953750
vt 0.814373 0.945844
vt 0.806466 0.953750
vt 0.219771 0.983330
vt 0.226234 0.975423
vt 0.226234 0.983330
vt 0.219771 0.975423
vt 0.814373 0.945844
vt 0.822279 0.953750
vt 0.814373 0.953750
vt 0.822279 0.945844
vt 0.232698 0.975423
vt 0.226235 0.983330
vt 0.226235 0.975423
vt 0.232698 0.983330
vt 0.047450 0.975423
vt 0.053381 0.966223
vt 0.053381 0.975423
vt 0.047450 0.966223
vt 0.053381 0.975423
vt 0.053381 0.966223
vt 0.059313 0.975423
vt 0.939876 0.726846
vt 0.931969 0.717645
vt 0.939876 0.717645
vt 0.931969 0.726846
vt 0.296564 0.991946
vt 0.302495 0.984040
vt 0.302495 0.991946
vt 0.296564 0.984040
vt 0.931969 0.726846
vt 0.939876 0.736046
vt 0.931969 0.736046
vt 0.939876 0.726846
vt 0.373670 0.984040
vt 0.367739 0.991946
vt 0.367739 0.984040
vt 0.373670 0.991946
vt 0.995128 0.964600
vt 0.989409 0.956693
vt 0.995128 0.956693
vt 0.989409 0.964600
vt 0.989409 0.964600
vt 0.995128 0.972506
vt 0.989409 0.972506
vt 0.995128 0.964600
vt 0.959220 0.794780
vt 0.953501 0.804969
vt 0.953501 0.794780
vt 0.959220 0.804969
vt 0.909216 0.070941
vt 0.917123 0.060751
vt 0.917123 0.070941
vt 0.909216 0.060751
vt 0.953501 0.815159
vt 0.959220 0.815159
vt 0.328607 0.912290
vt 0.320701 0.922479
vt 0.328607 0.922479
vt 0.193588 0.923168
vt 0.185134 0.923168
vt 0.193588 0.913967
vt 0.173652 0.923168
vt 0.173652 0.913967
vt 0.689650 0.000314
vt 0.698851 0.000314
vt 0.506300 0.858611
vt 0.497846 0.840467
vt 0.506300 0.840467
vt 0.497846 0.858611
vt 0.698851 0.018457
vt 0.708051 0.036601
vt 0.698851 0.036601
vt 0.708051 0.018457
vt 0.375879 0.693786
vt 0.384333 0.711930
vt 0.375879 0.711930
vt 0.384333 0.693786
vt 0.959220 0.450828
vt 0.965151 0.441628
vt 0.965151 0.450828
vt 0.959220 0.441628
vt 0.965151 0.460029
vt 0.965151 0.450828
vt 0.959220 0.460029
vt 0.545550 0.936643
vt 0.545550 0.945844
vt 0.553456 0.936643
vt 0.553456 0.945844
vt 0.545550 0.945844
vt 0.545550 0.936643
vt 0.749861 0.983330
vt 0.749861 0.975423
vt 0.308426 0.991946
vt 0.302495 0.984040
vt 0.308426 0.984040
vt 0.302495 0.991946
vt 0.959220 0.469230
vt 0.965151 0.469230
vt 0.939876 0.570435
vt 0.947782 0.561235
vt 0.947782 0.570435
vt 0.939876 0.561235
vt 0.977547 0.395326
vt 0.983478 0.395326
vt 0.983478 0.403233
vt 0.977547 0.403233
vt 0.947782 0.570435
vt 0.947782 0.579636
vt 0.939876 0.579636
vt 0.939876 0.570435
vt 0.965151 0.478430
vt 0.965151 0.469230
vt 0.959220 0.478430
vt 0.959220 0.487631
vt 0.965151 0.487631
vt 0.965151 0.496831
vt 0.965151 0.487631
vt 0.959220 0.496831
vt 0.939876 0.156410
vt 0.947782 0.147209
vt 0.947782 0.156410
vt 0.939876 0.147209
vt 0.035588 0.991946
vt 0.029656 0.991946
vt 0.029656 0.984040
vt 0.035588 0.984040
vt 0.939876 0.165610
vt 0.939876 0.156410
vt 0.947782 0.165610
vt 0.983478 0.150224
vt 0.977547 0.150224
vt 0.534920 0.974129
vt 0.534920 0.966223
vt 0.534920 0.966223
vt 0.534920 0.974129
vt 0.300448 0.953750
vt 0.300448 0.945844
vt 0.308355 0.945844
vt 0.308355 0.953750
vt 0.977546 0.347888
vt 0.971083 0.339981
vt 0.977546 0.339981
vt 0.971083 0.347888
vt 0.316261 0.945844
vt 0.316261 0.953750
vt 0.971083 0.347888
vt 0.977547 0.347888
vt 0.977547 0.355794
vt 0.971083 0.355794
vt 0.959220 0.506032
vt 0.965151 0.506032
vt 0.965151 0.515232
vt 0.965151 0.506032
vt 0.959220 0.515232
vt 0.939876 0.432427
vt 0.947782 0.432427
vt 0.379602 0.991946
vt 0.379602 0.984040
vt 0.939876 0.441627
vt 0.947782 0.441627
vt 0.977547 0.150224
vt 0.977547 0.158130
vt 0.983478 0.150224
vt 0.946612 0.991946
vt 0.952331 0.984040
vt 0.952331 0.991946
vt 0.946612 0.984040
vt 0.752173 0.991946
vt 0.752173 0.984040
vt 0.953501 0.163032
vt 0.947783 0.152842
vt 0.953501 0.152842
vt 0.947783 0.163032
vt 0.482480 0.921241
vt 0.474573 0.911051
vt 0.474573 0.921241
vt 0.947783 0.478906
vt 0.953501 0.489095
vt 0.947783 0.489095
vt 0.953501 0.478906
vt 0.909216 0.036643
vt 0.917123 0.036643
vt 0.917123 0.046833
vt 0.909216 0.046833
vt 0.959220 0.818851
vt 0.965151 0.809651
vt 0.965151 0.818851
vt 0.959220 0.809651
vt 0.965151 0.828052
vt 0.959220 0.828052
vt 0.959220 0.818851
vt 0.965151 0.818851
vt 0.846803 0.923522
vt 0.846803 0.932723
vt 0.838897 0.932723
vt 0.838897 0.923522
vt 0.983478 0.434859
vt 0.989409 0.434859
vt 0.989409 0.442766
vt 0.983478 0.442766
vt 0.854710 0.923522
vt 0.854710 0.932723
vt 0.983478 0.063252
vt 0.983478 0.055346
vt 0.989409 0.055346
vt 0.809361 0.984040
vt 0.809361 0.991946
vt 0.803642 0.991946
vt 0.803642 0.984040
vt 0.815080 0.991946
vt 0.809361 0.984040
vt 0.815080 0.984040
vt 0.809361 0.991946
vt 0.947782 0.652127
vt 0.953501 0.662316
vt 0.947782 0.662316
vt 0.953501 0.652127
vt 0.908301 0.642677
vt 0.916207 0.642677
vt 0.916207 0.652866
vt 0.908301 0.652866
vt 0.947782 0.366821
vt 0.953501 0.366821
vt 0.947782 0.377011
vt 0.048579 0.916391
vt 0.040673 0.916391
vt 0.040673 0.906201
vt 0.048579 0.906201
vt 0.971083 0.220814
vt 0.965151 0.220814
vt 0.965151 0.230015
vt 0.971083 0.230015
vt 0.939876 0.165610
vt 0.947782 0.174811
vt 0.939876 0.174811
vt 0.983478 0.521831
vt 0.977547 0.529737
vt 0.977547 0.521831
vt 0.983478 0.529737
vt 0.947782 0.184011
vt 0.939876 0.184011
vt 0.977547 0.537644
vt 0.983478 0.537644
vt 0.989409 0.482301
vt 0.995128 0.482301
vt 0.995128 0.490207
vt 0.989409 0.490207
vt 0.995128 0.498114
vt 0.989409 0.498114
vt 0.989409 0.490207
vt 0.995128 0.490207
vt 0.953501 0.448337
vt 0.959220 0.438148
vt 0.959220 0.448337
vt 0.953501 0.438148
vt 0.709794 0.902602
vt 0.701887 0.912791
vt 0.701887 0.902602
vt 0.709794 0.912791
vt 0.959220 0.815159
vt 0.953501 0.825348
vt 0.953501 0.815159
vt 0.959220 0.825348
vt 0.165746 0.913967
vt 0.173652 0.903778
vt 0.173652 0.913967
vt 0.165746 0.903778
vt 0.959220 0.082805
vt 0.965151 0.073605
vt 0.965151 0.082805
vt 0.959220 0.073605
vt 0.965151 0.092006
vt 0.959220 0.092006
vt 0.965151 0.082805
vt 0.862616 0.932723
vt 0.854710 0.923522
vt 0.862616 0.923522
vt 0.977547 0.545550
vt 0.983478 0.545550
vt 0.862616 0.923522
vt 0.870523 0.932723
vt 0.862616 0.932723
vt 0.870523 0.923522
vt 0.989409 0.442766
vt 0.983478 0.450672
vt 0.983478 0.442766
vt 0.989409 0.450672
vt 0.677829 0.991946
vt 0.683548 0.984040
vt 0.683548 0.991946
vt 0.677829 0.984040
vt 0.689267 0.991946
vt 0.683548 0.984039
vt 0.689267 0.984039
vt 0.683548 0.991946
vt 0.947782 0.275116
vt 0.482480 0.900862
vt 0.482480 0.911051
vt 0.947782 0.672506
vt 0.953501 0.672506
vt 0.575304 0.914321
vt 0.575304 0.904132
vt 0.583211 0.914321
vt 0.821476 0.956033
vt 0.821476 0.965234
vt 0.827407 0.965234
vt 0.827407 0.956033
vt 0.821476 0.965234
vt 0.870523 0.932723
vt 0.870523 0.923522
vt 0.878429 0.923522
vt 0.878429 0.932723
vt 0.989409 0.300448
vt 0.983478 0.292541
vt 0.983478 0.300448
vt 0.886336 0.923522
vt 0.886336 0.932722
vt 0.878429 0.932722
vt 0.878429 0.923522
vt 0.983478 0.308354
vt 0.983478 0.316261
vt 0.977547 0.316261
vt 0.989409 0.371609
vt 0.995128 0.363702
vt 0.995128 0.371609
vt 0.989409 0.363702
vt 0.989409 0.379515
vt 0.995128 0.379515
vt 0.959220 0.672506
vt 0.953501 0.662316
vt 0.959220 0.662316
vt 0.953501 0.672506
vt 0.866805 0.913043
vt 0.866805 0.902854
vt 0.858898 0.913043
vt 0.953501 0.448337
vt 0.959220 0.458527
vt 0.959220 0.448337
vt 0.458212 0.900862
vt 0.458212 0.911051
vt 0.394422 0.956033
vt 0.394422 0.965234
vt 0.400354 0.965234
vt 0.394422 0.965234
vt 0.394422 0.956033
vt 0.400354 0.956033
vt 0.253008 0.936643
vt 0.245102 0.945844
vt 0.245102 0.936643
vt 0.253008 0.945844
vt 0.977546 0.545550
vt 0.983478 0.545550
vt 0.983478 0.553457
vt 0.977546 0.553457
vt 0.253008 0.945844
vt 0.253008 0.936643
vt 0.260915 0.936643
vt 0.260915 0.945844
vt 0.838830 0.983330
vt 0.832898 0.983330
vt 0.832898 0.975423
vt 0.838830 0.975423
vt 0.989409 0.276730
vt 0.995128 0.268823
vt 0.995128 0.276730
vt 0.989409 0.268823
vt 0.995128 0.276730
vt 0.989409 0.284636
vt 0.989409 0.276730
vt 0.995128 0.284636
vt 0.947782 0.692885
vt 0.947782 0.703074
vt 0.953501 0.692885
vt 0.023626 0.906201
vt 0.031533 0.906201
vt 0.031533 0.916391
vt 0.023626 0.916391
vt 0.947782 0.845728
vt 0.953501 0.845728
vt 0.947782 0.855917
vt 0.916207 0.642246
vt 0.916207 0.632057
vt 0.908301 0.642246
vt 0.965151 0.092006
vt 0.965151 0.101206
vt 0.959220 0.101206
vt 0.959220 0.092006
vt 0.959220 0.110407
vt 0.959220 0.101206
vt 0.965151 0.101206
vt 0.965151 0.110407
vt 0.886336 0.923522
vt 0.894242 0.932723
vt 0.886336 0.932723
vt 0.894242 0.923522
vt 0.983478 0.553457
vt 0.977547 0.561363
vt 0.977547 0.553457
vt 0.983478 0.561363
vt 0.902149 0.932723
vt 0.894242 0.923522
vt 0.902149 0.923522
vt 0.894242 0.932723
vt 0.977546 0.569270
vt 0.983478 0.561363
vt 0.983478 0.569270
vt 0.977546 0.561363
vt 0.609203 0.984040
vt 0.614922 0.984040
vt 0.614922 0.991946
vt 0.609203 0.991946
vt 0.620641 0.991946
vt 0.614922 0.991946
vt 0.614922 0.984040
vt 0.620641 0.984040
vt 0.947783 0.040758
vt 0.953501 0.030568
vt 0.953501 0.040758
vt 0.947783 0.030568
vt 0.909216 0.024590
vt 0.901310 0.034779
vt 0.901310 0.024590
vt 0.909216 0.034779
vt 0.953501 0.203790
vt 0.947782 0.213979
vt 0.947782 0.203790
vt 0.953501 0.213979
vt 0.402992 0.910245
vt 0.410899 0.900056
vt 0.410899 0.910245
vt 0.402992 0.900056
vt 0.965151 0.386424
vt 0.971083 0.386424
vt 0.971083 0.386424
vt 0.965151 0.395625
vt 0.965151 0.386424
vt 0.971083 0.395625
vt 0.910055 0.932723
vt 0.902149 0.923522
vt 0.910055 0.923522
vt 0.983478 0.458579
vt 0.989409 0.450672
vt 0.989409 0.458579
vt 0.983478 0.450672
vt 0.917962 0.932722
vt 0.910055 0.932722
vt 0.917962 0.923522
vt 0.148282 0.984040
vt 0.148282 0.991946
vt 0.028594 1.000000
vt 0.022875 0.992093
vt 0.028594 0.992093
vt 0.022875 1.000000
vt 0.062906 1.000000
vt 0.062906 0.992093
vt 0.062906 0.956033
vt 0.057188 0.966223
vt 0.057188 0.956033
vt 0.062906 0.966223
vt 0.015719 0.916391
vt 0.015719 0.906201
vt 0.022875 0.966223
vt 0.028594 0.956033
vt 0.028594 0.966223
vt 0.022875 0.956033
vt 0.739384 0.907501
vt 0.731477 0.917690
vt 0.731477 0.907501
vt 0.739384 0.917690
vt 0.145307 0.956033
vt 0.145307 0.965234
vt 0.139376 0.956033
vt 0.151239 0.965234
vt 0.145307 0.956033
vt 0.151239 0.956033
vt 0.917962 0.932723
vt 0.917962 0.923522
vt 0.925869 0.923522
vt 0.925869 0.932723
vt 0.154213 0.991946
vt 0.154213 0.984040
vt 0.148282 0.991946
vt 0.939876 0.000000
vt 0.939876 0.009201
vt 0.931969 0.009201
vt 0.844761 0.975423
vt 0.989409 0.506020
vt 0.995128 0.498114
vt 0.995128 0.506020
vt 0.989409 0.498114
vt 0.995128 0.972506
vt 0.989409 0.980413
vt 0.989409 0.972506
vt 0.995128 0.980413
vt 0.959220 0.835538
vt 0.953501 0.825348
vt 0.959220 0.825348
vt 0.953501 0.835538
vt 0.402992 0.920435
vt 0.395085 0.920435
vt 0.953501 0.397390
vt 0.959220 0.407579
vt 0.953501 0.407579
vt 0.959220 0.397390
vt 0.052142 0.906202
vt 0.060048 0.906202
vt 0.060048 0.916391
vt 0.052142 0.916391
vt 0.642701 0.838233
vt 0.642701 0.894418
vt 0.637208 0.894418
vt 0.637208 0.838233
vt 0.637081 0.838233
vt 0.637081 0.894418
vt 0.149469 0.835539
vt 0.149469 0.891724
vt 0.143976 0.891724
vt 0.143976 0.835539
vt 0.879512 0.856189
vt 0.879512 0.800004
vt 0.885005 0.800004
vt 0.885005 0.856189
vt 0.750582 0.180781
vt 0.806767 0.236966
vt 0.750582 0.236966
vt 0.806767 0.278054
vt 0.806767 0.334240
vt 0.750582 0.278054
vt 0.959220 0.837252
vt 0.965151 0.828052
vt 0.965151 0.837252
vt 0.959220 0.828052
vt 0.965151 0.846453
vt 0.959220 0.846453
vt 0.959220 0.837252
vt 0.965151 0.837252
vt 0.939876 0.736046
vt 0.939876 0.745247
vt 0.931969 0.745247
vt 0.931969 0.736046
vt 0.983478 0.743214
vt 0.989409 0.743214
vt 0.989409 0.751120
vt 0.983478 0.751120
vt 0.530542 0.923522
vt 0.538448 0.923522
vt 0.538448 0.932723
vt 0.983478 0.909251
vt 0.243363 0.917595
vt 0.235456 0.917595
vt 0.235456 0.907406
vt 0.243363 0.907406
vt 0.989409 0.513927
vt 0.995128 0.513927
vt 0.959220 0.356632
vt 0.959220 0.346442
vt 0.953501 0.356632
vt 0.909384 0.524568
vt 0.917290 0.524568
vt 0.917290 0.534757
vt 0.909384 0.534757
vt 0.953501 0.672506
vt 0.959220 0.682695
vt 0.953501 0.682695
vt 0.959220 0.672506
vt 0.995128 0.980413
vt 0.989409 0.988319
vt 0.989409 0.980413
vt 0.995128 0.988319
vt 0.959220 0.855654
vt 0.965151 0.846453
vt 0.965151 0.855654
vt 0.959220 0.846453
vt 0.965151 0.864854
vt 0.959220 0.864854
vt 0.939876 0.018401
vt 0.931969 0.018401
vt 0.931969 0.009201
vt 0.983478 0.751120
vt 0.989409 0.751120
vt 0.989409 0.759027
vt 0.983478 0.759027
vt 0.931969 0.027602
vt 0.931969 0.018401
vt 0.939876 0.018401
vt 0.939876 0.027602
vt 0.983478 0.047439
vt 0.983478 0.039533
vt 0.735300 0.974129
vt 0.741763 0.966223
vt 0.741763 0.974129
vt 0.748227 0.966223
vt 0.947782 0.906163
vt 0.947782 0.914069
vt 0.939876 0.914069
vt 0.939876 0.906163
vt 0.096958 0.975423
vt 0.103422 0.975423
vt 0.103422 0.983330
vt 0.096958 0.983330
vt 0.939876 0.921976
vt 0.939876 0.914069
vt 0.947783 0.914069
vt 0.947783 0.921976
vt 0.977546 0.853907
vt 0.971083 0.846000
vt 0.977546 0.846000
vt 0.959220 0.874055
vt 0.965151 0.874055
vt 0.939876 0.745247
vt 0.939876 0.754447
vt 0.931969 0.754447
vt 0.983478 0.759027
vt 0.989409 0.759027
vt 0.989409 0.766933
vt 0.983478 0.766933
vt 0.931969 0.763648
vt 0.931969 0.754447
vt 0.939876 0.754447
vt 0.939876 0.763648
vt 0.989409 0.229289
vt 0.983478 0.229289
vt 0.983478 0.221383
vt 0.989409 0.221383
vt 0.820799 0.984040
vt 0.820799 0.991946
vt 0.815080 0.991946
vt 0.815080 0.984040
vt 0.826518 0.991946
vt 0.820799 0.984040
vt 0.826518 0.984040
vt 0.820799 0.991946
vt 0.953501 0.152842
vt 0.959220 0.163032
vt 0.953501 0.163032
vt 0.803763 0.907301
vt 0.803763 0.917491
vt 0.795856 0.917491
vt 0.953501 0.285305
vt 0.947782 0.285305
vt 0.821381 0.916315
vt 0.813474 0.916315
vt 0.813474 0.906125
vt 0.821381 0.906125
vt 0.971083 0.239215
vt 0.965151 0.239215
vt 0.965151 0.248416
vt 0.971083 0.248416
vt 0.939876 0.441627
vt 0.947782 0.450828
vt 0.939876 0.450828
vt 0.983478 0.284635
vt 0.977547 0.292541
vt 0.977547 0.284635
vt 0.983478 0.292541
vt 0.561363 0.945844
vt 0.553456 0.936643
vt 0.561363 0.936643
vt 0.977547 0.814372
vt 0.983478 0.806466
vt 0.983478 0.814372
vt 0.314358 0.991946
vt 0.308426 0.984040
vt 0.314358 0.984040
vt 0.157170 0.956033
vt 0.157170 0.965234
vt 0.931969 0.772848
vt 0.931969 0.763648
vt 0.939876 0.763648
vt 0.939876 0.772848
vt 0.726135 0.975423
vt 0.732067 0.975423
vt 0.732067 0.983330
vt 0.726135 0.983330
vt 0.939876 0.772848
vt 0.939876 0.782049
vt 0.931969 0.782049
vt 0.931969 0.772848
vt 0.163101 0.965234
vt 0.157170 0.956033
vt 0.163101 0.956033
vt 0.971083 0.257616
vt 0.965151 0.257616
vt 0.965151 0.266817
vt 0.971083 0.266817
vt 0.947782 0.193212
vt 0.939876 0.193212
vt 0.983478 0.347887
vt 0.977547 0.355794
vt 0.977547 0.347887
vt 0.983478 0.355794
vt 0.977547 0.822279
vt 0.983478 0.814372
vt 0.983478 0.822279
vt 0.977547 0.814372
vt 0.793474 0.966223
vt 0.793474 0.974129
vt 0.787010 0.974129
vt 0.787010 0.966223
vt 0.799938 0.966223
vt 0.799938 0.974129
vt 0.822279 0.945844
vt 0.830186 0.953750
vt 0.822279 0.953750
vt 0.830186 0.945844
vt 0.977547 0.695776
vt 0.971083 0.703682
vt 0.971083 0.695776
vt 0.977547 0.703682
vt 0.838092 0.953750
vt 0.830186 0.945844
vt 0.838092 0.945844
vt 0.971083 0.711589
vt 0.977546 0.703682
vt 0.977546 0.711589
vt 0.971083 0.276017
vt 0.965151 0.276017
vt 0.965151 0.285218
vt 0.971083 0.285218
vt 0.939876 0.450828
vt 0.947782 0.460029
vt 0.939876 0.460029
vt 0.983478 0.948784
vt 0.977547 0.956690
vt 0.977547 0.948784
vt 0.983478 0.956690
vt 0.939876 0.460029
vt 0.947782 0.460029
vt 0.977547 0.830185
vt 0.983478 0.822279
vt 0.983478 0.830185
vt 0.977547 0.822279
vt 0.995128 0.513927
vt 0.995128 0.521833
vt 0.989409 0.521833
vt 0.995128 0.529740
vt 0.989409 0.529740
vt 0.989409 0.521833
vt 0.995128 0.521833
vt 0.953501 0.917054
vt 0.959220 0.917054
vt 0.914891 0.559076
vt 0.906985 0.569266
vt 0.906985 0.559076
vt 0.914891 0.569266
vt 0.953501 0.845727
vt 0.959220 0.845727
vt 0.907154 0.287537
vt 0.915061 0.277348
vt 0.915061 0.287537
vt 0.907154 0.277348
vt 0.959220 0.119608
vt 0.965151 0.110407
vt 0.965151 0.119608
vt 0.959220 0.110407
vt 0.965151 0.128808
vt 0.959220 0.128808
vt 0.965151 0.119608
vt 0.546355 0.932723
vt 0.538448 0.923522
vt 0.546355 0.923522
vt 0.977547 0.838092
vt 0.983478 0.838092
vt 0.931969 0.782049
vt 0.939876 0.791250
vt 0.931969 0.791250
vt 0.939876 0.782049
vt 0.989409 0.189757
vt 0.983478 0.197663
vt 0.983478 0.189757
vt 0.989409 0.197663
vt 0.971083 0.498112
vt 0.977547 0.498112
vt 0.211726 0.974129
vt 0.211726 0.966223
vt 0.939876 0.929883
vt 0.939876 0.921976
vt 0.947782 0.921976
vt 0.947782 0.929883
vt 0.971083 0.181851
vt 0.977547 0.189757
vt 0.971083 0.189757
vt 0.977547 0.181851
vt 0.947782 0.732218
vt 0.947782 0.740124
vt 0.939876 0.740124
vt 0.939876 0.732218
vt 0.218190 0.974129
vt 0.218190 0.966223
vt 0.959220 0.138009
vt 0.965151 0.128808
vt 0.965151 0.138009
vt 0.965151 0.147209
vt 0.959220 0.147209
vt 0.965151 0.138009
vt 0.939876 0.036802
vt 0.931969 0.027602
vt 0.939876 0.027602
vt 0.931969 0.036802
vt 0.977547 0.845999
vt 0.983478 0.845999
vt 0.939876 0.046003
vt 0.931969 0.046003
vt 0.989409 0.324168
vt 0.983478 0.332074
vt 0.989409 0.332074
vt 0.580167 0.974129
vt 0.586631 0.966223
vt 0.586631 0.974129
vt 0.580167 0.966223
vt 0.593095 0.974129
vt 0.947782 0.937789
vt 0.939876 0.929883
vt 0.947782 0.929883
vt 0.939876 0.937789
vt 0.971083 0.719495
vt 0.977547 0.711589
vt 0.977547 0.719495
vt 0.971083 0.711589
vt 0.624616 0.953750
vt 0.616709 0.953750
vt 0.624616 0.945844
vt 0.109885 0.975423
vt 0.103421 0.983330
vt 0.103421 0.975423
vt 0.109885 0.983330
vt 0.959220 0.156410
vt 0.965151 0.147209
vt 0.965151 0.156410
vt 0.959220 0.147209
vt 0.959220 0.156410
vt 0.965151 0.165611
vt 0.959220 0.165611
vt 0.965151 0.156410
vt 0.939876 0.800450
vt 0.931969 0.800450
vt 0.977547 0.853905
vt 0.983478 0.853905
vt 0.939876 0.809651
vt 0.931969 0.809651
vt 0.989409 0.940877
vt 0.983478 0.940877
vt 0.689267 0.991946
vt 0.694985 0.984040
vt 0.694985 0.991946
vt 0.689267 0.984040
vt 0.700704 0.991946
vt 0.694985 0.984039
vt 0.700704 0.984039
vt 0.694985 0.991946
vt 0.947782 0.295495
vt 0.953501 0.295495
vt 0.175446 0.914645
vt 0.183353 0.904455
vt 0.183353 0.914645
vt 0.175446 0.904455
vt 0.594402 0.904173
vt 0.586496 0.914363
vt 0.586496 0.904173
vt 0.594402 0.914363
vt 0.833338 0.956033
vt 0.833338 0.965234
vt 0.839270 0.965234
vt 0.839270 0.956033
vt 0.833338 0.965234
vt 0.546355 0.932723
vt 0.546355 0.923522
vt 0.554261 0.923522
vt 0.554261 0.932723
vt 0.989409 0.094878
vt 0.983478 0.094878
vt 0.983478 0.086972
vt 0.989409 0.086972
vt 0.939876 0.809651
vt 0.931969 0.818851
vt 0.931969 0.809651
vt 0.939876 0.818851
vt 0.983478 0.411139
vt 0.977547 0.411139
vt 0.845201 0.956033
vt 0.845201 0.965234
vt 0.851132 0.965234
vt 0.851132 0.956033
vt 0.931969 0.055204
vt 0.939876 0.046003
vt 0.939876 0.055204
vt 0.931969 0.046003
vt 0.989409 0.237196
vt 0.983478 0.229289
vt 0.989409 0.229289
vt 0.983478 0.237196
vt 0.939876 0.055204
vt 0.931969 0.064404
vt 0.931969 0.055204
vt 0.939876 0.064404
vt 0.977547 0.411139
vt 0.983478 0.419046
vt 0.977547 0.419046
vt 0.983478 0.411139
vt 0.838721 0.966223
vt 0.845185 0.974129
vt 0.838721 0.974129
vt 0.845185 0.966223
vt 0.851649 0.974129
vt 0.851649 0.966223
vt 0.838092 0.953750
vt 0.845999 0.945844
vt 0.845999 0.953750
vt 0.838092 0.945844
vt 0.977546 0.790654
vt 0.977546 0.782748
vt 0.971083 0.790654
vt 0.845999 0.953750
vt 0.977546 0.774841
vt 0.857063 0.956033
vt 0.857063 0.965234
vt 0.862995 0.965234
vt 0.857063 0.965234
vt 0.931969 0.828052
vt 0.939876 0.828052
vt 0.983478 0.798560
vt 0.983478 0.806466
vt 0.939876 0.828052
vt 0.939876 0.837252
vt 0.931969 0.837252
vt 0.931969 0.828052
vt 0.977547 0.419046
vt 0.983478 0.426952
vt 0.977547 0.426952
vt 0.983478 0.419046
vt 0.989409 0.387422
vt 0.995128 0.379515
vt 0.995128 0.387422
vt 0.989409 0.379515
vt 0.989409 0.395328
vt 0.995128 0.395328
vt 0.959220 0.855917
vt 0.953501 0.845727
vt 0.959220 0.845727
vt 0.953501 0.855917
vt 0.915061 0.358084
vt 0.907155 0.358084
vt 0.907155 0.347894
vt 0.959220 0.927243
vt 0.953501 0.927243
vt 0.136069 0.904455
vt 0.143976 0.914645
vt 0.136069 0.914645
vt 0.143976 0.904455
vt 0.653686 0.838233
vt 0.648193 0.894418
vt 0.648193 0.838233
vt 0.653686 0.894418
vt 0.886983 0.539489
vt 0.892476 0.483304
vt 0.892476 0.539489
vt 0.886983 0.483304
vt 0.154961 0.835539
vt 0.154961 0.891724
vt 0.149469 0.891724
vt 0.149469 0.835539
vt 0.154961 0.891724
vt 0.160454 0.835539
vt 0.160454 0.891724
vt 0.272422 0.735223
vt 0.328608 0.791408
vt 0.272422 0.791408
vt 0.328608 0.735223
vt 0.072043 0.798754
vt 0.128229 0.742569
vt 0.128229 0.798754
vt 0.072043 0.742569
vt 0.878111 0.898899
vt 0.886565 0.898899
vt 0.886565 0.908586
vt 0.878111 0.908586
vt 0.010155 0.908739
vt 0.001701 0.908739
vt 0.001701 0.899051
vt 0.010155 0.899051
vt 0.267582 0.894258
vt 0.277270 0.882313
vt 0.277270 0.894258
vt 0.907155 0.324003
vt 0.898700 0.335949
vt 0.362623 0.882492
vt 0.362623 0.894437
vt 0.352935 0.894437
vt 0.352935 0.882492
vt 0.898700 0.244162
vt 0.907155 0.256107
vt 0.907155 0.244162
vt 0.868586 0.878854
vt 0.868586 0.860710
vt 0.877040 0.878854
vt 0.877040 0.860710
vt 0.768983 0.352384
vt 0.931969 0.349622
vt 0.923515 0.349622
vt 0.278202 0.841813
vt 0.287403 0.859957
vt 0.287403 0.841813
vt 0.931969 0.358823
vt 0.923515 0.358823
vt 0.787078 0.896681
vt 0.795532 0.907301
vt 0.787078 0.907301
vt 0.795532 0.896681
vt 0.778624 0.896681
vt 0.778624 0.907301
vt 0.871435 0.000170
vt 0.871435 0.012224
vt 0.183900 0.904455
vt 0.175446 0.892401
vt 0.183900 0.892401
vt 0.878187 0.714601
vt 0.878187 0.726655
vt 0.867567 0.726655
vt 0.135522 0.892401
vt 0.143976 0.904455
vt 0.135522 0.904455
vt 0.143976 0.892401
vt 0.899847 0.795924
vt 0.908301 0.795924
vt 0.908301 0.805611
vt 0.899847 0.805611
vt 0.768622 0.571872
vt 0.760168 0.562185
vt 0.768622 0.562185
vt 0.760168 0.571872
vt 0.296604 0.890046
vt 0.296604 0.878101
vt 0.306291 0.878101
vt 0.306291 0.890046
vt 0.662343 0.906106
vt 0.653889 0.894160
vt 0.662343 0.894160
vt 0.653889 0.906106
vt 0.711575 0.878602
vt 0.701887 0.890548
vt 0.701887 0.878602
vt 0.711575 0.890548
vt 0.032766 0.906202
vt 0.041220 0.894256
vt 0.041220 0.906202
vt 0.739769 0.848405
vt 0.748223 0.866548
vt 0.739769 0.866548
vt 0.748223 0.848405
vt 0.024312 0.882310
vt 0.015858 0.864167
vt 0.024312 0.864167
vt 0.015858 0.882310
vt 0.698851 0.000314
vt 0.708051 0.018457
vt 0.708051 0.000314
vt 0.312247 0.912290
vt 0.320701 0.921490
vt 0.312247 0.921490
vt 0.320701 0.912290
vt 0.472455 0.718600
vt 0.463254 0.700457
vt 0.472455 0.700457
vt 0.463254 0.718600
vt 0.311699 0.912290
vt 0.303245 0.921490
vt 0.303245 0.912290
vt 0.311699 0.921490
vt 0.525298 0.895215
vt 0.533752 0.895215
vt 0.533752 0.905835
vt 0.525298 0.905835
vt 0.542206 0.895215
vt 0.765233 0.012224
vt 0.765233 0.000170
vt 0.775853 0.000170
vt 0.775853 0.012224
vt 0.544673 0.883270
vt 0.553127 0.895323
vt 0.544673 0.895323
vt 0.553127 0.883270
vt 0.453349 0.657893
vt 0.453349 0.669947
vt 0.442728 0.669947
vt 0.442728 0.657893
vt 0.474573 0.888808
vt 0.483027 0.888808
vt 0.483027 0.900862
vt 0.474573 0.900862
vt 0.909384 0.525069
vt 0.900930 0.525069
vt 0.900930 0.515382
vt 0.909384 0.515382
vt 0.734805 0.562185
vt 0.743259 0.562185
vt 0.743259 0.571872
vt 0.734805 0.571872
vt 0.832302 0.883560
vt 0.832302 0.895505
vt 0.822614 0.895505
vt 0.822614 0.883560
vt 0.276036 0.906204
vt 0.267582 0.906204
vt 0.267582 0.894258
vt 0.276036 0.894258
vt 0.343247 0.894437
vt 0.343247 0.882492
vt 0.352935 0.882492
vt 0.352935 0.894437
vt 0.896335 0.907113
vt 0.904789 0.895167
vt 0.904789 0.907113
vt 0.896335 0.895167
vt 0.662140 0.868985
vt 0.653686 0.850841
vt 0.662140 0.850841
vt 0.843224 0.847272
vt 0.851678 0.865416
vt 0.851678 0.847272
vt 0.287403 0.841813
vt 0.296604 0.859957
vt 0.287403 0.859957
vt 0.296604 0.841813
vt 0.923515 0.178176
vt 0.915061 0.178176
vt 0.915061 0.168976
vt 0.923515 0.168976
vt 0.759782 0.278054
vt 0.915061 0.159775
vt 0.923515 0.159775
vt 0.923515 0.168976
vt 0.915061 0.168976
vt 0.899847 0.695778
vt 0.899847 0.685158
vt 0.908301 0.685158
vt 0.870697 0.125752
vt 0.870697 0.136373
vt 0.862243 0.136373
vt 0.711575 0.866548
vt 0.711575 0.878602
vt 0.700955 0.878602
vt 0.900930 0.507412
vt 0.892475 0.507412
vt 0.892475 0.495358
vt 0.900930 0.495358
vt 0.870269 0.431343
vt 0.870269 0.419290
vt 0.880890 0.419290
vt 0.880890 0.431343
vt 0.892499 0.478783
vt 0.900953 0.478783
vt 0.899847 0.834674
vt 0.908301 0.834674
vt 0.899847 0.824987
vt 0.662505 0.892984
vt 0.662505 0.881039
vt 0.898700 0.395677
vt 0.032766 0.894256
vt 0.032766 0.882310
vt 0.042454 0.882310
vt 0.042454 0.894256
vt 0.907155 0.208325
vt 0.898700 0.196379
vt 0.907155 0.196379
vt 0.898700 0.208325
vt 0.063127 0.864167
vt 0.054673 0.846023
vt 0.054673 0.864167
vt 0.041220 0.846023
vt 0.049674 0.864167
vt 0.041220 0.864167
vt 0.049674 0.846023
vt 0.280981 0.733011
vt 0.271781 0.714867
vt 0.280981 0.714867
vt 0.271781 0.733011
vt 0.923515 0.370030
vt 0.736666 0.543885
vt 0.736666 0.562028
vt 0.745867 0.543885
vt 0.923515 0.243173
vt 0.915061 0.233972
vt 0.923515 0.233972
vt 0.915061 0.243173
vt 0.879151 0.136373
vt 0.879151 0.125752
vt 0.832302 0.895505
vt 0.840756 0.895505
vt 0.840756 0.906125
vt 0.832302 0.906125
vt 0.807714 0.000170
vt 0.807714 0.012224
vt 0.797093 0.012224
vt 0.797093 0.000170
vt 0.193588 0.903778
vt 0.185134 0.903778
vt 0.185134 0.891724
vt 0.193588 0.891724
vt 0.374175 0.882492
vt 0.374175 0.870438
vt 0.384796 0.870438
vt 0.384796 0.882492
vt 0.174200 0.903778
vt 0.174200 0.891724
vt 0.731315 0.866548
vt 0.739769 0.884692
vt 0.731315 0.884692
vt 0.739769 0.866548
vt 0.722861 0.884692
vt 0.843569 0.142739
vt 0.834369 0.124595
vt 0.843569 0.124595
vt 0.834369 0.142739
vt 0.923515 0.515232
vt 0.931969 0.515232
vt 0.310206 0.841813
vt 0.310206 0.859957
vt 0.319407 0.841813
vt 0.931969 0.524433
vt 0.923515 0.524433
vt 0.931969 0.515232
vt 0.400354 0.965234
vt 0.406285 0.956033
vt 0.406285 0.965234
vt 0.400354 0.956033
vt 0.412216 0.965234
vt 0.406285 0.965234
vt 0.406285 0.956033
vt 0.412216 0.956033
vt 0.790652 0.936643
vt 0.790652 0.945844
vt 0.782746 0.945844
vt 0.782746 0.936643
vt 0.977546 0.853905
vt 0.983478 0.853905
vt 0.983478 0.861812
vt 0.977546 0.861812
vt 0.931969 0.285218
vt 0.737998 0.983330
vt 0.732067 0.983330
vt 0.732067 0.975423
vt 0.737998 0.975423
vt 0.545220 0.916133
vt 0.553127 0.905944
vt 0.553127 0.916133
vt 0.545220 0.905944
vt 0.034313 1.000000
vt 0.028594 0.992093
vt 0.034313 0.992093
vt 0.028594 1.000000
vt 0.051469 0.956033
vt 0.045750 0.966223
vt 0.045750 0.956033
vt 0.051469 0.966223
vt 0.524750 0.911051
vt 0.516844 0.921241
vt 0.516844 0.911051
vt 0.524750 0.921241
vt 0.074344 0.966223
vt 0.080063 0.956033
vt 0.080063 0.966223
vt 0.074344 0.956033
vt 0.068625 1.000000
vt 0.068625 0.992093
vt 0.412216 0.965234
vt 0.418148 0.956033
vt 0.418148 0.965234
vt 0.412216 0.956033
vt 0.424079 0.965234
vt 0.418148 0.965234
vt 0.418148 0.956033
vt 0.424079 0.956033
vt 0.268821 0.936643
vt 0.268821 0.945844
vt 0.260915 0.945844
vt 0.260915 0.936643
vt 0.983478 0.869718
vt 0.977546 0.869718
vt 0.268821 0.945844
vt 0.268821 0.936643
vt 0.785448 0.983330
vt 0.779517 0.983330
vt 0.779517 0.975423
vt 0.785448 0.975423
vt 0.450890 0.974129
vt 0.457354 0.966223
vt 0.457354 0.974129
vt 0.450890 0.966223
vt 0.463818 0.974129
vt 0.457354 0.974129
vt 0.457354 0.966223
vt 0.463818 0.966223
vt 0.632522 0.945844
vt 0.632522 0.953750
vt 0.624616 0.953750
vt 0.971083 0.719495
vt 0.977547 0.727402
vt 0.971083 0.727402
vt 0.977547 0.719495
vt 0.632522 0.953750
vt 0.640429 0.945844
vt 0.640429 0.953750
vt 0.977547 0.197664
vt 0.971083 0.197664
vt 0.971083 0.189757
vt 0.977547 0.189757
vt 0.430010 0.956033
vt 0.430010 0.965234
vt 0.435942 0.965234
vt 0.435942 0.956033
vt 0.798559 0.936643
vt 0.798559 0.945844
vt 0.790652 0.945844
vt 0.790652 0.936643
vt 0.983478 0.877625
vt 0.977546 0.877625
vt 0.798559 0.945844
vt 0.798559 0.936643
vt 0.983478 0.063252
vt 0.977546 0.063252
vt 0.977546 0.055346
vt 0.983478 0.055346
vt 0.989409 0.292543
vt 0.989409 0.284636
vt 0.995128 0.284636
vt 0.995128 0.292543
vt 0.995128 0.292543
vt 0.989409 0.292543
vt 0.947782 0.703074
vt 0.953501 0.703074
vt 0.850991 0.906125
vt 0.858898 0.906125
vt 0.858898 0.916315
vt 0.850991 0.916315
vt 0.953501 0.947623
vt 0.947782 0.937433
vt 0.953501 0.937433
vt 0.947782 0.947623
vt 0.917290 0.515382
vt 0.909384 0.515382
vt 0.917290 0.505192
vt 0.584444 0.880132
vt 0.575990 0.861989
vt 0.584444 0.861989
vt 0.575990 0.880132
vt 0.931969 0.368023
vt 0.923515 0.368023
vt 0.759782 0.255110
vt 0.750582 0.236966
vt 0.759782 0.236966
vt 0.750582 0.255110
vt 0.593169 0.880174
vt 0.128229 0.760712
vt 0.137429 0.742569
vt 0.931969 0.377224
vt 0.923515 0.377224
vt 0.965151 0.165611
vt 0.965151 0.174811
vt 0.959220 0.174811
vt 0.959220 0.165611
vt 0.959220 0.184012
vt 0.959220 0.174811
vt 0.965151 0.174811
vt 0.965151 0.184012
vt 0.939876 0.846453
vt 0.931969 0.846453
vt 0.983478 0.292541
vt 0.562168 0.932723
vt 0.554261 0.923522
vt 0.562168 0.923522
vt 0.554261 0.932723
vt 0.977546 0.885531
vt 0.983478 0.877625
vt 0.983478 0.885531
vt 0.977546 0.877625
vt 0.965151 0.404826
vt 0.971083 0.395625
vt 0.971083 0.404826
vt 0.965151 0.395625
vt 0.939876 0.855654
vt 0.931969 0.855654
vt 0.320289 0.984040
vt 0.314358 0.984040
vt 0.320289 0.991946
vt 0.939876 0.864854
vt 0.931969 0.864854
vt 0.971083 0.404825
vt 0.965151 0.414026
vt 0.965151 0.404825
vt 0.971083 0.414026
vt 0.965151 0.184012
vt 0.965151 0.193212
vt 0.959220 0.193212
vt 0.959220 0.184012
vt 0.959220 0.202413
vt 0.959220 0.193212
vt 0.965151 0.193212
vt 0.965151 0.202413
vt 0.939876 0.073605
vt 0.931969 0.073605
vt 0.939876 0.064404
vt 0.983478 0.355794
vt 0.977547 0.363700
vt 0.977547 0.355794
vt 0.983478 0.363700
vt 0.939876 0.082805
vt 0.931969 0.073605
vt 0.939876 0.073605
vt 0.931969 0.082805
vt 0.977546 0.893438
vt 0.983478 0.893438
vt 0.690053 0.966223
vt 0.690053 0.974129
vt 0.683589 0.974129
vt 0.683589 0.966223
vt 0.696517 0.966223
vt 0.696517 0.974129
vt 0.324168 0.953750
vt 0.324168 0.945844
vt 0.971083 0.735309
vt 0.977547 0.735309
vt 0.332074 0.953750
vt 0.324168 0.945844
vt 0.332074 0.945844
vt 0.971083 0.743215
vt 0.977547 0.743215
vt 0.965151 0.202413
vt 0.965151 0.211614
vt 0.959220 0.211614
vt 0.959220 0.202413
vt 0.959220 0.220814
vt 0.959220 0.211614
vt 0.965151 0.211614
vt 0.965151 0.220814
vt 0.931969 0.864854
vt 0.939876 0.874055
vt 0.931969 0.874055
vt 0.939876 0.864854
vt 0.983478 0.956690
vt 0.939876 0.883255
vt 0.931969 0.874055
vt 0.939876 0.874055
vt 0.931969 0.883255
vt 0.977546 0.901344
vt 0.983478 0.893438
vt 0.977546 0.893438
vt 0.620641 0.984040
vt 0.626360 0.984040
vt 0.626360 0.991946
vt 0.620641 0.991946
vt 0.632079 0.991946
vt 0.626360 0.991946
vt 0.626360 0.984040
vt 0.632079 0.984040
vt 0.947783 0.173221
vt 0.953501 0.173221
vt 0.909216 0.036643
vt 0.901310 0.046833
vt 0.901310 0.036643
vt 0.909216 0.046833
vt 0.953501 0.295495
vt 0.947782 0.295495
vt 0.953501 0.305684
vt 0.901310 0.070941
vt 0.909216 0.060751
vt 0.909216 0.070941
vt 0.714407 0.866548
vt 0.714407 0.884692
vt 0.931969 0.404825
vt 0.923515 0.404825
vt 0.301006 0.841813
vt 0.301006 0.859957
vt 0.795955 0.883560
vt 0.838476 0.726655
vt 0.847676 0.744798
vt 0.838476 0.744798
vt 0.847676 0.726655
vt 0.931969 0.404825
vt 0.923515 0.414026
vt 0.923515 0.404825
vt 0.965151 0.423227
vt 0.971083 0.414026
vt 0.971083 0.423227
vt 0.965151 0.414026
vt 0.971083 0.423227
vt 0.965151 0.432427
vt 0.965151 0.423227
vt 0.971083 0.432427
vt 0.570074 0.932723
vt 0.562168 0.923522
vt 0.570074 0.923522
vt 0.983478 0.774840
vt 0.989409 0.766933
vt 0.989409 0.774840
vt 0.983478 0.766933
vt 0.931969 0.883255
vt 0.939876 0.892456
vt 0.931969 0.892456
vt 0.939876 0.883255
vt 0.983478 0.909251
vt 0.983478 0.901345
vt 0.989409 0.909251
vt 0.116349 0.975423
vt 0.116349 0.983330
vt 0.955070 0.974129
vt 0.961534 0.966223
vt 0.961534 0.974129
vt 0.955070 0.966223
vt 0.648335 0.953750
vt 0.648335 0.945844
vt 0.640429 0.953750
vt 0.277945 0.975423
vt 0.271481 0.983330
vt 0.277945 0.983330
vt 0.332074 0.945844
vt 0.339981 0.953750
vt 0.332074 0.953750
vt 0.339981 0.945844
vt 0.967998 0.966223
vt 0.967998 0.974129
vt 0.965151 0.441628
vt 0.971083 0.432427
vt 0.971083 0.441628
vt 0.965151 0.432427
vt 0.971083 0.441628
vt 0.965151 0.450828
vt 0.965151 0.441628
vt 0.971083 0.450828
vt 0.939876 0.092006
vt 0.931969 0.082805
vt 0.939876 0.082805
vt 0.931969 0.092006
vt 0.983478 0.782746
vt 0.989409 0.782746
vt 0.931969 0.092006
vt 0.939876 0.101206
vt 0.931969 0.101206
vt 0.939876 0.092006
vt 0.041519 0.984040
vt 0.035588 0.991946
vt 0.035588 0.984040
vt 0.041519 0.991946
vt 0.971083 0.007907
vt 0.977547 0.007907
vt 0.971083 0.000000
vt 0.977546 0.007907
vt 0.971083 0.007907
vt 0.347887 0.953750
vt 0.339981 0.945844
vt 0.347887 0.945844
vt 0.339981 0.953750
vt 0.116349 0.983330
vt 0.122813 0.975423
vt 0.122813 0.983330
vt 0.116349 0.975423
vt 0.347887 0.953750
vt 0.239162 0.975423
vt 0.232698 0.983330
vt 0.232698 0.975423
vt 0.965151 0.460029
vt 0.971083 0.450828
vt 0.971083 0.460029
vt 0.965151 0.450828
vt 0.971083 0.460029
vt 0.965151 0.460029
vt 0.971083 0.469230
vt 0.939876 0.901656
vt 0.931969 0.892456
vt 0.939876 0.892456
vt 0.931969 0.901656
vt 0.983478 0.790653
vt 0.989409 0.790653
vt 0.931969 0.901656
vt 0.939876 0.910857
vt 0.931969 0.910857
vt 0.939876 0.901656
vt 0.385533 0.984040
vt 0.379602 0.991946
vt 0.379602 0.984040
vt 0.385533 0.991946
vt 0.034313 0.992093
vt 0.034313 1.000000
vt 0.074344 1.000000
vt 0.074344 0.992093
vt 0.051469 0.966223
vt 0.051469 0.956033
vt 0.078493 0.916391
vt 0.086399 0.906201
vt 0.086399 0.916391
vt 0.078493 0.906201
vt 0.028594 0.966223
vt 0.034313 0.956033
vt 0.034313 0.966223
vt 0.028594 0.956033
vt 0.474573 0.911051
vt 0.466667 0.921241
vt 0.466667 0.911051
vt 0.474573 0.921241
vt 0.931969 0.220814
vt 0.923515 0.220814
vt 0.931969 0.230015
vt 0.923515 0.220814
vt 0.931969 0.220814
vt 0.923515 0.230015
vt 0.146630 0.760712
vt 0.137429 0.742569
vt 0.146630 0.742569
vt 0.137429 0.760712
vt 0.106322 0.882310
vt 0.097868 0.864167
vt 0.106322 0.864167
vt 0.097868 0.882310
vt 0.146630 0.742569
vt 0.155831 0.760712
vt 0.155831 0.742569
vt 0.525298 0.853072
vt 0.533752 0.871216
vt 0.533752 0.853072
vt 0.169032 0.956033
vt 0.169032 0.965234
vt 0.174964 0.965234
vt 0.169033 0.956033
vt 0.174964 0.956033
vt 0.570074 0.923522
vt 0.577981 0.923522
vt 0.577981 0.932723
vt 0.989409 0.917158
vt 0.983478 0.917158
vt 0.939876 0.910857
vt 0.939876 0.920058
vt 0.931969 0.920058
vt 0.957455 0.975423
vt 0.963387 0.975423
vt 0.963387 0.983330
vt 0.957455 0.983330
vt 0.180895 0.956033
vt 0.180895 0.965234
vt 0.186826 0.965234
vt 0.180895 0.956033
vt 0.186826 0.956033
vt 0.931969 0.110407
vt 0.931969 0.101206
vt 0.939876 0.101206
vt 0.939876 0.110407
vt 0.047450 0.991946
vt 0.041519 0.991946
vt 0.041519 0.984040
vt 0.047450 0.984040
vt 0.939876 0.110407
vt 0.939876 0.119608
vt 0.931969 0.119608
vt 0.931969 0.110407
vt 0.969318 0.975423
vt 0.969318 0.983330
vt 0.224654 0.974129
vt 0.224654 0.966223
vt 0.231118 0.974129
vt 0.231118 0.966223
vt 0.939876 0.748031
vt 0.947782 0.740124
vt 0.947782 0.748031
vt 0.939876 0.740124
vt 0.977547 0.363701
vt 0.971083 0.355794
vt 0.971083 0.363701
vt 0.947782 0.748031
vt 0.939876 0.755937
vt 0.939876 0.748031
vt 0.947782 0.755937
vt 0.971083 0.197664
vt 0.977547 0.205570
vt 0.971083 0.205570
vt 0.977547 0.197664
vt 0.192758 0.956033
vt 0.192758 0.965234
vt 0.198689 0.965234
vt 0.192758 0.956033
vt 0.198689 0.956033
vt 0.931969 0.929258
vt 0.939876 0.929258
vt 0.385533 0.984040
vt 0.385533 0.991946
vt 0.007907 0.936643
vt 0.000000 0.945844
vt 0.000000 0.936643
vt 0.969318 0.975423
vt 0.975249 0.983330
vt 0.969318 0.983330
vt 0.975249 0.975423
vt 0.989409 0.537647
vt 0.995128 0.529740
vt 0.995128 0.537647
vt 0.989409 0.529740
vt 0.005719 0.992093
vt 0.000000 1.000000
vt 0.000000 0.992093
vt 0.005719 1.000000
vt 0.953501 0.682695
vt 0.959220 0.682695
vt 0.920602 0.915546
vt 0.920602 0.905356
vt 0.912696 0.915546
vt 0.953501 0.855917
vt 0.959220 0.866106
vt 0.953501 0.866106
vt 0.959220 0.855917
vt 0.094306 0.906201
vt 0.094306 0.916391
vt 0.086399 0.916391
vt 0.433528 0.639750
vt 0.433528 0.532578
vt 0.477172 0.532578
vt 0.477172 0.639750
vt 0.015615 0.705997
vt 0.001701 0.810342
vt 0.001701 0.705997
vt 0.015615 0.813169
vt 0.524024 0.028472
vt 0.572150 0.132817
vt 0.524024 0.132818
vt 0.572150 0.028472
vt 0.459607 0.775641
vt 0.445693 0.671296
vt 0.459607 0.671296
vt 0.445693 0.778467
vt 0.867953 0.077326
vt 0.881848 0.123211
vt 0.867953 0.125452
vt 0.881848 0.079567
vt 0.279029 0.548747
vt 0.280806 0.664462
vt 0.279029 0.664462
vt 0.280806 0.548747
vt 0.719491 0.132818
vt 0.721226 0.017102
vt 0.721226 0.132818
vt 0.719491 0.017102
vt 0.175740 0.556093
vt 0.175740 0.671808
vt 0.166581 0.556093
vt 0.166581 0.671808
vt 0.261984 0.774787
vt 0.271143 0.659072
vt 0.271143 0.774787
vt 0.261984 0.659072
vt 0.477172 0.503831
vt 0.477172 0.388116
vt 0.479515 0.503831
vt 0.479515 0.388116
vt 0.075018 0.410856
vt 0.075018 0.526571
vt 0.072676 0.410856
vt 0.072676 0.526571
vt 0.588219 0.661766
vt 0.592979 0.777481
vt 0.588219 0.777481
vt 0.592979 0.661766
vt 0.279029 0.664462
vt 0.274018 0.548747
vt 0.274018 0.664462
vt 0.184519 0.282917
vt 0.144084 0.441575
vt 0.144084 0.282917
vt 0.736666 0.280881
vt 0.750582 0.436713
vt 0.736666 0.436713
vt 0.287933 0.285744
vt 0.274018 0.441575
vt 0.274018 0.282917
vt 0.212397 0.837780
vt 0.198501 0.880456
vt 0.198501 0.835539
vt 0.212397 0.878215
vt 0.895189 0.148597
vt 0.896966 0.315798
vt 0.895189 0.315798
vt 0.825086 0.148597
vt 0.825086 0.315798
vt 0.815926 0.315798
vt 0.815926 0.148597
vt 0.834245 0.431514
vt 0.834245 0.598715
vt 0.825086 0.431514
vt 0.892257 0.600196
vt 0.892257 0.767398
vt 0.889914 0.767398
vt 0.889914 0.600196
vt 0.849029 0.303574
vt 0.849029 0.136373
vt 0.839257 0.148597
vt 0.834245 0.315798
vt 0.834245 0.148597
vt 0.184519 0.441575
vt 0.144084 0.548747
vt 0.184519 0.548747
vt 0.736666 0.541058
vt 0.477172 0.428233
vt 0.432255 0.272401
vt 0.477172 0.272401
vt 0.432255 0.428233
vt 0.432255 0.532578
vt 0.287933 0.545920
vt 0.287933 0.441575
vt 0.143976 0.880456
vt 0.130080 0.837779
vt 0.143976 0.835539
vt 0.130080 0.878215
vt 0.896966 0.148597
vt 0.896966 0.431514
vt 0.895189 0.431514
vt 0.898700 0.315798
vt 0.825086 0.431514
vt 0.815926 0.431514
vt 0.825086 0.598715
vt 0.825086 0.714431
vt 0.834245 0.714431
vt 0.891069 0.419290
vt 0.891069 0.303574
vt 0.893412 0.419290
vt 0.893412 0.136373
vt 0.893412 0.303574
vt 0.892257 0.883113
vt 0.889914 0.883113
vt 0.853789 0.303574
vt 0.849029 0.419290
vt 0.853789 0.419290
vt 0.839257 0.315798
vt 0.834245 0.431514
vt 0.839257 0.431514
vt 0.722751 0.280881
vt 0.736666 0.417082
vt 0.722751 0.417082
vt 0.261961 0.883619
vt 0.248066 0.837735
vt 0.261961 0.835494
vt 0.248066 0.881379
vt 0.893412 0.431514
vt 0.893412 0.283943
vt 0.895189 0.431514
vt 0.410458 0.282917
vt 0.410458 0.430487
vt 0.401298 0.282917
vt 0.010860 0.410856
vt 0.001701 0.558427
vt 0.001701 0.410856
vt 0.177282 0.936643
vt 0.177282 0.923522
vt 0.183001 0.923522
vt 0.183001 0.936643
vt 0.188720 0.923522
vt 0.188720 0.936643
vt 0.183001 0.936643
vt 0.183001 0.923522
vt 0.518134 0.975423
vt 0.518134 0.984040
vt 0.552447 0.984040
vt 0.546728 0.984040
vt 0.546728 0.975423
vt 0.552447 0.975423
vt 0.898531 0.547711
vt 0.889914 0.560832
vt 0.889914 0.547711
vt 0.139376 0.966223
vt 0.145094 0.966223
vt 0.145094 0.975361
vt 0.139376 0.975361
vt 0.150813 0.975361
vt 0.145094 0.966223
vt 0.150813 0.966223
vt 0.145094 0.975361
vt 0.717189 0.000314
vt 0.708051 0.008635
vt 0.708051 0.000314
vt 0.717189 0.008635
vt 0.923515 0.870741
vt 0.923515 0.857619
vt 0.929234 0.857619
vt 0.929234 0.870741
vt 0.929234 0.883862
vt 0.923515 0.883862
vt 0.167969 0.966223
vt 0.173688 0.966223
vt 0.173688 0.975361
vt 0.167969 0.975361
vt 0.162251 0.975361
vt 0.156532 0.975361
vt 0.156532 0.966223
vt 0.162251 0.966223
vt 0.462487 0.657893
vt 0.453349 0.671015
vt 0.453349 0.657893
vt 0.462487 0.671015
vt 0.017156 0.936643
vt 0.022875 0.923522
vt 0.022875 0.936643
vt 0.017156 0.923522
vt 0.028594 0.923522
vt 0.028594 0.936643
vt 0.022875 0.936643
vt 0.022875 0.923522
vt 0.438071 0.975423
vt 0.443790 0.975423
vt 0.443790 0.984040
vt 0.449509 0.984040
vt 0.443790 0.984040
vt 0.443790 0.975423
vt 0.449509 0.975423
vt 0.795694 0.883560
vt 0.795694 0.896681
vt 0.787078 0.896681
vt 0.787078 0.883560
vt 0.028594 0.936643
vt 0.028594 0.923522
vt 0.034313 0.923522
vt 0.034313 0.936643
vt 0.040031 0.923522
vt 0.034313 0.936643
vt 0.034313 0.923522
vt 0.040031 0.936643
vt 0.518135 0.975423
vt 0.523853 0.984040
vt 0.518135 0.984040
vt 0.523853 0.975423
vt 0.483822 0.975423
vt 0.489541 0.975423
vt 0.483822 0.984040
vt 0.662505 0.881039
vt 0.662505 0.894160
vt 0.653889 0.894160
vt 0.653889 0.881039
vt 0.923515 0.608315
vt 0.929234 0.595194
vt 0.929234 0.608315
vt 0.923515 0.595194
vt 0.923515 0.621437
vt 0.929234 0.621437
vt 0.598198 0.975423
vt 0.603916 0.984040
vt 0.598198 0.984040
vt 0.603916 0.975423
vt 0.581041 0.984040
vt 0.575322 0.975423
vt 0.581041 0.975423
vt 0.769845 0.883560
vt 0.761229 0.896681
vt 0.761229 0.883560
vt 0.769845 0.896681
vt 0.923515 0.765770
vt 0.929234 0.752649
vt 0.929234 0.765770
vt 0.923515 0.752649
vt 0.929234 0.765770
vt 0.923515 0.778892
vt 0.923515 0.765770
vt 0.929234 0.778892
vt 0.449509 0.975423
vt 0.455228 0.975423
vt 0.455228 0.984039
vt 0.449509 0.984039
vt 0.529572 0.984040
vt 0.529572 0.975423
vt 0.285886 0.882313
vt 0.277270 0.895434
vt 0.277270 0.882313
vt 0.285886 0.895434
vt 0.891069 0.124148
vt 0.891069 0.271719
vt 0.888726 0.124148
vt 0.888726 0.124148
vt 0.888726 0.271719
vt 0.886383 0.124148
vt 0.825086 0.726655
vt 0.820074 0.579084
vt 0.825086 0.579084
vt 0.572150 0.132818
vt 0.572150 0.025646
vt 0.615794 0.132817
vt 0.615794 0.025646
vt 0.804906 0.574699
vt 0.818820 0.679044
vt 0.804906 0.679044
vt 0.818820 0.571872
vt 0.376736 0.514347
vt 0.328610 0.618692
vt 0.328610 0.514347
vt 0.376736 0.618692
vt 0.790991 0.679044
vt 0.804906 0.574699
vt 0.804905 0.679044
vt 0.790991 0.571872
vt 0.226292 0.881423
vt 0.240187 0.835539
vt 0.240187 0.883664
vt 0.226292 0.837780
vt 0.383524 0.575054
vt 0.381748 0.690769
vt 0.381748 0.575054
vt 0.383524 0.690769
vt 0.720063 0.248533
vt 0.720063 0.132818
vt 0.721798 0.248533
vt 0.721798 0.132818
vt 0.719491 0.017102
vt 0.710331 0.132818
vt 0.710332 0.017102
vt 0.719491 0.132818
vt 0.806767 0.547229
vt 0.806767 0.431514
vt 0.815926 0.547229
vt 0.815926 0.431514
vt 0.477172 0.388116
vt 0.477172 0.272401
vt 0.479515 0.272401
vt 0.479515 0.388116
vt 0.178083 0.556093
vt 0.178083 0.671808
vt 0.175740 0.671808
vt 0.459830 0.840422
vt 0.464591 0.724707
vt 0.459830 0.724707
vt 0.376736 0.690769
vt 0.381747 0.575054
vt 0.381747 0.690769
vt 0.376736 0.575054
vt 0.288172 0.282917
vt 0.328607 0.441575
vt 0.288172 0.441575
vt 0.525298 0.278054
vt 0.480380 0.433886
vt 0.480380 0.278054
vt 0.736666 0.015051
vt 0.750581 0.170883
vt 0.736666 0.170883
vt 0.212397 0.835539
vt 0.226292 0.878215
vt 0.212397 0.880456
vt 0.226292 0.837780
vt 0.898112 0.600196
vt 0.896335 0.767398
vt 0.896335 0.600196
vt 0.899847 0.600196
vt 0.898112 0.767398
vt 0.898112 0.600196
vt 0.815926 0.148597
vt 0.815926 0.315798
vt 0.806767 0.148597
vt 0.834245 0.148597
vt 0.825086 0.315798
vt 0.889914 0.600196
vt 0.889914 0.767398
vt 0.887572 0.600196
vt 0.894600 0.600196
vt 0.894600 0.767398
vt 0.892257 0.600196
vt 0.858550 0.303574
vt 0.853789 0.303574
vt 0.839257 0.148597
vt 0.844268 0.315799
vt 0.839257 0.315799
vt 0.328608 0.548747
vt 0.288172 0.548747
vt 0.328608 0.282917
vt 0.736667 0.275228
vt 0.722751 0.170883
vt 0.736667 0.170883
vt 0.722751 0.012224
vt 0.736667 0.015051
vt 0.525298 0.433886
vt 0.480380 0.538231
vt 0.525298 0.538231
vt 0.750581 0.012224
vt 0.736666 0.275228
vt 0.750581 0.278054
vt 0.171238 0.878215
vt 0.185134 0.880456
vt 0.171238 0.837780
vt 0.898112 0.767398
vt 0.898112 0.883113
vt 0.899847 0.883113
vt 0.899847 0.767398
vt 0.898112 0.883113
vt 0.806767 0.315798
vt 0.806767 0.431514
vt 0.815926 0.431514
vt 0.834245 0.315798
vt 0.834245 0.431514
vt 0.825086 0.431514
vt 0.887572 0.767398
vt 0.889914 0.883113
vt 0.887572 0.883113
vt 0.892257 0.767398
vt 0.892257 0.883113
vt 0.894600 0.883113
vt 0.858550 0.419290
vt 0.853789 0.419290
vt 0.858550 0.136373
vt 0.844268 0.431514
vt 0.839257 0.431514
vt 0.844268 0.148597
vt 0.524024 0.278054
vt 0.480380 0.139027
vt 0.524024 0.139027
vt 0.480380 0.278054
vt 0.480380 0.000000
vt 0.524024 0.000000
vt 0.024775 0.686084
vt 0.010860 0.549883
vt 0.024775 0.549883
vt 0.010860 0.688911
vt 0.010860 0.410856
vt 0.024775 0.413683
vt 0.432255 0.000000
vt 0.480380 0.136200
vt 0.432255 0.136200
vt 0.480380 0.000000
vt 0.480380 0.272401
vt 0.432255 0.272401
vt 0.722751 0.553282
vt 0.736666 0.278054
vt 0.736666 0.556109
vt 0.867931 0.079567
vt 0.854036 0.125452
vt 0.854036 0.077326
vt 0.867931 0.123211
vt 0.895189 0.283943
vt 0.895189 0.136373
vt 0.893412 0.136373
vt 0.894600 0.747767
vt 0.896335 0.747767
vt 0.894600 0.600196
vt 0.894600 0.895337
vt 0.401298 0.430487
vt 0.401298 0.578058
vt 0.410458 0.578058
vt 0.010860 0.558427
vt 0.010860 0.705997
vt 0.001701 0.705997
vt 0.194438 0.936643
vt 0.188720 0.923522
vt 0.194438 0.923522
vt 0.188720 0.936643
vt 0.194438 0.923522
vt 0.200157 0.936643
vt 0.194438 0.936643
vt 0.200157 0.923522
vt 0.558166 0.975423
vt 0.552447 0.984040
vt 0.552447 0.975423
vt 0.558166 0.984040
vt 0.535291 0.975423
vt 0.535291 0.984040
vt 0.529572 0.975423
vt 0.878111 0.885777
vt 0.886728 0.898899
vt 0.878111 0.898899
vt 0.886728 0.885777
vt 0.087615 0.543215
vt 0.081896 0.534893
vt 0.087615 0.534893
vt 0.081896 0.543215
vt 0.081896 0.526571
vt 0.087615 0.526571
vt 0.178801 0.548747
vt 0.184519 0.557069
vt 0.178801 0.557069
vt 0.184519 0.548747
vt 0.184519 0.565391
vt 0.178801 0.565391
vt 0.156532 0.966223
vt 0.717189 0.016957
vt 0.708051 0.016957
vt 0.929234 0.896983
vt 0.923515 0.896983
vt 0.167969 0.966223
vt 0.162251 0.975361
vt 0.162251 0.966223
vt 0.167969 0.975361
vt 0.173688 0.975361
vt 0.179407 0.975361
vt 0.173688 0.966223
vt 0.442666 0.671015
vt 0.433528 0.671015
vt 0.442666 0.657893
vt 0.045750 0.936643
vt 0.040031 0.923522
vt 0.045750 0.923522
vt 0.040031 0.936643
vt 0.045750 0.923522
vt 0.051469 0.936643
vt 0.045750 0.936643
vt 0.051469 0.923522
vt 0.460947 0.975423
vt 0.455228 0.984040
vt 0.455228 0.975423
vt 0.460947 0.984040
vt 0.460947 0.984040
vt 0.466665 0.975423
vt 0.466665 0.984040
vt 0.460947 0.975423
vt 0.778462 0.883560
vt 0.778462 0.896681
vt 0.057188 0.936643
vt 0.051469 0.923522
vt 0.057188 0.923522
vt 0.051469 0.936643
vt 0.057188 0.923522
vt 0.062907 0.936643
vt 0.057188 0.936643
vt 0.062907 0.923522
vt 0.563885 0.975423
vt 0.558166 0.984040
vt 0.558166 0.975423
vt 0.563885 0.984040
vt 0.535291 0.984040
vt 0.541010 0.975423
vt 0.541010 0.984040
vt 0.535291 0.975423
vt 0.804311 0.883560
vt 0.812927 0.896681
vt 0.804311 0.896681
vt 0.812927 0.883560
vt 0.929234 0.634558
vt 0.923515 0.634558
vt 0.929234 0.647679
vt 0.923515 0.647679
vt 0.581041 0.975423
vt 0.609635 0.975423
vt 0.609635 0.984040
vt 0.603916 0.975423
vt 0.261961 0.896741
vt 0.253345 0.896741
vt 0.261961 0.883619
vt 0.929234 0.792013
vt 0.923515 0.778892
vt 0.929234 0.778892
vt 0.923515 0.792013
vt 0.929234 0.805134
vt 0.923515 0.805134
vt 0.546728 0.975423
vt 0.541010 0.984040
vt 0.541010 0.975423
vt 0.546728 0.984040
vt 0.466665 0.984039
vt 0.472384 0.975423
vt 0.472384 0.984039
vt 0.466665 0.975423
vt 0.795694 0.883560
vt 0.804310 0.896681
vt 0.795694 0.896681
vt 0.804310 0.883560
vt 0.888726 0.271719
vt 0.888726 0.419289
vt 0.891069 0.419289
vt 0.886383 0.271719
vt 0.886383 0.419290
vt 0.888726 0.419290
vt 0.849029 0.431514
vt 0.844268 0.283943
vt 0.849029 0.283943
vt 0.844268 0.431514
vt 0.844268 0.136373
vt 0.820074 0.431514
vt 0.724589 0.848405
vt 0.720898 0.801136
vt 0.724589 0.801136
vt 0.728280 0.848405
vt 0.728280 0.801136
vt 0.731971 0.801136
vt 0.720898 0.848405
vt 0.717207 0.848405
vt 0.748223 0.848405
vt 0.748223 0.801136
vt 0.731971 0.848405
vt 0.717207 0.801136
vt 0.700955 0.848405
vt 0.700955 0.801136
vt 0.700955 0.827207
vt 0.653686 0.830898
vt 0.653686 0.827207
vt 0.700955 0.823516
vt 0.653686 0.823516
vt 0.653686 0.819825
vt 0.700955 0.830898
vt 0.700955 0.834589
vt 0.700955 0.803572
vt 0.700955 0.819825
vt 0.653686 0.834589
vt 0.700955 0.850841
vt 0.830401 0.124595
vt 0.826710 0.077326
vt 0.830401 0.077326
vt 0.834092 0.077326
vt 0.834092 0.124595
vt 0.837784 0.124595
vt 0.826710 0.124595
vt 0.823019 0.124595
vt 0.854036 0.077326
vt 0.854036 0.124595
vt 0.837784 0.077326
vt 0.823019 0.077326
vt 0.806767 0.124595
vt 0.677320 0.756304
vt 0.673629 0.709035
vt 0.681011 0.756304
vt 0.681011 0.709035
vt 0.684702 0.709035
vt 0.673629 0.756304
vt 0.669938 0.756304
vt 0.700955 0.709035
vt 0.684702 0.756304
vt 0.669938 0.709035
vt 0.653686 0.756304
vt 0.653686 0.709035
vt 0.857880 0.714431
vt 0.861571 0.667162
vt 0.861571 0.714431
vt 0.857880 0.667162
vt 0.854189 0.714431
vt 0.854189 0.667162
vt 0.850497 0.667162
vt 0.865262 0.714431
vt 0.834245 0.714431
vt 0.850497 0.714431
vt 0.834245 0.667162
vt 0.865262 0.667162
vt 0.881514 0.714431
vt 0.881514 0.667162
vt 0.851678 0.823638
vt 0.804409 0.819947
vt 0.851678 0.819947
vt 0.804409 0.823638
vt 0.851678 0.827329
vt 0.804409 0.827329
vt 0.804409 0.831020
vt 0.851678 0.816256
vt 0.804409 0.847272
vt 0.851678 0.831020
vt 0.804409 0.816256
vt 0.851678 0.800004
vt 0.804409 0.800004
vt 0.857880 0.478783
vt 0.861571 0.431514
vt 0.861571 0.478783
vt 0.857880 0.431514
vt 0.854189 0.431514
vt 0.850497 0.478783
vt 0.850497 0.431514
vt 0.854189 0.478783
vt 0.865262 0.478783
vt 0.834245 0.431514
vt 0.834245 0.478783
vt 0.865262 0.431514
vt 0.881514 0.478783
vt 0.881514 0.431514
vt 0.104594 0.846023
vt 0.108286 0.798754
vt 0.108286 0.846023
vt 0.104594 0.798754
vt 0.100903 0.846023
vt 0.100903 0.798754
vt 0.097212 0.798754
vt 0.111977 0.846023
vt 0.080960 0.846023
vt 0.097212 0.846023
vt 0.080960 0.798754
vt 0.111977 0.798754
vt 0.128229 0.846023
vt 0.128229 0.798754
vt 0.261984 0.659072
vt 0.240187 0.774787
vt 0.240187 0.659072
vt 0.274018 0.282917
vt 0.274018 0.565834
vt 0.274018 0.450119
vt 0.096815 0.410856
vt 0.096815 0.526572
vt 0.075018 0.410856
vt 0.075018 0.526572
vt 0.653686 0.278054
vt 0.675483 0.445256
vt 0.653686 0.445256
vt 0.653686 0.560971
vt 0.675483 0.560971
vt 0.432254 0.578058
vt 0.432254 0.430487
vt 0.410458 0.282917
vt 0.432255 0.282917
vt 0.410458 0.578058
s 0
usemtl Stone
f 1/1/1 2/2/1 3/3/1
f 4/4/1 3/3/1 2/2/1
f 5/5/2 6/6/2 7/7/2
f 6/6/2 5/5/2 8/8/2
f 9/9/3 10/10/3 11/11/3
f 10/10/3 9/9/3 12/12/3
f 13/13/4 14/14/4 15/15/4
f 16/16/4 15/15/4 14/14/4
f 17/17/5 18/18/5 19/19/5
f 18/18/5 17/17/5 20/20/5
f 21/21/6 22/22/6 23/23/6
f 22/22/6 21/21/6 24/24/6
f 25/25/5 26/26/5 27/27/5
f 27/27/5 26/26/5 28/28/5
f 29/29/5 30/30/5 31/31/5
f 32/32/5 29/29/5 33/33/5
f 32/32/5 33/33/5 34/34/5
f 35/35/5 36/36/5 34/34/5
f 35/35/5 34/34/5 33/33/5
f 36/36/5 37/37/5 38/38/5
f 37/37/5 36/36/5 35/35/5
f 30/30/5 29/29/5 32/32/5
f 31/31/5 26/26/5 25/25/5
f 26/26/5 31/31/5 30/30/5
f 39/39/7 40/40/7 41/41/7
f 39/39/7 42/42/7 43/43/7
f 42/42/7 39/39/7 41/41/7
f 43/43/7 44/44/7 45/45/7
f 46/46/8 47/47/8 48/48/8
f 46/46/8 49/49/8 50/50/8
f 49/49/8 46/46/8 48/48/8
f 50/50/8 51/51/8 52/52/8
f 47/47/8 46/46/8 53/53/8
f 53/53/8 54/54/8 47/47/8
f 51/51/8 50/50/8 49/49/8
f 55/55/8 52/52/8 51/51/8
f 52/52/8 55/55/8 56/56/8
f 40/40/7 39/39/7 57/57/7
f 57/57/7 58/58/7 40/40/7
f 44/44/7 43/43/7 42/42/7
f 59/59/7 45/45/7 44/44/7
f 45/45/7 59/59/7 60/60/7
f 61/61/9 62/62/9 63/63/9
f 62/62/9 61/61/9 64/64/9
f 58/58/7 57/57/7 65/65/7
f 66/66/7 65/65/7 67/67/7
f 65/65/7 66/66/7 58/58/7
f 68/68/10 69/69/10 70/70/10
f 69/69/10 68/68/10 71/71/10
f 54/54/8 53/53/8 72/72/8
f 73/73/8 72/72/8 74/74/8
f 72/72/8 73/73/8 54/54/8
f 75/75/1 76/76/1 77/77/1
f 78/78/1 77/77/1 76/76/1
f 79/79/2 80/80/2 81/81/2
f 80/80/2 79/79/2 82/82/2
f 83/83/3 84/84/3 85/85/3
f 84/84/3 83/83/3 86/86/3
f 87/87/4 88/88/4 89/89/4
f 90/11/4 89/89/4 88/88/4
f 91/90/5 92/91/5 93/92/5
f 91/90/5 94/93/5 92/91/5
f 95/94/6 96/95/6 97/96/6
f 96/95/6 95/94/6 98/97/6
f 99/98/5 100/99/5 101/100/5
f 101/100/5 100/99/5 102/101/5
f 103/102/5 104/103/5 105/104/5
f 106/105/5 107/106/5 108/107/5
f 109/108/5 103/102/5 110/109/5
f 109/108/5 110/109/5 111/110/5
f 107/106/5 106/105/5 111/110/5
f 107/106/5 111/110/5 110/109/5
f 108/107/5 107/106/5 112/111/5
f 104/103/5 103/102/5 109/108/5
f 105/104/5 100/99/5 99/98/5
f 100/99/5 105/104/5 104/103/5
f 113/112/7 114/113/7 115/114/7
f 113/112/7 116/115/7 117/116/7
f 116/115/7 113/112/7 115/114/7
f 117/116/7 118/117/7 119/118/7
f 120/119/8 121/120/8 122/121/8
f 120/119/8 123/122/8 124/123/8
f 123/122/8 120/119/8 122/121/8
f 124/123/8 125/124/8 126/125/8
f 121/120/8 120/119/8 127/126/8
f 127/126/8 128/127/8 121/120/8
f 125/124/8 124/123/8 123/122/8
f 129/128/8 126/125/8 125/124/8
f 126/125/8 129/128/8 130/129/8
f 114/113/7 113/112/7 131/130/7
f 131/130/7 132/131/7 114/113/7
f 118/117/7 117/116/7 116/115/7
f 133/132/7 119/118/7 118/117/7
f 119/118/7 133/132/7 134/133/7
f 135/134/9 136/135/9 137/136/9
f 136/135/9 135/134/9 138/137/9
f 132/131/7 131/130/7 139/138/7
f 140/139/7 139/138/7 141/140/7
f 139/138/7 140/139/7 132/131/7
f 142/141/10 143/142/10 144/143/10
f 143/142/10 142/141/10 145/144/10
f 128/127/8 127/126/8 146/145/8
f 147/146/8 146/145/8 148/147/8
f 146/145/8 147/146/8 128/127/8
f 149/148/1 150/149/1 151/150/1
f 150/149/1 149/148/1 152/151/1
f 153/152/2 154/153/2 155/154/2
f 154/153/2 153/152/2 156/155/2
f 157/156/3 158/157/3 159/158/3
s 1
f 158/157/3 157/156/3 160/159/3
s 0
f 161/160/4 162/161/4 163/11/4
f 164/162/4 163/11/4 162/161/4
f 165/163/5 166/164/5 167/165/5
f 165/163/5 167/165/5 168/166/5
f 169/167/6 170/168/6 171/96/6
f 170/168/6 169/167/6 172/169/6
f 173/170/6 174/171/6 175/172/6
f 175/172/6 174/171/6 176/173/6
f 177/174/5 178/175/5 179/176/5
f 180/177/5 181/178/5 182/179/5
f 181/178/5 180/177/5 177/174/5
f 181/178/5 183/180/5 184/181/5
f 181/178/5 184/181/5 182/179/5
f 185/182/6 173/170/6 186/183/6
f 186/183/6 187/184/6 185/182/6
f 186/183/6 173/170/6 175/172/6
f 188/185/5 189/186/5 190/187/5
f 189/186/5 188/185/5 191/188/5
f 192/189/5 193/190/5 194/191/5
f 195/192/5 196/193/5 197/194/5
f 196/193/5 198/195/5 192/189/5
f 196/193/5 195/192/5 199/196/5
f 198/195/5 196/193/5 199/196/5
f 197/194/5 200/197/5 195/192/5
f 200/197/5 197/194/5 201/198/5
f 193/190/5 192/189/5 198/195/5
f 194/191/5 190/187/5 189/186/5
f 190/187/5 194/191/5 193/190/5
f 202/199/7 203/200/7 204/201/7
f 202/199/7 205/202/7 206/203/7
f 205/202/7 202/199/7 204/201/7
f 206/203/7 207/204/7 208/205/7
f 209/206/8 210/207/8 211/208/8
f 209/206/8 212/209/8 213/210/8
f 212/209/8 209/206/8 211/208/8
f 213/210/8 214/211/8 215/212/8
f 210/207/8 209/206/8 216/213/8
f 216/213/8 217/214/8 210/207/8
f 214/211/8 213/210/8 212/209/8
f 218/215/8 215/212/8 214/211/8
f 215/212/8 218/215/8 219/216/8
f 203/200/7 202/199/7 220/217/7
f 220/217/7 221/218/7 203/200/7
f 207/204/7 206/203/7 205/202/7
f 222/219/7 208/205/7 207/204/7
f 208/205/7 222/219/7 223/220/7
f 224/221/9 225/222/9 226/223/9
f 225/222/9 224/221/9 227/224/9
f 221/218/7 220/217/7 228/225/7
f 229/226/7 228/225/7 230/227/7
f 228/225/7 229/226/7 221/218/7
f 231/228/10 232/229/10 233/230/10
f 232/229/10 231/228/10 234/231/10
f 217/214/8 216/213/8 235/232/8
f 236/233/8 235/232/8 237/234/8
f 235/232/8 236/233/8 217/214/8
f 238/235/9 239/236/9 240/237/9
f 238/235/9 241/238/9 239/236/9
f 187/184/6 186/183/6 242/239/6
f 242/239/6 174/171/6 187/184/6
f 174/171/6 242/239/6 176/173/6
f 243/240/9 244/241/9 245/242/9
f 243/240/9 246/243/9 244/241/9
f 247/244/7 248/245/7 249/246/7
f 248/245/7 247/244/7 250/247/7
f 178/175/5 177/174/5 180/177/5
f 183/180/5 179/176/5 178/175/5
f 183/180/5 178/175/5 184/181/5
f 251/248/10 252/249/10 253/250/10
f 251/248/10 254/251/10 252/249/10
f 255/252/8 256/253/8 257/254/8
f 256/253/8 255/252/8 258/255/8
f 259/256/7 260/257/7 261/258/7
f 260/257/7 259/256/7 262/259/7
f 263/260/10 264/261/10 265/262/10
f 263/260/10 265/262/10 266/263/10
f 267/264/8 268/265/8 269/266/8
f 268/265/8 267/264/8 270/267/8
f 271/268/1 272/269/1 273/270/1
f 274/271/1 273/270/1 272/269/1
f 275/272/2 276/273/2 277/274/2
f 276/273/2 275/272/2 278/275/2
f 279/276/3 280/277/3 281/278/3
f 280/277/3 279/276/3 282/279/3
f 283/280/4 284/281/4 285/282/4
f 286/283/4 285/282/4 284/281/4
f 287/284/5 288/285/5 289/286/5
f 288/285/5 287/284/5 290/287/5
f 291/288/6 292/289/6 293/290/6
f 292/289/6 291/288/6 294/291/6
f 295/292/5 296/293/5 297/294/5
f 297/294/5 296/293/5 298/295/5
f 299/296/5 300/297/5 301/298/5
f 302/299/5 303/300/5 304/301/5
f 305/302/5 299/296/5 306/303/5
f 305/302/5 306/303/5 302/299/5
f 303/300/5 302/299/5 306/303/5
f 304/301/5 307/304/5 308/305/5
f 307/304/5 304/301/5 303/300/5
f 300/297/5 299/296/5 305/302/5
f 301/298/5 296/293/5 295/292/5
f 296/293/5 301/298/5 300/297/5
f 309/306/7 310/307/7 311/308/7
f 309/306/7 312/309/7 313/310/7
f 310/307/7 309/306/7 313/310/7
f 311/308/7 314/311/7 315/312/7
f 316/313/8 317/314/8 318/315/8
f 316/313/8 319/316/8 320/317/8
f 317/314/8 316/313/8 320/317/8
f 318/315/8 321/318/8 322/319/8
f 319/316/8 316/313/8 323/320/8
f 323/320/8 324/321/8 319/316/8
f 321/318/8 318/315/8 317/314/8
f 325/322/8 322/319/8 321/318/8
f 322/319/8 325/322/8 326/141/8
f 312/309/7 309/306/7 327/323/7
f 327/323/7 328/324/7 312/309/7
f 314/311/7 311/308/7 310/307/7
f 329/325/7 315/312/7 314/311/7
f 315/312/7 329/325/7 330/326/7
f 331/327/9 332/328/9 333/329/9
f 332/328/9 331/327/9 334/330/9
f 328/324/7 327/323/7 335/331/7
f 336/332/7 335/331/7 337/333/7
f 335/331/7 336/332/7 328/324/7
f 338/334/10 339/335/10 340/336/10
f 339/335/10 338/334/10 341/337/10
f 324/321/8 323/320/8 342/338/8
f 343/339/8 342/338/8 344/340/8
f 342/338/8 343/339/8 324/321/8
f 345/341/2 346/342/2 347/343/2
f 345/341/2 347/343/2 348/344/2
f 349/345/1 350/346/1 351/347/1
f 350/346/1 349/345/1 352/348/1
f 353/349/3 354/350/3 355/351/3
f 354/350/3 353/349/3 356/352/3
f 357/353/4 358/354/4 359/355/4
f 357/353/4 359/355/4 360/356/4
f 361/357/5 362/358/5 363/359/5
f 362/358/5 361/357/5 364/360/5
f 365/361/6 366/362/6 367/363/6
f 366/362/6 365/361/6 368/364/6
f 369/365/5 370/366/5 371/367/5
f 369/365/5 371/367/5 372/368/5
f 370/366/5 369/365/5 373/369/5
f 373/369/5 374/370/5 370/366/5
f 375/371/5 376/372/5 377/373/5
f 378/374/5 379/375/5 376/372/5
f 380/376/5 374/370/5 373/369/5
f 374/370/5 380/376/5 378/374/5
f 379/375/5 378/374/5 380/376/5
f 376/372/5 375/371/5 381/377/5
f 376/372/5 379/375/5 377/373/5
f 372/368/5 371/367/5 382/378/5
f 383/379/7 384/380/7 385/381/7
f 383/379/7 386/382/7 387/383/7
f 388/384/7 389/385/7 384/380/7
f 388/384/7 384/380/7 383/379/7
f 390/386/8 391/387/8 392/388/8
f 390/386/8 393/389/8 394/390/8
f 395/391/8 391/387/8 390/386/8
f 395/391/8 396/392/8 391/387/8
f 393/389/8 390/386/8 392/388/8
f 394/390/8 397/393/8 398/394/8
f 399/395/8 400/396/8 396/392/8
f 399/395/8 396/392/8 395/391/8
f 401/397/8 400/396/8 399/395/8
f 386/382/7 383/379/7 385/381/7
f 387/383/7 402/398/7 403/399/7
f 404/400/7 389/385/7 388/384/7
f 404/400/7 405/401/7 389/385/7
f 406/402/7 405/401/7 404/400/7
f 407/403/10 408/404/10 409/405/10
f 410/406/10 408/404/10 407/403/10
f 402/398/7 387/383/7 386/382/7
f 411/407/7 403/399/7 402/398/7
f 403/399/7 411/407/7 412/408/7
f 413/409/9 414/410/9 415/411/9
f 416/412/9 414/410/9 413/409/9
f 397/393/8 394/390/8 393/389/8
f 417/413/8 398/394/8 397/393/8
f 398/394/8 417/413/8 418/414/8
f 419/415/2 420/416/2 421/417/2
f 419/415/2 422/418/2 420/416/2
f 423/419/1 424/420/1 425/421/1
f 424/420/1 423/419/1 426/422/1
f 427/423/3 428/424/3 429/425/3
f 428/424/3 427/423/3 430/426/3
f 431/427/4 432/428/4 433/429/4
f 431/427/4 433/429/4 434/430/4
f 435/431/5 436/432/5 437/433/5
f 436/432/5 435/431/5 438/434/5
f 439/435/6 440/436/6 441/437/6
f 440/436/6 439/435/6 442/438/6
f 443/439/5 444/440/5 445/441/5
f 445/441/5 446/442/5 443/439/5
f 447/443/5 448/444/5 449/445/5
f 450/446/5 451/447/5 448/444/5
f 452/448/5 446/442/5 445/441/5
f 446/442/5 452/448/5 450/446/5
f 451/447/5 450/446/5 452/448/5
f 448/444/5 447/443/5 453/449/5
f 448/444/5 451/447/5 449/445/5
f 444/440/5 454/450/5 455/451/5
f 444/440/5 443/439/5 456/452/5
f 454/450/5 444/440/5 456/452/5
f 457/453/7 458/454/7 459/455/7
f 457/453/7 460/456/7 461/457/7
f 462/458/7 463/459/7 458/454/7
f 462/458/7 458/454/7 457/453/7
f 464/460/8 465/461/8 466/462/8
f 464/460/8 467/463/8 468/464/8
f 469/465/8 470/466/8 465/461/8
f 469/465/8 465/461/8 464/460/8
f 467/463/8 464/460/8 466/462/8
f 468/464/8 471/467/8 472/468/8
f 473/469/8 474/470/8 470/466/8
f 473/469/8 470/466/8 469/465/8
f 475/471/8 474/470/8 473/469/8
f 460/456/7 457/453/7 459/455/7
f 461/457/7 476/472/7 477/473/7
f 478/474/7 463/459/7 462/458/7
f 478/474/7 479/475/7 463/459/7
f 480/476/7 479/475/7 478/474/7
f 481/477/10 482/478/10 483/479/10
f 484/480/10 482/478/10 481/477/10
f 476/472/7 461/457/7 460/456/7
f 485/481/7 477/473/7 476/472/7
f 477/473/7 485/481/7 486/482/7
f 487/483/9 488/484/9 489/485/9
f 490/470/9 488/484/9 487/483/9
f 471/467/8 468/464/8 467/463/8
f 491/486/8 472/468/8 471/467/8
f 472/468/8 491/486/8 492/487/8
f 493/78/2 494/488/2 495/489/2
f 494/488/2 493/78/2 496/490/2
f 497/491/1 498/492/1 499/493/1
f 498/492/1 497/491/1 500/494/1
f 501/495/3 502/496/3 503/497/3
s 1
f 502/496/3 501/495/3 504/498/3
s 0
f 505/499/4 506/500/4 507/425/4
f 505/499/4 508/501/4 506/500/4
f 509/502/5 510/503/5 511/504/5
f 510/503/5 509/502/5 512/505/5
f 513/506/6 514/507/6 515/508/6
f 514/507/6 513/506/6 516/509/6
f 517/510/6 518/511/6 519/512/6
f 517/510/6 519/512/6 520/513/6
f 521/514/5 522/515/5 523/516/5
f 524/517/5 525/518/5 526/519/5
f 524/517/5 523/516/5 527/520/5
f 523/516/5 524/517/5 521/514/5
f 519/512/6 528/521/6 529/522/6
f 530/523/5 531/524/5 532/525/5
f 533/526/5 534/527/5 535/528/5
f 536/529/5 537/530/5 533/526/5
f 536/529/5 538/531/5 537/530/5
f 539/532/5 538/531/5 536/529/5
f 538/531/5 540/533/5 541/534/5
f 538/531/5 539/532/5 540/533/5
f 534/527/5 533/526/5 537/530/5
f 535/528/5 534/527/5 532/525/5
f 535/528/5 532/525/5 531/524/5
f 541/534/5 542/535/5 543/536/5
f 542/535/5 541/534/5 540/533/5
f 544/537/7 545/538/7 546/539/7
f 544/537/7 547/540/7 548/541/7
f 549/542/7 545/538/7 544/537/7
f 549/542/7 550/543/7 545/538/7
f 551/544/8 552/545/8 553/546/8
f 551/544/8 554/547/8 555/548/8
f 556/549/8 554/547/8 551/544/8
f 556/549/8 557/550/8 554/547/8
f 552/545/8 551/544/8 555/548/8
f 553/546/8 558/551/8 559/552/8
f 560/553/8 557/550/8 556/549/8
f 560/553/8 561/554/8 557/550/8
f 562/555/8 561/554/8 560/553/8
f 547/540/7 544/537/7 546/539/7
f 548/541/7 563/556/7 564/557/7
f 565/558/7 550/543/7 549/542/7
f 565/558/7 566/559/7 550/543/7
f 567/560/7 566/559/7 565/558/7
f 568/561/10 569/562/10 570/563/10
f 571/564/10 569/562/10 568/561/10
f 563/556/7 548/541/7 547/540/7
f 572/565/7 564/557/7 563/556/7
f 564/557/7 572/565/7 573/566/7
f 574/567/9 575/568/9 576/569/9
f 577/570/9 575/568/9 574/567/9
f 558/551/8 553/546/8 552/545/8
f 578/571/8 559/552/8 558/551/8
f 559/552/8 578/571/8 579/572/8
f 580/573/10 581/574/10 582/575/10
f 583/576/10 582/575/10 581/574/10
f 528/521/6 519/512/6 518/511/6
f 529/522/6 584/577/6 585/578/6
f 584/577/6 529/522/6 528/521/6
f 584/577/6 520/513/6 585/578/6
f 584/577/6 517/510/6 520/513/6
f 586/579/10 587/580/10 588/581/10
f 589/582/10 588/581/10 587/580/10
f 590/583/7 591/584/7 592/585/7
f 593/586/7 592/585/7 591/584/7
f 525/518/5 524/517/5 527/520/5
f 522/515/5 521/514/5 594/587/5
f 522/515/5 526/519/5 525/518/5
f 594/587/5 526/519/5 522/515/5
f 595/588/9 596/589/9 597/590/9
f 598/591/9 597/590/9 596/589/9
f 599/592/8 600/593/8 601/594/8
f 602/595/8 601/594/8 600/593/8
f 603/596/7 604/597/7 605/598/7
f 606/599/7 605/598/7 604/597/7
f 607/600/9 608/601/9 609/602/9
f 610/603/9 609/602/9 608/601/9
f 611/604/8 612/605/8 613/606/8
f 614/607/8 613/606/8 612/605/8
f 615/608/2 616/609/2 617/610/2
f 615/608/2 618/611/2 616/609/2
f 619/612/1 620/613/1 621/614/1
f 620/613/1 619/612/1 622/615/1
f 623/355/3 624/616/3 625/356/3
f 624/616/3 623/355/3 626/617/3
f 627/618/4 628/619/4 629/620/4
f 627/618/4 629/620/4 630/621/4
f 631/622/5 632/623/5 633/335/5
f 632/623/5 631/622/5 634/624/5
f 635/625/6 636/626/6 637/627/6
f 636/626/6 635/625/6 638/628/6
f 639/629/5 640/630/5 641/631/5
f 639/629/5 642/632/5 640/630/5
f 642/632/5 639/629/5 643/633/5
f 643/633/5 644/634/5 642/632/5
f 645/635/5 646/636/5 647/637/5
f 648/638/5 649/639/5 646/636/5
f 650/640/5 644/634/5 643/633/5
f 644/634/5 650/640/5 648/638/5
f 649/639/5 648/638/5 650/640/5
f 646/636/5 649/639/5 647/637/5
f 646/636/5 645/635/5 651/641/5
f 641/631/5 640/630/5 652/642/5
f 653/643/7 654/644/7 655/645/7
f 653/643/7 656/646/7 657/647/7
f 658/648/7 656/646/7 653/643/7
f 658/648/7 659/649/7 656/646/7
f 660/650/8 661/651/8 662/652/8
f 660/650/8 663/653/8 664/654/8
f 665/655/8 663/653/8 660/650/8
f 665/655/8 666/656/8 663/653/8
f 661/651/8 660/650/8 664/654/8
f 662/652/8 667/657/8 668/658/8
f 669/659/8 666/656/8 665/655/8
f 669/659/8 670/660/8 666/656/8
f 671/661/8 670/660/8 669/659/8
f 654/644/7 653/643/7 657/647/7
f 655/645/7 672/662/7 673/663/7
f 674/664/7 659/649/7 658/648/7
f 674/664/7 675/665/7 659/649/7
f 676/666/7 675/665/7 674/664/7
f 677/667/10 678/668/10 679/669/10
f 680/670/10 678/668/10 677/667/10
f 672/662/7 655/645/7 654/644/7
f 681/671/7 673/663/7 672/662/7
f 673/663/7 681/671/7 682/672/7
f 683/673/9 684/674/9 685/675/9
f 686/676/9 684/674/9 683/673/9
f 667/657/8 662/652/8 661/651/8
f 687/677/8 668/658/8 667/657/8
f 668/658/8 687/677/8 688/678/8
f 689/679/9 690/680/9 691/681/9
f 690/680/9 689/679/9 692/682/9
f 693/683/6 694/684/6 695/685/6
f 693/683/6 696/686/6 694/684/6
f 697/687/5 698/685/5 699/684/5
f 697/687/5 700/688/5 698/685/5
f 701/689/10 702/690/10 703/691/10
f 701/689/10 704/692/10 702/690/10
f 705/693/9 706/694/9 707/695/9
f 705/693/9 708/696/9 706/694/9
f 709/697/8 710/698/8 711/699/8
f 709/697/8 712/700/8 710/698/8
f 713/701/6 714/702/6 715/703/6
f 716/704/6 714/702/6 713/701/6
f 717/705/5 718/706/5 719/707/5
f 720/708/5 718/706/5 717/705/5
f 721/680/9 722/709/9 723/710/9
f 721/680/9 724/711/9 722/709/9
f 725/712/8 726/713/8 727/714/8
f 725/712/8 728/715/8 726/713/8
f 729/716/6 730/717/6 731/718/6
f 729/716/6 732/719/6 730/717/6
f 733/720/5 734/721/5 735/722/5
f 733/720/5 735/722/5 736/723/5
f 737/724/10 738/725/10 739/726/10
f 737/724/10 740/727/10 738/725/10
f 741/728/9 742/729/9 743/730/9
f 741/728/9 743/730/9 744/731/9
f 745/732/8 746/733/8 747/734/8
f 745/732/8 747/734/8 748/735/8
f 749/736/6 750/737/6 751/738/6
f 750/737/6 749/736/6 752/739/6
f 753/740/5 754/741/5 755/742/5
f 754/741/5 753/740/5 756/743/5
f 757/744/10 758/745/10 759/746/10
f 757/744/10 760/747/10 758/745/10
f 761/748/9 762/749/9 763/750/9
f 761/748/9 764/751/9 762/749/9
f 765/752/8 766/753/8 767/754/8
f 765/752/8 768/755/8 766/753/8
f 769/756/5 770/757/5 771/758/5
f 769/756/5 771/758/5 772/759/5
f 769/756/5 772/759/5 773/760/5
f 770/757/5 769/756/5 774/761/5
f 775/762/5 770/757/5 774/761/5
f 775/762/5 776/763/5 770/757/5
f 777/764/11 778/765/11 779/766/11
s 1
f 780/767/11 778/765/11 777/764/11
s 0
f 781/768/12 782/769/12 783/770/12
f 784/771/12 781/768/12 783/770/12
f 785/772/6 786/773/6 787/774/6
f 788/775/6 786/773/6 785/772/6
f 789/776/5 790/777/5 791/778/5
f 792/779/5 790/777/5 789/776/5
f 793/780/8 794/781/8 795/782/8
f 794/781/8 793/780/8 796/783/8
f 797/784/7 798/782/7 799/781/7
f 798/782/7 797/784/7 800/785/7
f 801/786/10 802/787/10 803/788/10
f 802/787/10 801/786/10 804/789/10
f 805/790/6 806/791/6 807/792/6
f 808/793/8 809/794/8 810/795/8
f 809/794/8 808/793/8 811/796/8
f 812/797/7 813/798/7 814/799/7
f 813/798/7 812/797/7 815/800/7
f 816/801/10 817/802/10 818/803/10
f 819/804/6 820/805/6 821/806/6
f 822/807/6 820/805/6 819/804/6
f 823/808/5 824/809/5 825/810/5
f 824/809/5 823/808/5 826/811/5
f 827/812/8 828/813/8 829/814/8
f 828/813/8 827/812/8 830/815/8
f 831/816/7 832/817/7 833/818/7
f 832/817/7 831/816/7 834/819/7
f 835/820/10 836/821/10 837/822/10
f 836/821/10 835/820/10 838/823/10
f 839/824/6 840/825/6 841/826/6
f 840/825/6 839/824/6 842/827/6
f 843/828/5 844/829/5 845/830/5
f 846/831/5 844/829/5 843/828/5
f 847/832/8 848/833/8 849/834/8
f 848/833/8 847/832/8 850/835/8
f 851/836/7 852/837/7 853/838/7
f 852/837/7 851/836/7 854/839/7
f 855/840/10 856/841/10 857/842/10
f 856/841/10 855/840/10 858/843/10
f 859/844/6 860/845/6 861/846/6
f 860/845/6 859/844/6 862/847/6
f 863/848/5 864/849/5 865/850/5
f 866/851/5 864/849/5 863/848/5
f 867/839/8 868/852/8 869/853/8
f 868/852/8 867/839/8 870/836/8
f 871/854/7 872/855/7 873/856/7
f 872/855/7 871/854/7 874/857/7
f 875/858/10 876/859/10 877/860/10
f 876/859/10 875/858/10 878/861/10
f 879/862/6 880/863/6 881/864/6
f 880/863/6 879/862/6 882/865/6
f 883/866/5 884/867/5 885/868/5
f 886/869/5 884/867/5 883/866/5
f 887/870/8 888/871/8 889/872/8
f 888/871/8 887/870/8 890/873/8
f 891/874/7 892/875/7 893/876/7
f 892/875/7 891/874/7 894/877/7
f 895/878/10 896/879/10 897/880/10
f 896/879/10 895/878/10 898/881/10
f 899/882/6 900/883/6 901/884/6
f 902/885/6 900/883/6 899/882/6
f 903/886/5 904/887/5 905/888/5
f 904/887/5 903/886/5 906/889/5
f 907/890/8 908/891/8 909/892/8
f 908/891/8 907/890/8 910/893/8
f 911/894/7 912/895/7 913/896/7
f 912/895/7 911/894/7 914/897/7
f 915/898/10 916/861/10 917/858/10
f 916/861/10 915/898/10 918/899/10
f 919/900/5 920/901/5 921/902/5
f 922/903/13 923/904/13 924/905/13
f 925/906/14 926/907/14 927/908/14
f 925/906/14 927/908/14 928/909/14
f 929/910/6 930/911/6 931/912/6
f 930/911/6 929/910/6 932/913/6
f 933/914/5 934/915/5 935/916/5
f 935/916/5 936/917/5 933/914/5
f 937/918/7 938/919/7 939/920/7
f 937/918/7 939/920/7 940/921/7
f 941/854/8 942/922/8 943/923/8
f 941/854/8 943/923/8 944/857/8
f 945/924/10 946/925/10 947/926/10
f 945/924/10 947/926/10 948/927/10
f 949/928/6 806/791/6 950/929/6
f 806/791/6 805/790/6 951/930/6
f 806/791/6 949/928/6 807/792/6
f 952/931/5 953/932/5 954/933/5
f 952/931/5 955/934/5 953/932/5
f 956/935/5 955/934/5 952/931/5
f 957/936/5 956/935/5 952/931/5
f 958/937/8 959/938/8 960/939/8
f 958/937/8 961/940/8 959/938/8
f 817/802/10 816/801/10 962/941/10
f 963/942/10 817/802/10 964/943/10
f 963/942/10 818/803/10 817/802/10
f 965/944/6 966/945/6 967/946/6
f 966/945/6 965/944/6 968/947/6
f 969/948/5 970/949/5 971/950/5
f 971/950/5 972/951/5 969/948/5
f 973/952/7 974/953/7 975/954/7
f 973/952/7 976/955/7 974/953/7
f 977/956/8 978/957/8 979/952/8
f 977/956/8 980/958/8 978/957/8
f 981/959/10 982/960/10 983/961/10
f 981/959/10 984/962/10 982/960/10
f 985/963/6 986/964/6 987/965/6
f 986/964/6 985/963/6 988/966/6
f 989/967/5 990/968/5 991/969/5
f 991/969/5 992/970/5 989/967/5
f 993/971/7 994/972/7 995/973/7
f 993/971/7 996/974/7 994/972/7
f 997/975/8 998/976/8 999/977/8
f 997/975/8 1000/978/8 998/976/8
f 1001/979/10 1002/980/10 1003/981/10
f 1001/979/10 1004/982/10 1002/980/10
f 1005/983/5 921/902/5 920/901/5
f 1006/984/5 1007/985/5 1008/986/5
f 920/901/5 1007/985/5 1006/984/5
f 920/901/5 919/900/5 1007/985/5
f 920/901/5 1009/987/5 1005/983/5
f 1009/987/5 920/901/5 1006/984/5
f 921/902/5 1010/988/5 919/900/5
f 921/902/5 1005/983/5 1011/989/5
f 1012/990/5 1010/988/5 921/902/5
f 1012/990/5 1011/989/5 1013/991/5
f 1011/989/5 1012/990/5 921/902/5
f 1014/992/13 923/904/13 1015/993/13
s 1
f 1016/994/13 923/904/13 1014/992/13
s 0
f 1016/994/13 924/905/13 923/904/13
f 1017/995/14 1018/996/14 927/908/14
f 926/907/14 1017/995/14 927/908/14
f 1019/997/15 1020/998/15 1021/999/15
f 1019/997/15 1022/1000/15 1020/998/15
f 1023/1001/16 1024/1002/16 1025/1003/16
f 1026/1004/10 1027/814/10 1028/813/10
f 1026/1004/10 1028/813/10 1029/1005/10
f 1030/1006/6 1031/1007/6 1032/1008/6
f 1033/1009/6 1032/1008/6 1031/1007/6
f 1034/1010/5 1035/1011/5 1036/1012/5
f 1037/1013/5 1036/1012/5 1035/1011/5
f 1038/1014/9 1039/1015/9 1040/1016/9
f 1039/1015/9 1038/1014/9 1041/696/9
f 1042/1017/10 1043/1018/10 1044/1019/10
f 1043/1018/10 1042/1017/10 1045/1020/10
f 1046/734/8 1047/1021/8 1048/1022/8
f 1047/1021/8 1046/734/8 1049/733/8
f 1050/1023/6 1051/1024/6 1052/1025/6
f 1053/1026/6 1050/1023/6 1052/1025/6
f 1054/1027/5 1055/1028/5 1056/1029/5
f 1057/1030/5 1054/1027/5 1056/1029/5
f 1058/1031/10 1059/1004/10 1060/1005/10
f 1059/1004/10 1058/1031/10 1061/1032/10
f 1062/1033/8 1063/1034/8 1064/1035/8
f 1063/1034/8 1062/1033/8 1065/1036/8
f 1066/1037/6 1067/1038/6 1068/1039/6
f 1069/1040/6 1068/1039/6 1067/1038/6
f 1070/1041/5 1071/1042/5 1072/1043/5
f 1073/1044/5 1072/1043/5 1071/1042/5
f 1074/1045/9 1075/1046/9 1076/1047/9
f 1075/1046/9 1074/1045/9 1077/922/9
f 1078/1048/10 1079/1049/10 1080/1050/10
f 1079/1049/10 1078/1048/10 1081/1051/10
f 1082/1052/8 1083/1053/8 1084/1054/8
f 1083/1053/8 1082/1052/8 1085/1055/8
f 1086/1056/6 1087/1057/6 1088/1058/6
f 1089/1059/6 1088/1058/6 1087/1057/6
f 1090/1058/5 1091/1060/5 1092/1056/5
f 1093/1061/5 1092/1056/5 1091/1060/5
f 1094/1062/9 1095/1063/9 1096/1064/9
f 1095/1063/9 1094/1062/9 1097/921/9
f 1098/1065/10 1099/744/10 1100/746/10
f 1099/744/10 1098/1065/10 1101/1066/10
f 1102/1067/8 1103/1068/8 1104/1069/8
f 1103/1068/8 1102/1067/8 1105/1070/8
f 1106/1071/5 1107/1072/5 1108/1073/5
f 1107/1072/5 1109/1074/5 1110/1075/5
f 1107/1072/5 1106/1071/5 1111/1076/5
f 1109/1074/5 1112/1077/5 1110/1075/5
f 1109/1074/5 1107/1072/5 1111/1076/5
f 1112/1077/5 1109/1074/5 1113/1078/5
f 1114/1079/11 1115/1080/11 1116/1081/11
s 1
f 1117/1082/11 1114/1079/11 1116/1081/11
s 0
f 1118/1083/12 1119/1084/12 1120/1085/12
f 1121/1082/12 1119/1084/12 1118/1083/12
f 1122/1086/6 1123/1087/6 1124/1088/6
f 1124/1088/6 1125/1089/6 1122/1086/6
f 1126/1090/5 1127/1091/5 1128/1092/5
f 1127/1091/5 1126/1090/5 1129/1093/5
f 1130/784/8 1131/1094/8 1132/1095/8
f 1130/784/8 1132/1095/8 1133/785/8
f 1134/1096/7 1135/1097/7 1136/1098/7
f 1134/1096/7 1136/1098/7 1137/1099/7
f 1138/1100/9 1139/1101/9 1140/1102/9
f 1138/1100/9 1140/1102/9 1141/1103/9
f 1142/936/6 1143/1104/6 1144/1105/6
f 1145/935/6 1142/936/6 1144/1105/6
f 1146/1106/5 1147/1107/5 1148/1108/5
f 1149/1109/8 1150/1110/8 1151/1111/8
f 1149/1109/8 1152/1112/8 1150/1110/8
f 1153/1113/7 1154/1114/7 1155/1115/7
f 1153/1113/7 1156/1116/7 1154/1114/7
f 1157/1117/9 1158/803/9 1159/1118/9
f 1157/1117/9 1159/1118/9 1160/1119/9
f 1161/811/6 1162/1120/6 1163/1121/6
f 1163/1121/6 1164/809/6 1161/811/6
f 1165/1122/5 1166/1123/5 1167/1124/5
f 1166/1123/5 1165/1122/5 1168/1125/5
f 1169/1126/8 1170/1127/8 1171/1128/8
f 1169/1126/8 1171/1128/8 1172/1129/8
f 1173/1130/7 1174/1131/7 1175/1132/7
f 1173/1130/7 1176/1133/7 1174/1131/7
f 1177/1134/9 1178/1135/9 1179/1136/9
f 1177/1134/9 1180/1137/9 1178/1135/9
f 1181/1138/6 1182/1139/6 1183/1140/6
f 1183/1140/6 1184/1141/6 1181/1138/6
f 1185/1142/5 1186/1143/5 1187/1144/5
f 1186/1143/5 1185/1142/5 1188/1145/5
f 1189/833/8 1190/1146/8 1191/1147/8
f 1189/833/8 1191/1147/8 1192/834/8
f 1193/1148/7 1194/1149/7 1195/1150/7
f 1193/1148/7 1195/1150/7 1196/1151/7
f 1197/1152/9 1198/1153/9 1199/1154/9
f 1197/1152/9 1200/1155/9 1198/1153/9
f 1201/1156/6 1202/1157/6 1203/1158/6
f 1203/1158/6 1204/1159/6 1201/1156/6
f 1205/1160/5 1206/1157/5 1207/1156/5
f 1206/1157/5 1205/1160/5 1208/1161/5
f 1209/1162/8 1210/1163/8 1211/1164/8
f 1209/1162/8 1211/1164/8 1212/1165/8
f 1213/1166/7 1214/1167/7 1215/1168/7
f 1213/1166/7 1215/1168/7 1216/1169/7
f 1217/841/9 1218/843/9 1219/1170/9
f 1217/841/9 1219/1170/9 1220/1171/9
f 1221/1172/6 1222/1173/6 1223/1174/6
f 1223/1174/6 1224/1175/6 1221/1172/6
f 1225/1176/5 1226/1177/5 1227/1178/5
f 1226/1177/5 1225/1176/5 1228/1179/5
f 1229/1180/8 1230/1181/8 1231/1182/8
f 1229/1180/8 1232/1183/8 1230/1181/8
f 1233/1184/7 1234/1185/7 1235/1186/7
f 1233/1184/7 1236/1187/7 1234/1185/7
f 1237/1188/9 1238/1189/9 1239/1190/9
f 1237/1188/9 1240/1191/9 1238/1189/9
f 1241/1192/6 1242/1193/6 1243/1194/6
f 1243/1194/6 1244/1195/6 1241/1192/6
f 1245/1192/5 1246/1196/5 1247/1193/5
f 1246/1196/5 1245/1192/5 1248/1197/5
f 1249/1198/8 1250/870/8 1251/1199/8
f 1249/1198/8 1252/873/8 1250/870/8
f 1253/1200/7 1254/1201/7 1255/1202/7
f 1253/1200/7 1256/1203/7 1254/1201/7
f 1257/1204/9 1258/1205/9 1259/1206/9
f 1257/1204/9 1260/1207/9 1258/1205/9
f 1261/1208/5 1262/1209/5 1263/1210/5
f 1264/1211/5 1265/1212/5 1262/1209/5
f 1266/1213/5 1267/1214/5 1265/1212/5
f 1268/909/17 1269/1215/17 1270/903/17
f 1271/1216/18 1272/1217/18 1273/906/18
f 1274/1197/6 1275/1218/6 1276/1219/6
f 1277/1220/6 1275/1218/6 1274/1197/6
f 1278/1221/5 1279/1220/5 1280/1222/5
f 1279/1220/5 1278/1221/5 1281/1218/5
f 1282/1223/7 1283/1224/7 1284/1225/7
f 1283/1224/7 1282/1223/7 1285/1226/7
f 1286/1227/8 1287/1228/8 1288/1229/8
f 1287/1228/8 1286/1227/8 1289/1230/8
f 1290/1231/9 1291/1232/9 1292/1233/9
f 1291/1232/9 1290/1231/9 1293/1234/9
f 1144/1105/6 1294/1235/6 1295/1236/6
f 1144/1105/6 1143/1104/6 1294/1235/6
f 1296/1237/5 1147/1107/5 1297/1238/5
f 1147/1107/5 1146/1106/5 1297/1238/5
f 1298/1239/5 1147/1107/5 1296/1237/5
f 1299/1240/8 1300/1241/8 1301/1242/8
f 1300/1241/8 1299/1240/8 1302/1243/8
f 1159/1118/9 1303/1244/9 1304/1245/9
f 1303/1244/9 1159/1118/9 1158/803/9
f 1305/1246/6 1306/1247/6 1307/1248/6
f 1308/1249/6 1306/1247/6 1305/1246/6
f 1309/1250/5 1310/1249/5 1311/1251/5
f 1310/1249/5 1309/1250/5 1312/1247/5
f 1313/1252/7 1314/1253/7 1315/1254/7
f 1314/1253/7 1313/1252/7 1316/1255/7
f 1317/1256/8 1318/1257/8 1319/1258/8
f 1318/1257/8 1317/1256/8 1320/1259/8
f 1321/1260/9 1322/1261/9 1323/1262/9
f 1322/1261/9 1321/1260/9 1324/1263/9
f 1325/967/6 1326/1264/6 1327/1265/6
f 1328/970/6 1326/1264/6 1325/967/6
f 1329/1266/5 1330/1267/5 1331/1268/5
f 1330/1267/5 1329/1266/5 1332/1269/5
f 1333/1270/7 1334/1271/7 1335/1272/7
f 1334/1271/7 1333/1270/7 1336/1273/7
f 1337/1258/8 1338/1274/8 1339/780/8
f 1338/1274/8 1337/1258/8 1340/1257/8
f 1341/1275/9 1342/1276/9 1343/1277/9
f 1342/1276/9 1341/1275/9 1344/1278/9
f 1263/1210/5 1345/1279/5 1261/1208/5
f 1346/1280/5 1265/1212/5 1347/1281/5
f 1262/1209/5 1348/1282/5 1263/1210/5
f 1262/1209/5 1261/1208/5 1264/1211/5
f 1348/1282/5 1262/1209/5 1346/1280/5
f 1265/1212/5 1346/1280/5 1262/1209/5
f 1265/1212/5 1264/1211/5 1266/1213/5
f 1267/1214/5 1347/1281/5 1265/1212/5
f 1347/1281/5 1267/1214/5 1349/1283/5
f 1269/1215/17 1268/909/17 1350/908/17
f 1351/996/17 1352/1284/17 1269/1215/17
s 1
f 1350/908/17 1351/996/17 1269/1215/17
s 0
f 1353/1285/18 1272/1217/18 1354/1286/18
f 1355/1287/18 1272/1217/18 1353/1285/18
f 1355/1287/18 1273/906/18 1272/1217/18
f 1356/1288/5 1357/1289/5 1358/1290/5
f 1357/1289/5 1359/1291/5 1360/1292/5
f 1357/1289/5 1361/1293/5 1359/1291/5
f 1358/1290/5 1360/1292/5 1362/1294/5
f 1360/1292/5 1363/1295/5 1364/1296/5
f 1360/1292/5 1358/1290/5 1357/1289/5
f 1360/1292/5 1359/1291/5 1363/1295/5
f 1362/1294/5 1364/1296/5 1365/1297/5
f 1364/1296/5 1363/1295/5 1366/1298/5
f 1364/1296/5 1362/1294/5 1360/1292/5
f 1364/1296/5 1366/1298/5 1367/1299/5
f 1367/1299/5 1365/1297/5 1364/1296/5
f 1022/1000/15 1368/1300/15 1020/998/15
f 1369/1301/15 1020/998/15 1368/1300/15
f 1370/1302/16 1025/1003/16 1024/1002/16
f 1371/768/16 1370/1302/16 1024/1002/16
f 1371/768/16 1024/1002/16 1372/1303/16
f 1373/1304/6 1374/1305/6 1375/1306/6
f 1374/1305/6 1373/1304/6 1376/1307/6
f 1377/1308/5 1378/1309/5 1379/1310/5
f 1378/1309/5 1377/1308/5 1380/1311/5
f 1381/1312/10 1382/1313/10 1383/1314/10
f 1382/1313/10 1381/1312/10 1384/1315/10
f 1385/1316/8 1386/1317/8 1387/1318/8
f 1386/1317/8 1385/1316/8 1388/1319/8
f 1389/1320/9 1390/1321/9 1391/1322/9
f 1390/1321/9 1389/1320/9 1392/1323/9
f 1393/1324/7 1394/1325/7 1395/1326/7
f 1394/1325/7 1393/1324/7 1396/1327/7
f 1397/1328/6 1398/1329/6 1399/1330/6
f 1398/1329/6 1397/1328/6 1400/1331/6
f 1401/1332/5 1402/1333/5 1403/1330/5
f 1402/1333/5 1401/1332/5 1404/1334/5
f 1405/1335/10 1406/1336/10 1407/1337/10
f 1406/1336/10 1405/1335/10 1408/1338/10
f 1409/1339/8 1410/1340/8 1411/1341/8
f 1410/1340/8 1409/1339/8 1412/1342/8
f 1413/1343/9 1414/1344/9 1415/1345/9
f 1414/1344/9 1413/1343/9 1416/1346/9
f 1417/1347/7 1418/1348/7 1419/1349/7
f 1418/1348/7 1417/1347/7 1420/1350/7
f 1421/1351/6 1422/1352/6 1423/1353/6
f 1422/1352/6 1421/1351/6 1424/1354/6
f 1425/1355/5 1426/1356/5 1427/1357/5
f 1426/1356/5 1425/1355/5 1428/1358/5
f 1429/1359/10 1430/1360/10 1431/1361/10
f 1430/1360/10 1429/1359/10 1432/1362/10
f 1433/1363/8 1434/1364/8 1435/1365/8
f 1434/1364/8 1433/1363/8 1436/1366/8
f 1437/1367/9 1438/1368/9 1439/1369/9
f 1438/1368/9 1437/1367/9 1440/1370/9
f 1441/1371/7 1442/1372/7 1443/1373/7
f 1442/1372/7 1441/1371/7 1444/1374/7
f 1445/1375/6 1446/1376/6 1447/1377/6
f 1448/1378/6 1446/1376/6 1445/1375/6
f 1449/1379/5 1450/1378/5 1451/1380/5
f 1452/1376/5 1450/1378/5 1449/1379/5
f 1453/1381/10 1454/1382/10 1455/1383/10
f 1453/1381/10 1456/1384/10 1454/1382/10
f 1457/1385/7 1458/1386/7 1459/1387/7
f 1457/1385/7 1460/1388/7 1458/1386/7
f 1461/1389/9 1462/1390/9 1463/1391/9
f 1461/1389/9 1464/1392/9 1462/1390/9
f 1465/1393/8 1466/1394/8 1467/1395/8
f 1465/1393/8 1468/1396/8 1466/1394/8
f 1469/1397/6 1470/1398/6 1471/1399/6
f 1470/1398/6 1469/1397/6 1472/1400/6
f 1473/1401/5 1474/1402/5 1475/1403/5
f 1474/1402/5 1473/1401/5 1476/1404/5
f 1477/1405/10 1478/1406/10 1479/1407/10
f 1477/1405/10 1479/1407/10 1480/1408/10
f 1481/1409/7 1482/1410/7 1483/1411/7
f 1481/1409/7 1483/1411/7 1484/1412/7
f 1485/1413/9 1486/1414/9 1487/1415/9
f 1485/1413/9 1488/1416/9 1486/1414/9
f 1489/1417/8 1490/1418/8 1491/1419/8
f 1489/1417/8 1492/1420/8 1490/1418/8
f 1493/1421/6 1494/1422/6 1495/1423/6
f 1496/1424/6 1494/1422/6 1493/1421/6
f 1497/1425/5 1498/1423/5 1499/1422/5
f 1500/1426/5 1498/1423/5 1497/1425/5
f 1501/1427/10 1502/1428/10 1503/1429/10
f 1504/1430/10 1502/1428/10 1501/1427/10
f 1505/1431/7 1506/1432/7 1507/1433/7
f 1505/1431/7 1508/1434/7 1506/1432/7
f 1509/1435/9 1510/1436/9 1511/1437/9
f 1512/1438/9 1510/1436/9 1509/1435/9
f 1513/1439/8 1514/1440/8 1515/1441/8
f 1513/1439/8 1516/700/8 1514/1440/8
f 1517/1442/6 1518/1332/6 1519/1443/6
f 1518/1332/6 1517/1442/6 1520/1334/6
f 1521/1444/5 1522/1445/5 1523/1443/5
f 1522/1445/5 1521/1444/5 1524/1446/5
f 1525/1447/10 1526/1448/10 1527/1449/10
f 1526/1448/10 1525/1447/10 1528/1450/10
f 1529/1451/8 1530/1452/8 1531/1453/8
f 1530/1452/8 1529/1451/8 1532/1454/8
f 1533/1455/9 1534/1456/9 1535/1457/9
f 1534/1456/9 1533/1455/9 1536/1458/9
f 1537/1459/7 1538/1460/7 1539/1461/7
f 1538/1460/7 1537/1459/7 1540/1462/7
f 1541/1463/6 1542/1464/6 1543/1465/6
f 1542/1464/6 1541/1463/6 1544/1466/6
f 1545/1467/5 1546/1468/5 1547/1469/5
f 1546/1468/5 1545/1467/5 1548/1470/5
f 1549/1471/10 1550/1472/10 1551/1473/10
f 1550/1472/10 1549/1471/10 1552/1474/10
f 1553/1475/8 1554/1476/8 1555/1477/8
f 1554/1476/8 1553/1475/8 1556/1478/8
f 1557/1479/9 1558/1480/9 1559/1481/9
f 1558/1480/9 1557/1479/9 1560/1482/9
f 1561/1483/7 1562/1484/7 1563/1485/7
f 1562/1484/7 1561/1483/7 1564/1476/7
f 1565/1486/6 1566/1487/6 1567/1488/6
f 1566/1487/6 1565/1486/6 1568/1489/6
f 1569/1490/5 1570/1491/5 1571/1492/5
f 1570/1491/5 1569/1490/5 1572/1493/5
f 1573/1494/10 1574/1495/10 1575/1496/10
f 1573/1494/10 1575/1496/10 1576/1497/10
f 1577/1498/7 1578/1499/7 1579/1453/7
f 1577/1498/7 1580/1500/7 1578/1499/7
f 1581/1501/9 1582/1502/9 1583/1503/9
f 1581/1501/9 1583/1503/9 1584/1504/9
f 1585/1505/8 1586/1506/8 1587/1507/8
f 1585/1505/8 1588/1498/8 1586/1506/8
f 1589/1426/6 1590/1508/6 1591/1509/6
f 1592/1425/6 1590/1508/6 1589/1426/6
f 1593/1510/5 1594/1509/5 1595/1508/5
f 1596/1511/5 1594/1509/5 1593/1510/5
f 1597/1512/10 1598/1513/10 1599/1514/10
f 1600/1515/10 1598/1513/10 1597/1512/10
f 1601/1516/7 1602/1517/7 1603/1518/7
f 1601/1516/7 1603/1518/7 1604/1519/7
f 1605/1520/9 1606/1521/9 1607/1522/9
f 1608/1523/9 1606/1521/9 1605/1520/9
f 1609/1524/8 1610/1525/8 1611/1526/8
f 1609/1524/8 1612/1527/8 1610/1525/8
f 1613/1528/6 1614/1529/6 1615/1530/6
f 1613/1528/6 1616/1531/6 1614/1529/6
f 1617/1532/5 1618/1533/5 1619/1534/5
f 1617/1532/5 1620/1535/5 1618/1533/5
f 1621/1536/9 1622/1537/9 1623/1538/9
f 1621/1536/9 1624/1539/9 1622/1537/9
f 1625/1540/8 1626/1541/8 1627/1542/8
f 1625/1540/8 1628/1543/8 1626/1541/8
f 1629/1544/10 1630/1545/10 1631/1546/10
f 1629/1544/10 1632/1547/10 1630/1545/10
f 1633/1548/7 1634/1549/7 1635/1550/7
f 1633/1548/7 1636/1551/7 1634/1549/7
f 1637/1552/6 1638/1553/6 1639/1554/6
f 1637/1552/6 1640/1555/6 1638/1553/6
f 1641/1556/5 1642/1557/5 1643/1558/5
f 1641/1556/5 1644/1559/5 1642/1557/5
f 1645/1560/9 1646/1561/9 1647/1562/9
f 1648/1563/9 1646/1561/9 1645/1560/9
f 1649/1564/8 1650/1565/8 1651/1566/8
f 1649/1564/8 1652/1567/8 1650/1565/8
f 1653/1568/10 1654/1569/10 1655/1570/10
f 1656/1571/10 1654/1569/10 1653/1568/10
f 1657/1572/7 1658/1573/7 1659/1574/7
f 1657/1572/7 1660/1575/7 1658/1573/7
f 1661/1576/6 1662/1577/6 1663/1578/6
f 1662/1577/6 1661/1576/6 1664/1579/6
f 1665/1580/5 1666/1581/5 1667/1582/5
f 1668/1583/5 1665/1580/5 1667/1582/5
f 1669/1584/9 1670/1585/9 1671/1586/9
f 1670/1585/9 1669/1584/9 1672/1587/9
f 1673/1588/7 1674/1589/7 1675/1590/7
f 1674/1589/7 1673/1588/7 1676/1591/7
f 1677/1592/10 1678/1593/10 1679/1594/10
f 1678/1593/10 1677/1592/10 1680/1595/10
f 1681/1596/8 1682/1597/8 1683/1598/8
f 1682/1597/8 1681/1596/8 1684/1599/8
f 1685/1600/6 1686/1601/6 1687/1602/6
f 1688/1603/6 1685/1600/6 1687/1602/6
f 1689/1604/5 1690/1602/5 1691/1605/5
f 1692/1606/5 1689/1604/5 1691/1605/5
f 1693/1607/9 1694/1608/9 1695/1609/9
f 1694/1608/9 1693/1607/9 1696/1610/9
f 1697/1611/7 1698/1612/7 1699/1613/7
f 1698/1612/7 1697/1611/7 1700/1614/7
f 1701/1615/10 1702/1616/10 1703/1617/10
f 1702/1616/10 1701/1615/10 1704/1618/10
f 1705/1619/8 1706/1620/8 1707/1621/8
f 1706/1620/8 1705/1619/8 1708/1622/8
f 1709/1623/7 1710/1624/7 1711/1625/7
f 1710/1624/7 1709/1623/7 1712/1626/7
f 1713/1627/6 1714/1628/6 1715/1629/6
f 1716/1604/6 1713/1627/6 1715/1629/6
f 1717/1630/9 1718/1631/9 1719/1632/9
f 1718/1631/9 1717/1630/9 1720/1616/9
f 1721/1633/8 1722/1634/8 1723/1635/8
f 1722/1634/8 1721/1633/8 1724/1636/8
f 1725/1637/10 1726/1638/10 1727/1639/10
f 1726/1638/10 1725/1637/10 1728/1640/10
f 1729/1641/5 1730/1629/5 1731/1642/5
f 1732/1643/5 1729/1641/5 1731/1642/5
f 1733/1644/7 1734/1645/7 1735/1646/7
f 1734/1645/7 1733/1644/7 1736/1647/7
f 1737/1648/6 1738/1582/6 1739/1649/6
f 1738/1582/6 1737/1648/6 1740/1650/6
f 1741/1651/9 1742/1652/9 1743/1653/9
f 1742/1652/9 1741/1651/9 1744/1654/9
f 1745/1655/8 1746/1656/8 1747/1657/8
f 1746/1656/8 1745/1655/8 1748/1658/8
f 1749/1659/10 1750/1660/10 1751/1661/10
f 1750/1660/10 1749/1659/10 1752/1416/10
f 1753/1662/5 1754/1663/5 1755/1664/5
f 1756/1665/5 1753/1662/5 1755/1664/5
f 1757/1666/7 1758/1667/7 1759/1668/7
f 1758/1667/7 1757/1666/7 1760/1669/7
f 1761/1670/6 1762/1671/6 1763/1672/6
f 1764/1673/6 1761/1670/6 1763/1672/6
f 1765/1674/9 1766/1675/9 1767/1676/9
f 1766/1675/9 1765/1674/9 1768/1677/9
f 1769/1678/8 1770/1679/8 1771/1680/8
f 1770/1679/8 1769/1678/8 1772/1681/8
f 1773/1682/10 1774/1683/10 1775/1684/10
f 1774/1683/10 1773/1682/10 1776/1685/10
f 1777/1671/5 1778/1670/5 1779/1686/5
f 1780/1687/5 1777/1671/5 1779/1686/5
f 1781/1688/10 1782/1689/10 1783/1690/10
f 1784/1691/10 1783/1690/10 1782/1689/10
f 1785/1692/9 1786/1693/9 1787/1694/9
f 1788/1695/9 1787/1694/9 1786/1693/9
f 1789/1696/7 1790/1697/7 1791/1698/7
f 1792/1699/7 1791/1698/7 1790/1697/7
f 1793/1700/8 1794/1701/8 1795/1702/8
f 1796/1703/8 1795/1702/8 1794/1701/8
f 1797/1704/5 1798/1705/5 1799/1706/5
f 1798/1705/5 1797/1704/5 1800/1707/5
f 1801/1708/6 1802/1709/6 1803/1710/6
f 1802/1709/6 1801/1708/6 1804/61/6
f 1805/1711/8 1806/1712/8 1807/1713/8
f 1806/1712/8 1805/1711/8 1808/1714/8
f 1809/1715/7 1810/1716/7 1811/898/7
f 1810/1716/7 1809/1715/7 1812/1717/7
f 1813/1718/9 1814/1719/9 1815/1720/9
f 1814/1719/9 1813/1718/9 1816/1721/9
f 1817/1722/5 1818/1723/5 1819/1724/5
f 1820/1725/5 1817/1722/5 1819/1724/5
f 1821/1726/10 1822/1727/10 1823/1728/10
f 1822/1727/10 1821/1726/10 1824/1729/10
f 1825/1730/6 1826/1731/6 1827/1732/6
f 1828/1733/6 1825/1730/6 1827/1732/6
f 1829/1734/8 1830/1735/8 1831/1736/8
f 1830/1735/8 1829/1734/8 1832/1737/8
f 1833/1738/7 1834/1739/7 1835/1740/7
f 1834/1739/7 1833/1738/7 1836/1741/7
f 1837/1742/9 1838/1743/9 1839/1744/9
f 1838/1743/9 1837/1742/9 1840/1745/9
f 1841/1746/5 1842/1747/5 1843/1748/5
f 1844/1749/5 1841/1746/5 1843/1748/5
f 1845/1750/10 1846/1751/10 1847/1752/10
f 1846/1751/10 1845/1750/10 1848/1753/10
f 1849/1754/6 1850/1755/6 1851/1756/6
f 1852/1757/6 1849/1754/6 1851/1756/6
f 1853/1758/8 1854/1759/8 1855/1760/8
f 1854/1759/8 1853/1758/8 1856/1761/8
f 1857/1762/7 1858/1763/7 1859/1764/7
f 1858/1763/7 1857/1762/7 1860/1765/7
f 1861/1766/9 1862/1767/9 1863/1768/9
f 1862/1767/9 1861/1766/9 1864/1769/9
f 1865/1770/5 1866/1771/5 1867/1772/5
f 1868/1773/5 1865/1770/5 1867/1772/5
f 1869/1774/10 1870/1775/10 1871/1776/10
f 1870/1775/10 1869/1774/10 1872/1777/10
f 1873/1771/6 1874/1770/6 1875/1778/6
f 1876/1779/6 1873/1771/6 1875/1778/6
f 1877/1780/10 1878/1781/10 1879/1782/10
f 1878/1781/10 1877/1780/10 1880/1783/10
f 1881/1784/9 1882/1785/9 1883/1786/9
f 1882/1785/9 1881/1784/9 1884/1787/9
f 1885/1788/8 1886/1789/8 1887/1790/8
f 1886/1789/8 1885/1788/8 1888/1791/8
f 1889/1792/5 1890/1793/5 1891/1794/5
f 1889/1792/5 1891/1794/5 1892/1795/5
f 1893/1796/7 1894/1797/7 1895/1798/7
f 1894/1797/7 1893/1796/7 1896/1799/7
f 1897/1800/6 1898/1801/6 1899/1802/6
f 1898/1801/6 1897/1800/6 1900/1803/6
f 1901/1804/10 1902/1805/10 1903/1806/10
f 1902/1805/10 1901/1804/10 1904/1807/10
f 1905/1808/9 1906/1809/9 1907/1810/9
f 1906/1809/9 1905/1808/9 1908/1811/9
f 1909/1812/8 1910/1813/8 1911/1814/8
f 1910/1813/8 1909/1812/8 1912/1815/8
f 1913/1816/5 1914/1817/5 1915/1818/5
f 1913/1816/5 1916/1819/5 1914/1817/5
f 1917/1820/7 1918/1821/7 1919/1822/7
f 1918/1821/7 1917/1820/7 1920/1823/7
f 1921/1824/6 1922/1825/6 1923/1826/6
f 1922/1825/6 1921/1824/6 1924/1827/6
f 1925/1828/10 1926/1829/10 1927/1830/10
f 1926/1829/10 1925/1828/10 1928/1831/10
f 1929/1832/9 1930/1833/9 1931/1834/9
f 1930/1833/9 1929/1832/9 1932/1835/9
f 1933/1836/8 1934/1837/8 1935/1838/8
f 1934/1837/8 1933/1836/8 1936/1839/8
f 1937/1840/5 1938/1841/5 1939/1842/5
f 1937/1840/5 1939/1842/5 1940/1843/5
f 1941/1844/7 1942/1845/7 1943/1846/7
f 1942/1845/7 1941/1844/7 1944/1847/7
f 1945/1848/6 1946/1849/6 1947/1850/6
f 1948/1851/6 1946/1849/6 1945/1848/6
f 1949/1852/7 1950/1853/7 1951/1854/7
f 1950/1853/7 1949/1852/7 1952/1855/7
f 1953/1856/8 1954/1857/8 1955/1858/8
f 1954/1857/8 1953/1856/8 1956/1859/8
f 1957/1860/10 1958/1861/10 1959/1862/10
f 1958/1861/10 1957/1860/10 1960/1863/10
f 1961/1864/5 1962/1865/5 1963/1866/5
f 1962/1865/5 1961/1864/5 1964/1867/5
f 1965/1868/9 1966/1869/9 1967/1870/9
f 1966/1869/9 1965/1868/9 1968/1871/9
f 1969/1872/6 1970/1873/6 1971/1874/6
f 1970/1873/6 1969/1872/6 1972/1875/6
f 1973/1876/7 1974/1877/7 1975/1878/7
f 1974/1877/7 1973/1876/7 1976/1879/7
f 1977/1880/8 1978/1881/8 1979/1882/8
f 1978/1881/8 1977/1880/8 1980/1883/8
f 1981/1884/10 1982/1885/10 1983/1886/10
f 1982/1885/10 1981/1884/10 1984/1887/10
f 1985/1888/5 1986/1889/5 1987/1890/5
f 1986/1889/5 1985/1888/5 1988/1891/5
f 1989/1892/9 1990/1893/9 1991/1894/9
f 1990/1893/9 1989/1892/9 1992/1895/9
f 1993/1896/6 1994/1897/6 1995/1898/6
f 1994/1897/6 1993/1896/6 1996/1899/6
f 1997/1900/7 1998/1901/7 1999/1902/7
f 1998/1901/7 1997/1900/7 2000/1903/7
f 2001/1904/8 2002/1905/8 2003/1906/8
f 2002/1905/8 2001/1904/8 2004/1907/8
f 2005/1908/10 2006/1909/10 2007/1910/10
f 2006/1909/10 2005/1908/10 2008/1911/10
f 2009/1912/5 2010/1913/5 2011/1914/5
f 2010/1913/5 2009/1912/5 2012/1915/5
f 2013/1916/9 2014/1917/9 2015/1918/9
f 2014/1917/9 2013/1916/9 2016/1919/9
f 2017/1920/6 2018/1921/6 2019/1922/6
f 2018/1921/6 2017/1920/6 2020/1923/6
f 2021/1924/9 2022/1925/9 2023/1926/9
f 2022/1925/9 2021/1924/9 2024/1927/9
f 2025/1928/10 2026/1929/10 2027/1930/10
f 2026/1929/10 2025/1928/10 2028/1931/10
f 2029/1932/7 2030/1933/7 2031/1934/7
f 2030/1933/7 2029/1932/7 2032/1935/7
f 2033/1936/5 2034/1937/5 2035/1938/5
f 2034/1937/5 2033/1936/5 2036/1939/5
f 2037/1940/8 2038/1941/8 2039/1942/8
f 2038/1941/8 2037/1940/8 2040/1943/8
f 2041/1944/6 2042/1945/6 2043/1946/6
f 2041/1944/6 2043/1946/6 2044/1947/6
f 2045/1948/9 2046/1949/9 2047/1950/9
f 2046/1949/9 2045/1948/9 2048/1951/9
f 2049/1952/10 2050/1953/10 2051/1954/10
f 2050/1953/10 2049/1952/10 2052/1955/10
f 2053/1956/7 2054/1957/7 2055/1958/7
f 2054/1957/7 2053/1956/7 2056/1959/7
f 2057/1960/5 2058/1961/5 2059/1962/5
f 2058/1961/5 2057/1960/5 2060/1963/5
f 2061/1964/8 2062/1965/8 2063/1966/8
f 2062/1965/8 2061/1964/8 2064/1967/8
f 2065/1968/6 2066/1969/6 2067/1970/6
f 2065/1968/6 2067/1970/6 2068/1971/6
f 2069/1972/9 2070/1973/9 2071/1974/9
f 2070/1973/9 2069/1972/9 2072/1975/9
f 2073/1976/10 2074/1977/10 2075/1758/10
f 2074/1977/10 2073/1976/10 2076/1978/10
f 2077/1979/7 2078/1980/7 2079/1981/7
f 2078/1980/7 2077/1979/7 2080/1982/7
f 2081/1983/5 2082/1984/5 2083/1985/5
f 2084/1986/5 2082/1984/5 2081/1983/5
f 2085/1987/8 2086/1988/8 2087/1989/8
f 2086/1988/8 2085/1987/8 2088/1990/8
f 2089/1991/6 2090/1992/6 2091/1993/6
f 2089/1991/6 2092/1994/6 2090/1992/6
f 2093/1995/8 2094/1996/8 2095/1997/8
f 2094/1996/8 2093/1995/8 2096/1998/8
f 2097/1999/7 2098/2000/7 2099/2001/7
f 2098/2000/7 2097/1999/7 2100/2002/7
f 2101/2003/9 2102/2004/9 2103/2005/9
f 2102/2004/9 2101/2003/9 2104/2006/9
f 2105/2007/5 2106/2008/5 2107/2009/5
f 2106/2008/5 2105/2007/5 2108/2010/5
f 2109/2011/10 2110/2012/10 2111/2013/10
f 2110/2012/10 2109/2011/10 2112/2014/10
f 2113/2015/6 2114/2016/6 2115/2017/6
f 2116/2009/6 2113/2015/6 2115/2017/6
f 2117/2018/6 2118/1444/6 2119/2019/6
f 2118/1444/6 2117/2018/6 2120/1446/6
f 2121/2020/5 2122/2021/5 2123/2019/5
f 2122/2021/5 2121/2020/5 2124/2022/5
f 2125/2023/10 2126/2024/10 2127/2025/10
f 2126/2024/10 2125/2023/10 2128/2026/10
f 2129/2027/8 2130/2028/8 2131/2029/8
f 2130/2028/8 2129/2027/8 2132/2030/8
f 2133/2031/9 2134/2032/9 2135/2033/9
f 2134/2032/9 2133/2031/9 2136/2034/9
f 2137/2035/7 2138/2036/7 2139/2037/7
f 2138/2036/7 2137/2035/7 2140/2038/7
f 2141/2039/8 2142/2040/8 2143/2041/8
f 2141/2039/8 2144/2042/8 2142/2040/8
f 2145/2043/6 2146/2044/6 2147/2045/6
f 2145/2043/6 2148/2046/6 2146/2044/6
f 2149/2047/9 2150/2048/9 2151/2049/9
f 2152/2050/9 2150/2048/9 2149/2047/9
f 2153/2051/7 2154/2052/7 2155/2053/7
f 2153/2051/7 2156/2054/7 2154/2052/7
f 2157/2055/10 2158/2056/10 2159/2057/10
f 2160/2058/10 2158/2056/10 2157/2055/10
f 2161/2059/5 2162/2060/5 2163/2061/5
f 2161/2059/5 2164/2062/5 2162/2060/5
f 2165/2063/6 2166/2020/6 2167/2064/6
f 2166/2020/6 2165/2063/6 2168/2022/6
f 2169/2065/5 2170/2066/5 2171/2064/5
f 2170/2066/5 2169/2065/5 2172/2067/5
f 2173/2068/10 2174/2069/10 2175/2070/10
f 2174/2069/10 2173/2068/10 2176/2071/10
f 2177/2072/8 2178/2029/8 2179/2073/8
f 2178/2029/8 2177/2072/8 2180/2027/8
f 2181/1458/9 2182/2074/9 2183/1456/9
f 2182/2074/9 2181/1458/9 2184/2075/9
f 2185/2076/7 2186/2077/7 2187/2078/7
f 2186/2077/7 2185/2076/7 2188/2079/7
f 2189/2080/6 2190/2081/6 2191/2082/6
f 2190/2081/6 2189/2080/6 2192/2083/6
f 2193/2084/5 2194/2085/5 2195/2082/5
f 2194/2085/5 2193/2084/5 2196/2086/5
f 2197/2087/10 2198/2088/10 2199/2089/10
f 2198/2088/10 2197/2087/10 2200/2090/10
f 2201/2091/8 2202/1394/8 2203/2092/8
f 2202/1394/8 2201/2091/8 2204/1395/8
f 2205/2093/9 2206/2094/9 2207/2095/9
f 2206/2094/9 2205/2093/9 2208/2096/9
f 2209/1680/7 2210/2097/7 2211/1678/7
f 2210/2097/7 2209/1680/7 2212/2098/7
f 2213/2099/6 2214/2065/6 2215/2100/6
f 2214/2065/6 2213/2099/6 2216/2067/6
f 2217/2101/5 2218/2102/5 2219/2100/5
f 2218/2102/5 2217/2101/5 2220/2103/5
f 2221/2104/10 2222/2105/10 2223/2106/10
f 2222/2105/10 2221/2104/10 2224/2107/10
f 2225/2108/8 2226/2109/8 2227/2110/8
f 2226/2109/8 2225/2108/8 2228/2111/8
f 2229/2034/9 2230/2112/9 2231/2032/9
f 2230/2112/9 2229/2034/9 2232/2113/9
f 2233/2114/7 2234/2115/7 2235/2116/7
f 2234/2115/7 2233/2114/7 2236/2117/7
f 2237/2118/6 2238/2119/6 2239/2120/6
f 2238/2119/6 2237/2118/6 2240/2121/6
f 2241/2122/5 2242/2123/5 2243/2124/5
f 2242/2123/5 2241/2122/5 2244/2125/5
f 2245/2126/10 2246/2127/10 2247/2128/10
f 2246/2127/10 2245/2126/10 2248/2129/10
f 2249/2130/8 2250/2131/8 2251/2132/8
f 2250/2131/8 2249/2130/8 2252/2133/8
f 2253/2134/9 2254/2135/9 2255/2136/9
f 2254/2135/9 2253/2134/9 2256/2137/9
f 2257/2138/7 2258/2139/7 2259/2140/7
f 2258/2139/7 2257/2138/7 2260/2141/7
f 2261/2142/7 2262/2143/7 2263/1699/7
f 2262/2143/7 2261/2142/7 2264/2144/7
f 2265/2145/6 2266/2146/6 2267/2147/6
f 2268/2148/6 2265/2145/6 2267/2147/6
f 2269/2149/9 2270/2150/9 2271/2151/9
f 2270/2150/9 2269/2149/9 2272/2152/9
f 2273/2153/8 2274/2154/8 2275/2155/8
f 2274/2154/8 2273/2153/8 2276/2156/8
f 2277/2157/10 2278/2158/10 2279/2159/10
f 2278/2158/10 2277/2157/10 2280/2160/10
f 2281/2161/5 2282/2147/5 2283/2146/5
f 2284/2162/5 2281/2161/5 2283/2146/5
f 2285/2163/6 2286/2164/6 2287/2165/6
f 2286/2164/6 2285/2163/6 2288/2166/6
f 2289/2167/5 2290/2168/5 2291/2169/5
f 2290/2168/5 2289/2167/5 2292/2170/5
f 2293/2074/10 2294/2171/10 2295/2172/10
f 2293/2074/10 2296/2075/10 2294/2171/10
f 2297/2173/7 2298/2174/7 2299/2175/7
f 2297/2173/7 2299/2175/7 2300/2176/7
f 2301/2177/9 2302/2178/9 2303/1659/9
f 2301/2177/9 2303/1659/9 2304/2179/9
f 2305/2180/8 2306/2181/8 2307/2182/8
f 2305/2180/8 2307/2182/8 2308/2183/8
f 2309/2184/8 2310/2185/8 2311/2186/8
f 2309/2184/8 2311/2186/8 2312/2187/8
f 2313/2188/6 2314/2189/6 2315/2190/6
f 2313/2188/6 2315/2190/6 2316/2191/6
f 2317/2192/9 2318/2193/9 2319/2194/9
f 2317/2192/9 2319/2194/9 2320/2195/9
f 2321/2196/7 2322/1647/7 2323/1644/7
f 2321/2196/7 2323/1644/7 2324/2197/7
f 2325/2198/10 2326/2199/10 2327/2200/10
f 2325/2198/10 2327/2200/10 2328/2201/10
f 2329/2202/5 2330/2203/5 2331/2204/5
f 2329/2202/5 2332/2205/5 2330/2203/5
f 2333/2206/6 2334/2207/6 2335/2208/6
f 2334/2207/6 2333/2206/6 2336/2209/6
f 2337/2210/5 2338/2211/5 2339/2212/5
f 2338/2211/5 2337/2210/5 2340/2213/5
f 2341/2214/10 2342/2215/10 2343/2216/10
f 2341/2214/10 2344/2217/10 2342/2215/10
f 2345/2218/7 2346/2219/7 2347/2220/7
f 2345/2218/7 2348/2221/7 2346/2219/7
f 2349/2222/9 2350/2223/9 2351/1592/9
f 2349/2222/9 2351/1592/9 2352/2224/9
f 2353/2225/8 2354/2226/8 2355/2227/8
f 2353/2225/8 2356/2228/8 2354/2226/8
f 2357/1380/6 2358/2229/6 2359/1379/6
f 2360/2230/6 2358/2229/6 2357/1380/6
f 2361/2231/5 2362/2232/5 2363/2233/5
f 2364/2234/5 2362/2232/5 2361/2231/5
f 2365/2235/10 2366/2236/10 2367/2237/10
f 2365/2235/10 2368/2238/10 2366/2236/10
f 2369/2239/7 2370/2091/7 2371/2092/7
f 2369/2239/7 2372/2240/7 2370/2091/7
f 2373/2241/9 2374/2242/9 2375/2243/9
f 2373/2241/9 2376/2244/9 2374/2242/9
f 2377/2240/8 2378/2245/8 2379/2246/8
f 2377/2240/8 2380/2239/8 2378/2245/8
f 2381/2247/6 2382/2248/6 2383/2249/6
f 2382/2248/6 2381/2247/6 2384/2250/6
f 2385/2251/5 2386/2252/5 2387/2253/5
f 2386/2252/5 2385/2251/5 2388/2254/5
f 2389/2255/10 2390/2256/10 2391/2257/10
f 2389/2255/10 2392/2258/10 2390/2256/10
f 2393/2259/7 2394/2260/7 2395/2261/7
f 2393/2259/7 2396/2262/7 2394/2260/7
f 2397/2263/9 2398/2264/9 2399/2265/9
f 2397/2263/9 2400/2266/9 2398/2264/9
f 2401/2227/8 2402/2267/8 2403/2268/8
f 2401/2227/8 2404/2226/8 2402/2267/8
f 2405/1511/6 2406/2269/6 2407/2270/6
f 2408/1510/6 2406/2269/6 2405/1511/6
f 2409/2271/5 2410/2272/5 2411/2273/5
f 2412/2274/5 2410/2272/5 2409/2271/5
f 2413/2275/10 2414/2276/10 2415/2277/10
f 2416/2278/10 2414/2276/10 2413/2275/10
f 2417/2279/7 2418/2280/7 2419/2281/7
f 2417/2279/7 2420/2282/7 2418/2280/7
f 2421/2283/9 2422/2284/9 2423/2285/9
f 2424/2286/9 2422/2284/9 2421/2283/9
f 2425/2287/8 2426/2288/8 2427/2289/8
f 2425/2287/8 2427/2289/8 2428/2290/8
f 2429/2291/7 2430/2292/7 2431/2293/7
f 2430/2292/7 2429/2291/7 2432/2294/7
f 2433/2295/6 2434/2296/6 2435/2297/6
f 2436/2298/6 2433/2295/6 2435/2297/6
f 2437/2299/9 2438/2300/9 2439/2154/9
f 2438/2300/9 2437/2299/9 2440/2301/9
f 2441/2302/8 2442/2303/8 2443/2304/8
f 2442/2303/8 2441/2302/8 2444/2305/8
f 2445/2306/10 2446/2307/10 2447/2308/10
f 2446/2307/10 2445/2306/10 2448/2309/10
f 2449/2310/5 2450/2311/5 2451/2312/5
f 2450/2311/5 2449/2310/5 2452/2313/5
f 2453/2314/6 2454/2315/6 2455/2316/6
f 2453/2314/6 2456/2317/6 2454/2315/6
f 2457/2318/5 2458/2319/5 2459/2320/5
f 2457/2318/5 2459/2320/5 2460/2321/5
f 2461/2322/9 2462/2323/9 2463/2193/9
f 2461/2322/9 2463/2193/9 2464/2192/9
f 2465/2324/8 2466/2325/8 2467/2326/8
f 2465/2324/8 2468/2327/8 2466/2325/8
f 2469/2328/10 2470/1538/10 2471/1537/10
f 2469/2328/10 2472/2329/10 2470/1538/10
f 2473/2330/7 2474/2331/7 2475/2332/7
f 2473/2330/7 2476/2333/7 2474/2331/7
f 2477/2334/8 2478/2335/8 2479/2336/8
f 2477/2334/8 2480/2337/8 2478/2335/8
f 2481/2338/6 2482/2339/6 2483/2340/6
f 2481/2338/6 2484/2341/6 2482/2339/6
f 2485/2342/9 2486/2343/9 2487/2344/9
f 2485/2342/9 2488/2345/9 2486/2343/9
f 2489/2346/7 2490/2347/7 2491/2348/7
f 2489/2346/7 2492/2349/7 2490/2347/7
f 2493/2350/10 2494/2351/10 2495/2352/10
f 2493/2350/10 2496/2353/10 2494/2351/10
f 2497/2354/5 2498/2355/5 2499/2356/5
f 2497/2354/5 2500/2357/5 2498/2355/5
f 2501/2358/6 2502/2359/6 2503/2360/6
f 2501/2358/6 2504/2361/6 2502/2359/6
f 2505/2362/5 2506/2363/5 2507/2364/5
f 2505/2362/5 2508/2365/5 2506/2363/5
f 2509/2366/9 2510/1539/9 2511/1536/9
f 2509/2366/9 2512/2367/9 2510/1539/9
f 2513/2326/8 2514/2368/8 2515/2369/8
f 2513/2326/8 2516/2325/8 2514/2368/8
f 2517/1546/10 2518/2370/10 2519/2371/10
f 2517/1546/10 2520/1545/10 2518/2370/10
f 2521/2372/7 2522/2373/7 2523/2374/7
f 2521/2372/7 2524/2375/7 2522/2373/7
f 2525/2376/6 2526/2377/6 2527/2378/6
f 2525/2376/6 2528/2379/6 2526/2377/6
f 2529/2380/5 2530/2381/5 2531/2382/5
f 2529/2380/5 2531/2382/5 2532/2383/5
f 2533/2384/9 2534/2345/9 2535/2342/9
f 2533/2384/9 2536/2385/9 2534/2345/9
f 2537/2336/8 2538/2386/8 2539/2387/8
f 2537/2336/8 2540/2335/8 2538/2386/8
f 2541/2388/10 2542/2389/10 2543/2390/10
f 2541/2388/10 2544/2391/10 2542/2389/10
f 2545/2392/7 2546/2393/7 2547/2394/7
f 2545/2392/7 2548/2395/7 2546/2393/7
f 2549/2396/6 2550/2397/6 2551/2398/6
f 2549/2396/6 2552/2399/6 2550/2397/6
f 2553/2400/5 2554/2401/5 2555/2402/5
f 2553/2400/5 2556/2403/5 2554/2401/5
f 2557/2404/9 2558/2323/9 2559/2322/9
f 2557/2404/9 2560/2405/9 2558/2323/9
f 2561/2406/8 2562/2407/8 2563/2408/8
f 2561/2406/8 2564/2409/8 2562/2407/8
f 2565/2201/10 2566/2410/10 2567/2411/10
f 2565/2201/10 2568/2200/10 2566/2410/10
f 2569/2412/7 2570/2413/7 2571/2414/7
f 2569/2412/7 2572/2415/7 2570/2413/7
f 2573/2416/6 2574/2417/6 2575/2418/6
f 2573/2416/6 2576/2419/6 2574/2417/6
f 2577/2420/5 2578/2421/5 2579/2422/5
f 2577/2420/5 2580/2423/5 2578/2421/5
f 2581/2424/9 2582/2425/9 2583/2426/9
f 2584/2427/9 2582/2425/9 2581/2424/9
f 2585/2428/8 2586/2429/8 2587/2430/8
f 2585/2428/8 2588/2431/8 2586/2429/8
f 2589/2432/10 2590/2433/10 2591/2434/10
f 2592/2435/10 2590/2433/10 2589/2432/10
f 2593/2436/7 2594/2437/7 2595/2438/7
f 2593/2436/7 2596/2439/7 2594/2437/7
f 2597/2440/6 2598/2441/6 2599/2442/6
f 2600/2443/6 2597/2440/6 2599/2442/6
f 2601/2444/5 2602/2445/5 2603/2446/5
f 2604/2447/5 2601/2444/5 2603/2446/5
f 2605/2448/9 2606/2449/9 2607/2450/9
f 2606/2449/9 2605/2448/9 2608/2451/9
f 2609/2452/7 2610/2453/7 2611/2454/7
f 2610/2453/7 2609/2452/7 2612/2455/7
f 2613/1752/10 2614/2456/10 2615/2457/10
f 2614/2456/10 2613/1752/10 2616/2458/10
f 2617/1988/8 2618/2459/8 2619/2460/8
f 2618/2459/8 2617/1988/8 2620/2461/8
f 2621/2462/6 2622/1664/6 2623/2463/6
f 2622/1664/6 2621/2462/6 2624/2464/6
f 2625/2465/5 2626/2466/5 2627/2467/5
f 2628/2468/5 2625/2465/5 2627/2467/5
f 2629/2469/9 2630/2470/9 2631/2471/9
f 2630/2470/9 2629/2469/9 2632/2472/9
f 2633/2330/7 2634/2473/7 2635/2333/7
f 2634/2473/7 2633/2330/7 2636/2474/7
f 2637/2475/10 2638/2476/10 2639/2477/10
f 2638/2476/10 2637/2475/10 2640/2478/10
f 2641/2479/8 2642/2480/8 2643/2481/8
f 2642/2480/8 2641/2479/8 2644/2482/8
f 2645/2483/6 2646/2467/6 2647/2484/6
f 2646/2467/6 2645/2483/6 2648/2485/6
f 2649/2486/5 2650/2487/5 2651/2488/5
f 2652/2489/5 2649/2486/5 2651/2488/5
f 2653/2490/9 2654/2491/9 2655/2492/9
f 2654/2491/9 2653/2490/9 2656/2493/9
f 2657/2372/7 2658/2494/7 2659/2375/7
f 2658/2494/7 2657/2372/7 2660/2495/7
f 2661/2496/10 2662/2497/10 2663/2498/10
f 2662/2497/10 2661/2496/10 2664/2499/10
f 2665/2481/8 2666/2500/8 2667/2501/8
f 2666/2500/8 2665/2481/8 2668/2480/8
f 2669/2502/6 2670/2503/6 2671/1687/6
f 2672/1686/6 2669/2502/6 2671/1687/6
f 2673/2503/5 2674/2502/5 2675/2504/5
f 2676/2505/5 2673/2503/5 2675/2504/5
f 2677/2236/9 2678/2506/9 2679/2507/9
f 2678/2506/9 2677/2236/9 2680/2508/9
f 2681/2509/7 2682/2510/7 2683/2511/7
f 2682/2510/7 2681/2509/7 2684/2512/7
f 2685/2513/10 2686/2514/10 2687/2515/10
f 2686/2514/10 2685/2513/10 2688/2516/10
f 2689/2517/8 2690/2518/8 2691/2519/8
f 2690/2518/8 2689/2517/8 2692/2520/8
f 2693/2521/6 2694/2488/6 2695/2522/6
f 2694/2488/6 2693/2521/6 2696/2523/6
f 2697/2524/5 2698/2525/5 2699/2526/5
f 2700/2527/5 2697/2524/5 2699/2526/5
f 2701/2472/9 2702/2528/9 2703/2470/9
f 2702/2528/9 2701/2472/9 2704/2529/9
f 2705/2530/7 2706/2531/7 2707/2532/7
f 2706/2531/7 2705/2530/7 2708/2533/7
f 2709/2534/10 2710/2535/10 2711/2536/10
f 2710/2535/10 2709/2534/10 2712/2266/10
f 2713/2537/8 2714/2538/8 2715/2539/8
f 2714/2538/8 2713/2537/8 2716/2540/8
f 2717/1643/6 2718/2541/6 2719/2542/6
f 2720/1641/6 2717/1643/6 2719/2542/6
f 2721/2543/5 2722/2542/5 2723/2541/5
f 2724/2544/5 2721/2543/5 2723/2541/5
f 2725/2545/9 2726/2546/9 2727/2547/9
f 2726/2546/9 2725/2545/9 2728/2548/9
f 2729/2549/7 2730/2550/7 2731/2551/7
f 2730/2550/7 2729/2549/7 2732/2552/7
f 2733/1632/10 2734/2553/10 2735/1630/10
f 2734/2553/10 2733/1632/10 2736/2554/10
f 2737/2140/8 2738/2555/8 2739/2138/8
f 2738/2555/8 2737/2140/8 2740/2556/8
f 2741/2557/6 2742/2558/6 2743/2559/6
f 2742/2558/6 2741/2557/6 2744/2560/6
f 2745/2561/5 2746/2557/5 2747/2559/5
f 2746/2557/5 2745/2561/5 2748/2562/5
f 2749/2563/10 2750/2564/10 2751/2565/10
f 2750/2564/10 2749/2563/10 2752/2566/10
f 2753/2567/8 2754/2568/8 2755/2569/8
f 2754/2568/8 2753/2567/8 2756/2570/8
f 2757/2571/9 2758/2572/9 2759/2573/9
f 2758/2572/9 2757/2571/9 2760/2574/9
f 2761/2575/7 2762/2576/7 2763/2577/7
f 2762/2576/7 2761/2575/7 2764/2578/7
f 2765/2579/6 2766/2580/6 2767/2581/6
f 2766/2580/6 2765/2579/6 2768/2582/6
f 2769/2579/5 2770/2583/5 2771/2582/5
f 2770/2583/5 2769/2579/5 2772/2584/5
f 2773/2585/10 2774/2586/10 2775/2587/10
f 2774/2586/10 2773/2585/10 2776/2588/10
f 2777/2589/8 2778/2590/8 2779/2591/8
f 2778/2590/8 2777/2589/8 2780/2592/8
f 2781/2588/9 2782/2593/9 2783/2594/9
f 2782/2593/9 2781/2588/9 2784/2595/9
f 2785/2596/7 2786/2597/7 2787/2598/7
f 2786/2597/7 2785/2596/7 2788/2599/7
f 2789/2600/6 2790/2601/6 2791/2602/6
f 2790/2601/6 2789/2600/6 2792/2603/6
f 2793/2604/5 2794/2605/5 2795/2606/5
f 2794/2605/5 2793/2604/5 2796/2607/5
f 2797/2608/10 2798/2609/10 2799/2610/10
f 2798/2609/10 2797/2608/10 2800/2611/10
f 2801/2612/8 2802/2613/8 2803/2614/8
f 2802/2613/8 2801/2612/8 2804/2615/8
f 2805/2616/9 2806/1436/9 2807/2617/9
f 2806/1436/9 2805/2616/9 2808/2618/9
f 2809/2619/7 2810/2620/7 2811/2621/7
f 2810/2620/7 2809/2619/7 2812/2622/7
f 2813/2623/6 2814/2624/6 2815/2625/6
f 2816/2626/6 2814/2624/6 2813/2623/6
f 2817/2627/5 2818/2628/5 2819/2629/5
f 2820/2630/5 2818/2628/5 2817/2627/5
f 2821/2631/10 2822/2632/10 2823/2633/10
f 2821/2631/10 2824/2634/10 2822/2632/10
f 2825/2635/7 2826/2636/7 2827/1388/7
f 2825/2635/7 2827/1388/7 2828/1385/7
f 2829/2637/9 2830/2638/9 2831/2639/9
f 2829/2637/9 2832/2640/9 2830/2638/9
f 2833/2246/8 2834/2641/8 2835/2642/8
f 2833/2246/8 2836/2245/8 2834/2641/8
f 2837/2643/6 2838/2644/6 2839/2645/6
f 2840/2646/6 2838/2644/6 2837/2643/6
f 2841/2647/5 2842/2645/5 2843/2644/5
f 2844/2648/5 2842/2645/5 2841/2647/5
f 2845/2649/10 2846/2650/10 2847/2651/10
f 2845/2649/10 2848/2652/10 2846/2650/10
f 2849/2653/7 2850/2654/7 2851/2655/7
f 2849/2653/7 2851/2655/7 2852/2656/7
f 2853/2651/9 2854/2657/9 2855/2658/9
f 2853/2651/9 2855/2658/9 2856/2649/9
f 2857/2174/8 2858/2659/8 2859/2660/8
f 2857/2174/8 2860/2661/8 2858/2659/8
f 2861/2662/6 2862/2663/6 2863/2664/6
f 2864/2665/6 2862/2663/6 2861/2662/6
f 2865/2666/5 2866/2667/5 2867/2668/5
f 2868/2669/5 2866/2667/5 2865/2666/5
f 2869/2670/10 2870/2671/10 2871/2672/10
f 2872/2673/10 2870/2671/10 2869/2670/10
f 2873/2674/7 2874/2675/7 2875/2676/7
f 2873/2674/7 2876/2677/7 2874/2675/7
f 2877/2678/9 2878/2679/9 2879/2680/9
f 2880/2681/9 2878/2679/9 2877/2678/9
f 2881/2682/8 2882/2683/8 2883/2684/8
f 2881/2682/8 2883/2684/8 2884/2685/8
f 2885/2686/6 2886/2687/6 2887/2688/6
f 2885/2686/6 2888/2689/6 2886/2687/6
f 2889/2690/5 2890/2687/5 2891/2689/5
f 2890/2687/5 2889/2690/5 2892/2691/5
f 2893/2572/9 2894/2692/9 2895/2693/9
f 2893/2572/9 2895/2693/9 2896/2573/9
f 2897/2694/8 2898/2695/8 2899/2696/8
f 2897/2694/8 2899/2696/8 2900/2697/8
f 2901/2698/10 2902/2699/10 2903/2700/10
f 2901/2698/10 2904/2701/10 2902/2699/10
f 2905/2702/7 2906/2703/7 2907/2704/7
f 2905/2702/7 2908/2705/7 2906/2703/7
f 2909/2706/6 2910/2707/6 2911/2708/6
f 2909/2706/6 2911/2708/6 2912/2709/6
f 2913/2710/5 2914/2711/5 2915/2712/5
f 2914/2711/5 2913/2710/5 2916/2713/5
f 2917/2593/9 2918/2714/9 2919/2594/9
f 2917/2593/9 2920/2715/9 2918/2714/9
f 2921/2716/8 2922/2717/8 2923/2718/8
f 2921/2716/8 2923/2718/8 2924/2719/8
f 2925/2720/10 2926/2721/10 2927/2722/10
f 2925/2720/10 2928/2723/10 2926/2721/10
f 2929/2724/7 2930/2725/7 2931/2407/7
f 2929/2724/7 2932/2726/7 2930/2725/7
f 2933/2727/6 2934/2728/6 2935/2729/6
f 2934/2728/6 2933/2727/6 2936/2730/6
f 2937/2731/5 2938/2732/5 2939/2733/5
f 2937/2731/5 2939/2733/5 2940/2734/5
f 2941/2616/9 2942/2735/9 2943/2736/9
f 2944/2737/9 2942/2735/9 2941/2616/9
f 2945/2738/8 2946/2739/8 2947/2740/8
f 2945/2738/8 2948/2741/8 2946/2739/8
f 2949/2742/10 2950/2743/10 2951/1561/10
f 2952/2744/10 2950/2743/10 2949/2742/10
f 2953/2745/7 2954/2746/7 2955/2747/7
f 2953/2745/7 2955/2747/7 2956/2748/7
f 2957/2749/6 2958/2750/6 2959/2751/6
f 2960/2752/6 2957/2749/6 2959/2751/6
f 2961/2753/5 2962/2754/5 2963/2755/5
f 2964/2756/5 2961/2753/5 2963/2755/5
f 2965/2757/9 2966/2758/9 2967/2759/9
f 2966/2758/9 2965/2757/9 2968/2760/9
f 2969/2761/7 2970/2762/7 2971/2763/7
f 2970/2762/7 2969/2761/7 2972/2764/7
f 2973/2765/10 2974/2632/10 2975/2766/10
f 2974/2632/10 2973/2765/10 2976/2767/10
f 2977/2768/8 2978/2769/8 2979/2770/8
f 2978/2769/8 2977/2768/8 2980/2771/8
f 2981/2772/6 2982/2773/6 2983/2774/6
f 2982/2773/6 2981/2772/6 2984/2775/6
f 2985/2772/5 2986/2774/5 2987/2776/5
f 2988/2777/5 2985/2772/5 2987/2776/5
f 2989/2778/9 2990/2779/9 2991/2780/9
f 2990/2779/9 2989/2778/9 2992/2781/9
f 2993/2782/7 2994/2783/7 2995/2784/7
f 2994/2783/7 2993/2782/7 2996/2785/7
f 2997/2786/10 2998/2787/10 2999/2779/10
f 2998/2787/10 2997/2786/10 3000/2788/10
f 3001/2789/8 3002/2790/8 3003/2791/8
f 3002/2790/8 3001/2789/8 3004/2792/8
f 3005/2793/6 3006/2794/6 3007/2795/6
f 3008/2796/6 3005/2793/6 3007/2795/6
f 3009/2797/5 3010/2798/5 3011/2799/5
f 3012/2800/5 3009/2797/5 3011/2799/5
f 3013/2801/9 3014/2802/9 3015/2803/9
f 3014/2802/9 3013/2801/9 3016/2804/9
f 3017/2805/7 3018/2806/7 3019/2807/7
f 3018/2806/7 3017/2805/7 3020/2808/7
f 3021/2809/10 3022/2810/10 3023/2811/10
f 3022/2810/10 3021/2809/10 3024/2812/10
f 3025/2674/8 3026/2813/8 3027/2814/8
f 3026/2813/8 3025/2674/8 3028/2676/8
f 3029/2815/6 3030/2816/6 3031/2817/6
f 3030/2816/6 3029/2815/6 3032/2818/6
f 3033/2819/5 3034/2820/5 3035/2821/5
f 3034/2820/5 3033/2819/5 3036/2822/5
f 3037/2823/10 3038/2824/10 3039/2825/10
f 3038/2824/10 3037/2823/10 3040/2758/10
f 3041/2826/8 3042/2827/8 3043/2828/8
f 3042/2827/8 3041/2826/8 3044/2697/8
f 3045/2829/9 3046/2830/9 3047/2831/9
f 3046/2830/9 3045/2829/9 3048/2832/9
f 3049/1327/7 3050/2833/7 3051/1325/7
f 3050/2833/7 3049/1327/7 3052/2834/7
f 3053/2835/6 3054/2836/6 3055/2837/6
f 3054/2836/6 3053/2835/6 3056/2838/6
f 3057/2839/5 3058/2840/5 3059/2841/5
f 3058/2840/5 3057/2839/5 3060/2842/5
f 3061/2843/10 3062/2844/10 3063/2845/10
f 3062/2844/10 3061/2843/10 3064/2846/10
f 3065/2847/8 3066/2848/8 3067/2849/8
f 3066/2848/8 3065/2847/8 3068/2850/8
f 3069/2851/9 3070/2852/9 3071/2853/9
f 3070/2852/9 3069/2851/9 3072/2854/9
f 3073/2855/7 3074/2539/7 3075/2538/7
f 3074/2539/7 3073/2855/7 3076/2856/7
f 3077/2857/6 3078/2858/6 3079/2859/6
f 3078/2858/6 3077/2857/6 3080/2860/6
f 3081/2860/5 3082/2861/5 3083/2862/5
f 3082/2861/5 3081/2860/5 3084/2857/5
f 3085/2742/10 3086/2863/10 3087/2864/10
f 3086/2863/10 3085/2742/10 3088/2865/10
f 3089/2866/8 3090/2867/8 3091/2868/8
f 3090/2867/8 3089/2866/8 3092/2869/8
f 3093/2870/9 3094/2871/9 3095/2872/9
f 3094/2871/9 3093/2870/9 3096/2863/9
f 3097/2873/7 3098/2874/7 3099/2875/7
f 3098/2874/7 3097/2873/7 3100/2876/7
f 3101/2877/6 3102/2878/6 3103/2879/6
f 3104/2880/6 3102/2878/6 3101/2877/6
f 3105/2881/5 3106/2880/5 3107/2882/5
f 3108/2878/5 3106/2880/5 3105/2881/5
f 3109/1312/10 3110/2883/10 3111/2884/10
f 3109/1312/10 3112/2885/10 3110/2883/10
f 3113/2886/7 3114/2887/7 3115/2888/7
f 3113/2886/7 3115/2888/7 3116/2889/7
f 3117/2890/9 3118/2884/9 3119/2891/9
f 3117/2890/9 3120/2892/9 3118/2884/9
f 3121/2826/8 3122/2828/8 3123/2893/8
f 3121/2826/8 3123/2893/8 3124/2894/8
f 3125/2710/6 3126/2895/6 3127/2713/6
f 3126/2895/6 3125/2710/6 3128/2896/6
f 3129/2897/5 3130/2898/5 3131/2899/5
f 3130/2898/5 3129/2897/5 3132/2900/5
f 3133/2901/10 3134/2902/10 3135/2903/10
f 3133/2901/10 3135/2903/10 3136/2904/10
f 3137/2905/7 3138/2906/7 3139/2654/7
f 3137/2905/7 3139/2654/7 3140/2907/7
f 3141/2908/9 3142/2909/9 3143/2910/9
f 3141/2908/9 3144/2911/9 3142/2909/9
f 3145/2847/8 3146/2849/8 3147/2912/8
f 3145/2847/8 3147/2912/8 3148/2913/8
f 3149/2274/6 3150/2914/6 3151/2915/6
f 3152/2271/6 3150/2914/6 3149/2274/6
f 3153/2916/5 3154/2917/5 3155/2918/5
f 3156/2919/5 3154/2917/5 3153/2916/5
f 3157/2920/10 3158/2921/10 3159/2922/10
f 3160/2923/10 3158/2921/10 3157/2920/10
f 3161/2924/7 3162/2925/7 3163/2926/7
f 3161/2924/7 3164/2927/7 3162/2925/7
f 3165/2928/9 3166/2929/9 3167/2930/9
f 3168/2920/9 3166/2929/9 3165/2928/9
f 3169/2931/8 3170/2932/8 3171/2052/8
f 3169/2931/8 3172/2933/8 3170/2932/8
f 3173/2934/6 3174/2935/6 3175/2936/6
f 3174/2935/6 3173/2934/6 3176/2937/6
f 3177/2938/5 3178/2939/5 3179/2940/5
f 3178/2939/5 3177/2938/5 3180/2941/5
f 3181/2942/10 3182/2943/10 3183/2944/10
f 3182/2943/10 3181/2942/10 3184/2945/10
f 3185/2946/8 3186/2947/8 3187/2948/8
f 3186/2947/8 3185/2946/8 3188/2949/8
f 3189/2950/9 3190/2951/9 3191/2952/9
f 3190/2951/9 3189/2950/9 3192/2953/9
f 3193/2954/7 3194/2955/7 3195/2956/7
f 3194/2955/7 3193/2954/7 3196/2957/7
f 3197/2958/6 3198/2959/6 3199/2960/6
f 3200/2961/6 3198/2959/6 3197/2958/6
f 3201/2960/5 3202/2962/5 3203/2958/5
f 3204/2963/5 3202/2962/5 3201/2960/5
f 3205/2964/10 3206/2965/10 3207/2966/10
f 3205/2964/10 3208/2967/10 3206/2965/10
f 3209/2968/7 3210/2969/7 3211/2970/7
f 3209/2968/7 3212/2971/7 3210/2969/7
f 3213/2972/9 3214/2973/9 3215/2974/9
f 3213/2972/9 3216/2975/9 3214/2973/9
f 3217/2976/8 3218/2977/8 3219/2978/8
f 3217/2976/8 3220/2979/8 3218/2977/8
f 3221/2980/6 3222/2981/6 3223/2982/6
f 3221/2980/6 3224/2983/6 3222/2981/6
f 3225/2984/5 3226/2985/5 3227/2986/5
f 3225/2984/5 3228/2987/5 3226/2985/5
f 3229/2951/9 3230/2988/9 3231/2952/9
f 3229/2951/9 3232/2989/9 3230/2988/9
f 3233/2978/8 3234/2990/8 3235/2991/8
f 3233/2978/8 3236/2977/8 3234/2990/8
f 3237/2992/10 3238/2993/10 3239/2994/10
f 3237/2992/10 3239/2994/10 3240/2995/10
f 3241/2996/7 3242/2997/7 3243/2998/7
f 3241/2996/7 3243/2998/7 3244/2999/7
f 3245/3000/7 3246/3001/7 3247/3002/7
f 3246/3001/7 3245/3000/7 3248/3003/7
f 3249/3004/6 3250/3005/6 3251/3006/6
f 3252/3007/6 3249/3004/6 3251/3006/6
f 3253/3008/9 3254/3009/9 3255/3010/9
f 3254/3009/9 3253/3008/9 3256/3011/9
f 3257/3012/8 3258/3013/8 3259/3014/8
f 3258/3013/8 3257/3012/8 3260/3015/8
f 3261/3016/10 3262/3017/10 3263/3018/10
f 3262/3017/10 3261/3016/10 3264/3019/10
f 3265/3020/5 3266/3021/5 3267/3022/5
f 3268/3023/5 3265/3020/5 3267/3022/5
f 3269/3024/6 3270/3025/6 3271/3026/6
f 3270/3025/6 3269/3024/6 3272/3027/6
f 3273/3028/5 3274/3029/5 3275/3030/5
f 3274/3029/5 3273/3028/5 3276/3031/5
f 3277/3032/10 3278/3033/10 3279/3034/10
f 3278/3033/10 3277/3032/10 3280/3035/10
f 3281/3036/8 3282/3037/8 3283/3038/8
f 3282/3037/8 3281/3036/8 3284/3039/8
f 3285/3040/9 3286/3041/9 3287/3042/9
f 3286/3041/9 3285/3040/9 3288/3043/9
f 3289/3044/7 3290/3045/7 3291/3046/7
f 3290/3045/7 3289/3044/7 3292/3047/7
f 3293/3048/6 3294/3049/6 3295/3050/6
f 3294/3049/6 3293/3048/6 3296/3051/6
f 3297/3052/5 3298/3053/5 3299/3050/5
f 3298/3053/5 3297/3052/5 3300/3054/5
f 3301/3055/10 3302/3056/10 3303/3057/10
f 3302/3056/10 3301/3055/10 3304/3058/10
f 3305/3059/8 3306/3060/8 3307/3061/8
f 3306/3060/8 3305/3059/8 3308/3062/8
f 3309/3063/9 3310/3064/9 3311/3065/9
f 3310/3064/9 3309/3063/9 3312/3066/9
f 3313/3067/7 3314/3068/7 3315/3069/7
f 3314/3068/7 3313/3067/7 3316/3070/7
f 3317/3071/6 3318/3072/6 3319/3073/6
f 3320/3074/6 3318/3072/6 3317/3071/6
f 3321/3075/5 3322/3076/5 3323/3077/5
f 3324/3078/5 3322/3076/5 3321/3075/5
f 3325/3079/10 3326/3080/10 3327/3081/10
f 3325/3079/10 3327/3081/10 3328/3082/10
f 3329/3083/7 3330/3084/7 3331/3085/7
f 3329/3083/7 3331/3085/7 3332/3086/7
f 3333/3087/9 3334/3088/9 3335/3089/9
f 3333/3087/9 3336/3090/9 3334/3088/9
f 3337/3091/8 3338/3083/8 3339/3092/8
f 3337/3091/8 3339/3092/8 3340/3093/8
f 3341/3094/6 3342/3095/6 3343/3096/6
f 3344/3097/6 3342/3095/6 3341/3094/6
f 3345/3098/5 3346/3097/5 3347/3099/5
f 3348/3095/5 3346/3097/5 3345/3098/5
f 3349/3100/10 3350/3101/10 3351/3102/10
f 3349/3100/10 3352/3103/10 3350/3101/10
f 3353/3104/7 3354/3105/7 3355/3106/7
f 3353/3104/7 3355/3106/7 3356/3107/7
f 3357/3108/9 3358/3109/9 3359/3110/9
f 3357/3108/9 3359/3110/9 3360/3111/9
f 3361/3112/8 3362/3104/8 3363/3113/8
f 3361/3112/8 3363/3113/8 3364/3114/8
f 3365/3115/6 3366/3116/6 3367/3117/6
f 3365/3115/6 3368/3118/6 3366/3116/6
f 3369/3119/5 3370/3120/5 3371/3121/5
f 3369/3119/5 3371/3121/5 3372/3122/5
f 3373/3123/9 3374/3124/9 3375/3125/9
f 3373/3123/9 3376/3126/9 3374/3124/9
f 3377/2197/8 3378/3127/8 3379/3128/8
f 3377/2197/8 3379/3128/8 3380/2196/8
f 3381/3129/10 3382/3124/10 3383/3126/10
f 3381/3129/10 3383/3126/10 3384/3130/10
f 3385/3131/7 3386/3132/7 3387/3133/7
f 3385/3131/7 3388/3134/7 3386/3132/7
f 3389/3135/6 3390/3136/6 3391/3137/6
f 3389/3135/6 3391/3137/6 3392/3138/6
f 3393/3139/5 3394/3140/5 3395/3141/5
f 3393/3139/5 3395/3141/5 3396/3142/5
f 3397/3143/9 3398/2892/9 3399/2890/9
f 3397/3143/9 3400/3144/9 3398/2892/9
f 3401/3145/8 3402/3146/8 3403/3147/8
f 3401/3145/8 3403/3147/8 3404/2392/8
f 3405/3148/10 3406/3149/10 3407/3150/10
f 3405/3148/10 3407/3150/10 3408/3151/10
f 3409/3152/7 3410/3153/7 3411/3154/7
f 3409/3152/7 3412/3155/7 3410/3153/7
f 3413/2512/7 3414/3156/7 3415/2510/7
f 3414/3156/7 3413/2512/7 3416/3157/7
f 3417/3158/6 3418/3159/6 3419/3160/6
f 3420/3161/6 3417/3158/6 3419/3160/6
f 3421/3162/9 3422/3163/9 3423/3164/9
f 3422/3163/9 3421/3162/9 3424/3165/9
f 3425/3166/8 3426/3167/8 3427/3168/8
f 3426/3167/8 3425/3166/8 3428/3169/8
f 3429/3170/10 3430/3171/10 3431/3172/10
f 3430/3171/10 3429/3170/10 3432/3173/10
f 3433/3159/5 3434/3158/5 3435/3174/5
f 3436/3175/5 3433/3159/5 3435/3174/5
f 3437/3176/7 3438/3177/7 3439/3178/7
f 3438/3177/7 3437/3176/7 3440/3179/7
f 3441/3180/6 3442/3181/6 3443/3182/6
f 3442/3181/6 3441/3180/6 3444/3183/6
f 3445/3184/9 3446/3185/9 3447/3186/9
f 3446/3185/9 3445/3184/9 3448/3187/9
f 3449/3188/8 3450/3189/8 3451/3190/8
f 3450/3189/8 3449/3188/8 3452/2789/8
f 3453/3191/10 3454/3192/10 3455/3193/10
f 3454/3192/10 3453/3191/10 3456/3194/10
f 3457/3195/5 3458/3183/5 3459/3180/5
f 3460/3196/5 3457/3195/5 3459/3180/5
f 3461/3197/6 3462/3198/6 3463/3199/6
f 3462/3198/6 3461/3197/6 3464/3200/6
f 3465/3201/5 3466/3202/5 3467/3203/5
f 3466/3202/5 3465/3201/5 3468/3204/5
f 3469/3205/10 3470/3206/10 3471/3207/10
f 3470/3206/10 3469/3205/10 3472/3208/10
f 3473/3209/8 3474/3210/8 3475/3211/8
f 3474/3210/8 3473/3209/8 3476/3212/8
f 3477/3213/9 3478/3214/9 3479/3215/9
f 3478/3214/9 3477/3213/9 3480/3216/9
f 3481/3217/7 3482/3218/7 3483/3219/7
f 3482/3218/7 3481/3217/7 3484/3220/7
f 3485/3221/6 3486/3222/6 3487/3223/6
f 3486/3222/6 3485/3221/6 3488/3224/6
f 3489/3225/5 3490/3226/5 3491/3227/5
f 3490/3226/5 3489/3225/5 3492/3228/5
f 3493/3229/10 3494/3230/10 3495/3231/10
f 3494/3230/10 3493/3229/10 3496/3232/10
f 3497/3233/8 3498/3234/8 3499/3235/8
f 3498/3234/8 3497/3233/8 3500/3236/8
f 3501/3237/9 3502/3238/9 3503/3239/9
f 3502/3238/9 3501/3237/9 3504/3240/9
f 3505/3241/7 3506/3242/7 3507/3243/7
f 3506/3242/7 3505/3241/7 3508/3244/7
f 3509/3245/6 3510/3246/6 3511/3247/6
f 3512/3248/6 3510/3246/6 3509/3245/6
f 3513/3249/5 3514/3250/5 3515/3251/5
f 3516/3252/5 3514/3250/5 3513/3249/5
f 3517/3253/10 3518/2478/10 3519/2475/10
f 3517/3253/10 3519/2475/10 3520/3254/10
f 3521/3255/7 3522/3256/7 3523/3257/7
f 3521/3255/7 3523/3257/7 3524/3258/7
f 3525/3259/9 3526/3260/9 3527/3261/9
f 3525/3259/9 3528/3262/9 3526/3260/9
f 3529/3263/8 3530/3264/8 3531/3265/8
f 3529/3263/8 3531/3265/8 3532/3266/8
f 3533/3267/6 3534/2963/6 3535/3268/6
f 3536/2962/6 3534/2963/6 3533/3267/6
f 3537/3268/5 3538/3269/5 3539/3267/5
f 3540/3270/5 3538/3269/5 3537/3268/5
f 3541/3271/10 3542/3272/10 3543/3273/10
f 3544/3274/10 3542/3272/10 3541/3271/10
f 3545/3275/7 3546/3276/7 3547/3277/7
f 3545/3275/7 3547/3277/7 3548/3278/7
f 3549/3279/9 3550/3280/9 3551/3281/9
f 3552/3282/9 3550/3280/9 3549/3279/9
f 3553/3283/8 3554/3243/8 3555/3242/8
f 3553/3283/8 3555/3242/8 3556/3284/8
f 3557/3285/6 3558/3286/6 3559/3287/6
f 3557/3285/6 3560/3288/6 3558/3286/6
f 3561/3289/5 3562/3290/5 3563/3291/5
f 3561/3289/5 3563/3291/5 3564/3292/5
f 3565/3293/9 3566/3294/9 3567/2411/9
f 3565/3293/9 3567/2411/9 3568/3295/9
f 3569/3176/8 3570/3296/8 3571/3297/8
f 3569/3176/8 3571/3297/8 3572/3298/8
f 3573/3299/10 3574/3300/10 3575/3301/10
f 3573/3299/10 3575/3301/10 3576/3302/10
f 3577/3303/7 3578/3304/7 3579/3305/7
f 3577/3303/7 3579/3305/7 3580/3306/7
f 3581/3307/6 3582/3308/6 3583/3309/6
f 3581/3307/6 3583/3309/6 3584/3310/6
f 3585/3311/5 3586/3312/5 3587/3313/5
f 3585/3311/5 3587/3313/5 3588/3314/5
f 3589/3315/9 3590/3316/9 3591/3317/9
f 3592/3318/9 3590/3316/9 3589/3315/9
f 3593/3319/8 3594/3320/8 3595/3321/8
f 3593/3319/8 3595/3321/8 3596/3322/8
f 3597/3323/10 3598/3324/10 3599/3325/10
f 3600/3326/10 3598/3324/10 3597/3323/10
f 3601/3327/7 3602/3328/7 3603/3329/7
f 3601/3327/7 3603/3329/7 3604/3330/7
f 3605/3331/6 3606/3195/6 3607/3332/6
f 3606/3195/6 3605/3331/6 3608/3333/6
f 3609/3334/5 3610/3333/5 3611/3331/5
f 3612/3335/5 3609/3334/5 3611/3331/5
f 3613/3216/9 3614/3336/9 3615/3214/9
f 3614/3336/9 3613/3216/9 3616/3337/9
f 3617/3338/7 3618/3339/7 3619/3340/7
f 3618/3339/7 3617/3338/7 3620/3341/7
f 3621/3342/10 3622/3343/10 3623/3344/10
f 3622/3343/10 3621/3342/10 3624/3345/10
f 3625/3346/8 3626/3190/8 3627/3347/8
f 3626/3190/8 3625/3346/8 3628/3188/8
f 3629/3348/6 3630/3349/6 3631/3350/6
f 3632/3351/6 3629/3348/6 3631/3350/6
f 3633/3352/5 3634/3353/5 3635/3354/5
f 3636/3355/5 3633/3352/5 3635/3354/5
f 3637/3356/9 3638/3357/9 3639/3358/9
f 3638/3357/9 3637/3356/9 3640/3359/9
f 3641/3360/7 3642/3361/7 3643/3362/7
f 3642/3361/7 3641/3360/7 3644/3363/7
f 3645/3364/10 3646/3365/10 3647/3366/10
f 3646/3365/10 3645/3364/10 3648/3367/10
f 3649/3368/8 3650/3369/8 3651/3370/8
f 3650/3369/8 3649/3368/8 3652/3371/8
f 3653/3372/6 3654/3373/6 3655/3374/6
f 3654/3373/6 3653/3372/6 3656/3375/6
f 3657/3376/5 3658/3377/5 3659/3378/5
f 3658/3377/5 3657/3376/5 3660/3379/5
f 3661/3380/10 3662/3381/10 3663/3382/10
f 3662/3381/10 3661/3380/10 3664/3383/10
f 3665/3384/8 3666/3385/8 3667/3386/8
f 3666/3385/8 3665/3384/8 3668/3387/8
f 3669/3388/9 3670/3389/9 3671/3390/9
f 3670/3389/9 3669/3388/9 3672/3391/9
f 3673/3392/7 3674/3393/7 3675/3394/7
f 3674/3393/7 3673/3392/7 3676/3395/7
f 3677/3396/6 3678/3397/6 3679/3398/6
f 3678/3397/6 3677/3396/6 3680/3399/6
f 3681/3400/5 3682/3401/5 3683/3402/5
f 3682/3401/5 3681/3400/5 3684/3403/5
f 3685/3404/10 3686/3405/10 3687/3406/10
f 3686/3405/10 3685/3404/10 3688/3407/10
f 3689/3408/8 3690/3113/8 3691/3409/8
f 3690/3113/8 3689/3408/8 3692/3114/8
f 3693/3410/9 3694/3411/9 3695/3412/9
f 3694/3411/9 3693/3410/9 3696/3413/9
f 3697/2834/7 3698/3414/7 3699/2833/7
f 3698/3414/7 3697/2834/7 3700/3415/7
f 3701/3416/6 3702/3417/6 3703/3418/6
f 3702/3417/6 3701/3416/6 3704/3419/6
f 3705/3420/5 3706/3421/5 3707/3422/5
f 3706/3421/5 3705/3420/5 3708/3423/5
f 3709/3424/10 3710/3194/10 3711/3191/10
f 3710/3194/10 3709/3424/10 3712/3425/10
f 3713/3426/8 3714/3427/8 3715/3428/8
f 3714/3427/8 3713/3426/8 3716/3429/8
f 3717/3344/9 3718/3430/9 3719/3342/9
f 3718/3430/9 3717/3344/9 3720/3431/9
f 3721/3432/7 3722/3433/7 3723/3434/7
f 3722/3433/7 3721/3432/7 3724/3435/7
f 3725/3436/6 3726/3313/6 3727/3437/6
f 3726/3313/6 3725/3436/6 3728/3438/6
f 3729/3439/5 3730/3440/5 3731/3441/5
f 3730/3440/5 3729/3439/5 3732/3442/5
f 3733/3232/10 3734/3443/10 3735/3230/10
f 3734/3443/10 3733/3232/10 3736/3444/10
f 3737/3445/8 3738/3446/8 3739/3447/8
f 3738/3446/8 3737/3445/8 3740/1760/8
f 3741/3448/9 3742/3449/9 3743/3450/9
f 3742/3449/9 3741/3448/9 3744/1615/9
f 3745/3451/7 3746/1760/7 3747/3452/7
f 3746/1760/7 3745/3451/7 3748/3446/7
f 3749/3453/6 3750/3454/6 3751/3455/6
f 3752/3456/6 3750/3454/6 3749/3453/6
f 3753/3457/5 3754/3458/5 3755/3459/5
f 3756/3460/5 3754/3458/5 3753/3457/5
f 3757/3461/10 3758/3462/10 3759/3463/10
f 3757/3461/10 3759/3463/10 3760/3464/10
f 3761/3465/7 3762/3466/7 3763/3467/7
f 3761/3465/7 3763/3467/7 3764/3468/7
f 3765/3469/9 3766/3470/9 3767/3471/9
f 3765/3469/9 3767/3471/9 3768/3472/9
f 3769/3385/8 3770/3473/8 3771/3474/8
f 3769/3385/8 3771/3474/8 3772/3475/8
f 3773/3476/6 3774/3477/6 3775/3478/6
f 3776/3479/6 3774/3477/6 3773/3476/6
f 3777/3480/5 3778/3481/5 3779/3482/5
f 3780/3483/5 3778/3481/5 3777/3480/5
f 3781/3404/10 3782/3406/10 3783/3484/10
f 3781/3404/10 3783/3484/10 3784/3485/10
f 3785/3486/7 3786/2702/7 3787/2704/7
f 3785/3486/7 3787/2704/7 3788/3487/7
f 3789/3488/9 3790/3489/9 3791/3490/9
f 3789/3488/9 3791/3490/9 3792/3491/9
f 3793/3408/8 3794/3409/8 3795/3492/8
f 3793/3408/8 3795/3492/8 3796/3493/8
f 3797/3494/6 3798/3495/6 3799/3496/6
f 3800/3497/6 3798/3495/6 3797/3494/6
f 3801/3498/5 3802/3499/5 3803/3500/5
f 3804/3501/5 3802/3499/5 3801/3498/5
f 3805/3502/10 3806/3503/10 3807/3504/10
f 3805/3502/10 3807/3504/10 3808/3505/10
f 3809/3506/7 3810/3507/7 3811/3466/7
f 3809/3506/7 3811/3466/7 3812/3465/7
f 3813/3508/9 3814/3509/9 3815/3510/9
f 3813/3508/9 3815/3510/9 3816/3511/9
f 3817/3512/8 3818/3513/8 3819/3514/8
f 3817/3512/8 3819/3514/8 3820/3515/8
f 3821/3516/6 3822/3270/6 3823/3517/6
f 3824/3269/6 3822/3270/6 3821/3516/6
f 3825/3517/5 3826/3518/5 3827/3516/5
f 3828/3519/5 3826/3518/5 3825/3517/5
f 3829/3520/10 3830/3521/10 3831/3522/10
f 3832/3523/10 3830/3521/10 3829/3520/10
f 3833/3524/7 3834/3525/7 3835/3526/7
f 3833/3524/7 3835/3526/7 3836/3527/7
f 3837/3528/9 3838/3529/9 3839/3530/9
f 3840/3531/9 3838/3529/9 3837/3528/9
f 3841/3532/8 3842/3533/8 3843/3534/8
f 3841/3532/8 3843/3534/8 3844/3535/8
f 3845/3536/6 3846/3537/6 3847/3538/6
f 3845/3536/6 3847/3538/6 3848/3539/6
f 3849/3540/5 3850/3541/5 3851/3542/5
f 3849/3540/5 3851/3542/5 3852/3543/5
f 3853/3544/9 3854/3545/9 3855/3546/9
f 3853/3544/9 3855/3546/9 3856/3547/9
f 3857/3548/8 3858/3549/8 3859/3550/8
f 3857/3548/8 3859/3550/8 3860/3551/8
f 3861/3552/10 3862/3553/10 3863/3554/10
f 3861/3552/10 3863/3554/10 3864/3555/10
f 3865/3556/7 3866/3557/7 3867/3558/7
f 3865/3556/7 3867/3558/7 3868/3559/7
f 3869/3560/6 3870/3561/6 3871/3562/6
f 3869/3560/6 3871/3562/6 3872/3563/6
f 3873/3564/5 3874/3565/5 3875/3566/5
f 3873/3564/5 3875/3566/5 3876/3567/5
f 3877/3568/9 3878/3569/9 3879/3570/9
f 3877/3568/9 3879/3570/9 3880/3571/9
f 3881/3154/8 3882/3572/8 3883/3573/8
f 3881/3154/8 3883/3573/8 3884/3574/8
f 3885/3575/10 3886/3576/10 3887/3577/10
f 3885/3575/10 3887/3577/10 3888/3578/10
f 3889/3579/7 3890/2346/7 3891/3580/7
f 3889/3579/7 3891/3580/7 3892/3581/7
f 3893/3582/6 3894/3583/6 3895/3584/6
f 3893/3582/6 3895/3584/6 3896/3585/6
f 3897/3586/5 3898/3587/5 3899/3588/5
f 3897/3586/5 3899/3588/5 3900/3589/5
f 3901/3590/9 3902/3591/9 3903/3302/9
f 3901/3590/9 3903/3302/9 3904/3592/9
f 3905/3593/8 3906/3594/8 3907/3595/8
f 3905/3593/8 3907/3595/8 3908/3596/8
f 3909/3597/10 3910/3598/10 3911/3599/10
f 3909/3597/10 3911/3599/10 3912/3600/10
f 3913/3601/7 3914/3602/7 3915/3603/7
f 3913/3601/7 3915/3603/7 3916/3604/7
f 3917/3605/6 3918/3441/6 3919/3440/6
f 3917/3605/6 3919/3440/6 3920/3606/6
f 3921/3607/5 3922/3608/5 3923/3609/5
f 3921/3607/5 3923/3609/5 3924/3610/5
f 3925/3611/9 3926/3612/9 3927/3613/9
f 3928/3614/9 3926/3612/9 3925/3611/9
f 3929/3615/8 3930/3616/8 3931/3617/8
f 3929/3615/8 3931/3617/8 3932/3618/8
f 3933/3619/10 3934/3613/10 3935/3612/10
f 3936/3620/10 3934/3613/10 3933/3619/10
f 3937/3621/7 3938/3622/7 3939/3623/7
f 3937/3621/7 3939/3623/7 3940/3624/7
f 3941/3625/6 3942/3420/6 3943/3626/6
f 3942/3420/6 3941/3625/6 3944/3423/6
f 3945/3627/5 3946/3628/5 3947/3629/5
f 3946/3628/5 3945/3627/5 3948/3630/5
f 3949/3631/10 3950/3632/10 3951/3633/10
f 3950/3632/10 3949/3631/10 3952/3634/10
f 3953/3635/8 3954/3636/8 3955/3637/8
f 3954/3636/8 3953/3635/8 3956/3638/8
f 3957/3633/9 3958/3639/9 3959/3631/9
f 3958/3639/9 3957/3633/9 3960/3640/9
f 3961/3641/7 3962/1598/7 3963/1597/7
f 3962/1598/7 3961/3641/7 3964/3642/7
f 3965/3643/6 3966/3644/6 3967/3645/6
f 3966/3644/6 3965/3643/6 3968/3646/6
f 3969/3647/5 3970/3648/5 3971/3649/5
f 3970/3648/5 3969/3647/5 3972/3650/5
f 3973/3619/10 3974/3651/10 3975/3652/10
f 3974/3651/10 3973/3619/10 3976/3653/10
f 3977/1622/8 3978/3654/8 3979/1620/8
f 3978/3654/8 3977/1622/8 3980/3655/8
f 3981/3656/9 3982/3657/9 3983/3658/9
f 3982/3657/9 3981/3656/9 3984/3659/9
f 3985/3660/7 3986/3661/7 3987/3662/7
f 3986/3661/7 3985/3660/7 3988/3663/7
f 3989/3664/6 3990/3665/6 3991/3666/6
f 3992/3667/6 3990/3665/6 3989/3664/6
f 3993/3668/5 3994/3669/5 3995/3670/5
f 3996/3671/5 3994/3669/5 3993/3668/5
f 3997/3672/10 3998/3673/10 3999/3674/10
f 3997/3672/10 3999/3674/10 4000/3675/10
f 4001/3676/7 4002/3677/7 4003/3678/7
f 4001/3676/7 4003/3678/7 4004/3679/7
f 4005/3680/9 4006/3681/9 4007/3682/9
f 4005/3680/9 4007/3682/9 4008/3683/9
f 4009/3684/8 4010/3685/8 4011/3686/8
f 4009/3684/8 4012/3687/8 4010/3685/8
f 4013/3688/6 4014/3519/6 4015/3689/6
f 4016/3518/6 4014/3519/6 4013/3688/6
f 4017/3689/5 4018/3690/5 4019/3688/5
f 4020/3691/5 4018/3690/5 4017/3689/5
f 4021/3692/10 4022/3693/10 4023/3694/10
f 4024/3695/10 4022/3693/10 4021/3692/10
f 4025/3696/7 4026/3662/7 4027/3697/7
f 4025/3696/7 4027/3697/7 4028/3698/7
f 4029/3699/9 4030/3700/9 4031/3701/9
f 4032/3702/9 4030/3700/9 4029/3699/9
f 4033/3703/8 4034/3704/8 4035/3705/8
f 4033/3703/8 4036/3706/8 4034/3704/8
f 4037/3707/6 4038/3708/6 4039/3709/6
f 4037/3707/6 4040/3710/6 4038/3708/6
f 4041/3711/5 4042/3712/5 4043/3713/5
f 4041/3711/5 4044/3714/5 4042/3712/5
f 4045/3715/9 4046/3716/9 4047/3717/9
f 4045/3715/9 4048/3718/9 4046/3716/9
f 4049/1588/8 4050/3719/8 4051/1591/8
f 4049/1588/8 4052/3720/8 4050/3719/8
f 4053/3721/10 4054/3722/10 4055/3723/10
f 4053/3721/10 4056/3724/10 4054/3722/10
f 4057/3725/7 4058/3726/7 4059/3727/7
f 4057/3725/7 4060/3728/7 4058/3726/7
f 4061/3729/6 4062/3730/6 4063/3731/6
f 4061/3729/6 4064/3732/6 4062/3730/6
f 4065/3731/5 4066/3733/5 4067/3734/5
f 4065/3731/5 4067/3734/5 4068/3729/5
f 4069/3656/9 4070/3735/9 4071/3736/9
f 4072/3658/9 4070/3735/9 4069/3656/9
f 4073/3737/8 4074/3738/8 4075/3739/8
f 4073/3737/8 4076/3740/8 4074/3738/8
f 4077/3741/10 4078/3742/10 4079/3743/10
f 4080/3744/10 4078/3742/10 4077/3741/10
f 4081/3745/7 4082/3746/7 4083/3747/7
f 4081/3745/7 4084/3748/7 4082/3746/7
f 4085/3749/6 4086/3334/6 4087/3750/6
f 4086/3334/6 4085/3749/6 4088/3751/6
f 4089/3752/5 4090/3751/5 4091/3749/5
f 4092/3753/5 4089/3752/5 4091/3749/5
f 4093/3754/9 4094/3755/9 4095/3756/9
f 4094/3755/9 4093/3754/9 4096/3757/9
f 4097/3758/7 4098/3759/7 4099/3760/7
f 4098/3759/7 4097/3758/7 4100/3761/7
f 4101/3762/10 4102/3756/10 4103/3755/10
f 4102/3756/10 4101/3762/10 4104/3763/10
f 4105/3764/8 4106/3765/8 4107/3766/8
f 4106/3765/8 4105/3764/8 4108/3767/8
f 4109/3768/6 4110/3769/6 4111/3770/6
f 4112/3771/6 4109/3768/6 4111/3770/6
f 4113/3772/5 4114/3773/5 4115/3774/5
f 4116/3775/5 4113/3772/5 4115/3774/5
f 4117/3776/9 4118/3777/9 4119/3778/9
f 4118/3777/9 4117/3776/9 4120/3779/9
f 4121/3780/7 4122/3781/7 4123/3782/7
f 4122/3781/7 4121/3780/7 4124/3783/7
f 4125/3784/10 4126/3785/10 4127/3786/10
f 4126/3785/10 4125/3784/10 4128/3787/10
f 4129/3788/8 4130/3789/8 4131/3790/8
f 4130/3789/8 4129/3788/8 4132/3791/8
f 4133/3792/10 4134/3793/10 4135/3794/10
f 4136/3795/10 4135/3794/10 4134/3793/10
f 4137/3796/9 4138/3797/9 4139/3798/9
f 4140/3799/9 4139/3798/9 4138/3797/9
f 4141/3800/7 4142/3801/7 4143/3802/7
f 4144/3803/7 4143/3802/7 4142/3801/7
f 4145/3804/8 4146/3805/8 4147/3806/8
f 4148/3807/8 4147/3806/8 4146/3805/8
f 4149/3808/5 4150/3800/5 4151/524/5
f 4150/3800/5 4149/3808/5 4152/3809/5
f 4153/3810/6 4154/3811/6 4155/3812/6
f 4154/3811/6 4153/3810/6 4156/3813/6
f 4157/3814/8 4158/3815/8 4159/3816/8
f 4158/3815/8 4157/3814/8 4160/3817/8
f 4161/3816/7 4162/3818/7 4163/3814/7
f 4162/3818/7 4161/3816/7 4164/3819/7
f 4165/3820/9 4166/3821/9 4167/3822/9
f 4166/3821/9 4165/3820/9 4168/3823/9
f 4169/3824/5 4170/3825/5 4171/3826/5
f 4172/3827/5 4169/3824/5 4171/3826/5
f 4173/3828/10 4174/3829/10 4175/3830/10
f 4174/3829/10 4173/3828/10 4176/3831/10
f 4177/3832/6 4178/3833/6 4179/3834/6
f 4180/3835/6 4177/3832/6 4179/3834/6
f 4181/3836/8 4182/3837/8 4183/3838/8
f 4182/3837/8 4181/3836/8 4184/3839/8
f 4185/3840/7 4186/3841/7 4187/3842/7
f 4186/3841/7 4185/3840/7 4188/3843/7
f 4189/3844/9 4190/3845/9 4191/3846/9
f 4190/3845/9 4189/3844/9 4192/3847/9
f 4193/3848/5 4194/3849/5 4195/3850/5
f 4196/3851/5 4193/3848/5 4195/3850/5
f 4197/3852/10 4198/3853/10 4199/3854/10
f 4198/3853/10 4197/3852/10 4200/3855/10
f 4201/3856/6 4202/3857/6 4203/3858/6
f 4204/3859/6 4201/3856/6 4203/3858/6
f 4205/3860/8 4206/3861/8 4207/3862/8
f 4206/3861/8 4205/3860/8 4208/3863/8
f 4209/3864/7 4210/3865/7 4211/3866/7
f 4210/3865/7 4209/3864/7 4212/3867/7
f 4213/3868/9 4214/1234/9 4215/3869/9
f 4214/1234/9 4213/3868/9 4216/1741/9
f 4217/3870/5 4218/3871/5 4219/3872/5
f 4220/3873/5 4217/3870/5 4219/3872/5
f 4221/3874/10 4222/3875/10 4223/2144/10
f 4222/3875/10 4221/3874/10 4224/3876/10
f 4225/3871/6 4226/3870/6 4227/3877/6
f 4228/3878/6 4225/3871/6 4227/3877/6
f 4229/3879/10 4230/3880/10 4231/3881/10
f 4230/3880/10 4229/3879/10 4232/3882/10
f 4233/3883/9 4234/3884/9 4235/3885/9
f 4234/3884/9 4233/3883/9 4236/3886/9
f 4237/3887/8 4238/3888/8 4239/3889/8
f 4238/3888/8 4237/3887/8 4240/3890/8
f 4241/3891/5 4242/3892/5 4243/3893/5
f 4241/3891/5 4244/3894/5 4242/3892/5
f 4245/3895/7 4246/3896/7 4247/3897/7
f 4246/3896/7 4245/3895/7 4248/3898/7
f 4249/3899/6 4250/3900/6 4251/3901/6
f 4250/3900/6 4249/3899/6 4252/3902/6
f 4253/3903/10 4254/3904/10 4255/3905/10
f 4254/3904/10 4253/3903/10 4256/3906/10
f 4257/3907/9 4258/3905/9 4259/3904/9
f 4258/3905/9 4257/3907/9 4260/3908/9
f 4261/3909/8 4262/3910/8 4263/3911/8
f 4262/3910/8 4261/3909/8 4264/3912/8
f 4265/3913/5 4266/3914/5 4267/3915/5
f 4265/3913/5 4268/3916/5 4266/3914/5
f 4269/3917/7 4270/3918/7 4271/3919/7
f 4270/3918/7 4269/3917/7 4272/3920/7
f 4273/3921/6 4274/3922/6 4275/3923/6
f 4274/3922/6 4273/3921/6 4276/3924/6
f 4277/3925/10 4278/3926/10 4279/3927/10
f 4278/3926/10 4277/3925/10 4280/3928/10
f 4281/3929/9 4282/3930/9 4283/3931/9
f 4282/3930/9 4281/3929/9 4284/3932/9
f 4285/3933/8 4286/3934/8 4287/3935/8
f 4286/3934/8 4285/3933/8 4288/3936/8
f 4289/3937/5 4290/3938/5 4291/3939/5
f 4289/3937/5 4292/3940/5 4290/3938/5
f 4293/3941/7 4294/3942/7 4295/3943/7
f 4294/3942/7 4293/3941/7 4296/3944/7
f 4297/3945/6 4298/3946/6 4299/3947/6
f 4300/3948/6 4298/3946/6 4297/3945/6
f 4301/3819/7 4302/3949/7 4303/3818/7
f 4302/3949/7 4301/3819/7 4304/3950/7
f 4305/3951/8 4306/3952/8 4307/3953/8
f 4306/3952/8 4305/3951/8 4308/3954/8
f 4309/3822/10 4310/3955/10 4311/3820/10
f 4310/3955/10 4309/3822/10 4312/3956/10
f 4313/3957/5 4314/3958/5 4315/3959/5
f 4314/3958/5 4313/3957/5 4316/3960/5
f 4317/3961/9 4318/3962/9 4319/3963/9
f 4318/3962/9 4317/3961/9 4320/3964/9
f 4321/3965/6 4322/3966/6 4323/3967/6
f 4322/3966/6 4321/3965/6 4324/3968/6
f 4325/3969/7 4326/3970/7 4327/3971/7
f 4326/3970/7 4325/3969/7 4328/3972/7
f 4329/3973/8 4330/3974/8 4331/3975/8
f 4330/3974/8 4329/3973/8 4332/3976/8
f 4333/3977/10 4334/3978/10 4335/3979/10
f 4334/3978/10 4333/3977/10 4336/3980/10
f 4337/3981/5 4338/3982/5 4339/3983/5
f 4338/3982/5 4337/3981/5 4340/3984/5
f 4341/3985/9 4342/3986/9 4343/3987/9
f 4342/3986/9 4341/3985/9 4344/3988/9
f 4345/3989/6 4346/3990/6 4347/3991/6
f 4346/3990/6 4345/3989/6 4348/3992/6
f 4349/3993/7 4350/3994/7 4351/3995/7
f 4350/3994/7 4349/3993/7 4352/3996/7
f 4353/3997/8 4354/3998/8 4355/3999/8
f 4354/3998/8 4353/3997/8 4356/4000/8
f 4357/4001/10 4358/4002/10 4359/4003/10
f 4358/4002/10 4357/4001/10 4360/4004/10
f 4361/4005/5 4362/4006/5 4363/4007/5
f 4362/4006/5 4361/4005/5 4364/4008/5
f 4365/4009/9 4366/4010/9 4367/4011/9
f 4366/4010/9 4365/4009/9 4368/4012/9
f 4369/4013/6 4370/4014/6 4371/4015/6
f 4370/4014/6 4369/4013/6 4372/4016/6
f 4373/4017/9 4374/4018/9 4375/4019/9
f 4374/4018/9 4373/4017/9 4376/4020/9
f 4377/4021/10 4378/4022/10 4379/4023/10
f 4378/4022/10 4377/4021/10 4380/2549/10
f 4381/4024/7 4382/4025/7 4383/4026/7
f 4382/4025/7 4381/4024/7 4384/4027/7
f 4385/4028/5 4386/4029/5 4387/4030/5
f 4388/4031/5 4386/4029/5 4385/4028/5
f 4389/4032/8 4390/4033/8 4391/4034/8
f 4390/4033/8 4389/4032/8 4392/4035/8
f 4393/4036/6 4394/4037/6 4395/4038/6
f 4393/4036/6 4395/4038/6 4396/4039/6
f 4397/4040/9 4398/4041/9 4399/4042/9
f 4398/4041/9 4397/4040/9 4400/4043/9
f 4401/4044/10 4402/4045/10 4403/4046/10
f 4402/4045/10 4401/4044/10 4404/4047/10
f 4405/4048/7 4406/3920/7 4407/3917/7
f 4406/3920/7 4405/4048/7 4408/4049/7
f 4409/4050/5 4410/4051/5 4411/4052/5
f 4412/4053/5 4410/4051/5 4409/4050/5
f 4413/3911/8 4414/4054/8 4415/3918/8
f 4414/4054/8 4413/3911/8 4416/3910/8
f 4417/4055/6 4418/4056/6 4419/4057/6
f 4417/4055/6 4420/4058/6 4418/4056/6
f 4421/4059/9 4422/4060/9 4423/4061/9
f 4422/4060/9 4421/4059/9 4424/4062/9
f 4425/4063/10 4426/4064/10 4427/4065/10
f 4426/4064/10 4425/4063/10 4428/4066/10
f 4429/4067/7 4430/4068/7 4431/4069/7
f 4430/4068/7 4429/4067/7 4432/4070/7
f 4433/4071/5 4434/4072/5 4435/4073/5
f 4436/4074/5 4434/4072/5 4433/4071/5
f 4437/3823/8 4438/4075/8 4439/4076/8
f 4438/4075/8 4437/3823/8 4440/4077/8
f 4441/4078/6 4442/4079/6 4443/4080/6
f 4441/4078/6 4444/4081/6 4442/4079/6
f 4445/4082/8 4446/4083/8 4447/4084/8
f 4446/4083/8 4445/4082/8 4448/4085/8
f 4449/4086/7 4450/4087/7 4451/4088/7
f 4450/4087/7 4449/4086/7 4452/4089/7
f 4453/4090/9 4454/4091/9 4455/3852/9
f 4454/4091/9 4453/4090/9 4456/4092/9
f 4457/4093/5 4458/4094/5 4459/4095/5
f 4458/4094/5 4457/4093/5 4460/4096/5
f 4461/4097/10 4462/4098/10 4463/4099/10
f 4462/4098/10 4461/4097/10 4464/4100/10
f 4465/4101/6 4466/4102/6 4467/4103/6
f 4468/4104/6 4465/4101/6 4467/4103/6
f 4469/4105/6 4470/3627/6 4471/4106/6
f 4470/3627/6 4469/4105/6 4472/3630/6
f 4473/4107/5 4474/4105/5 4475/4106/5
f 4474/4105/5 4473/4107/5 4476/4108/5
f 4477/4109/10 4478/3431/10 4479/4110/10
f 4478/3431/10 4477/4109/10 4480/3430/10
f 4481/4111/8 4482/4112/8 4483/4113/8
f 4482/4112/8 4481/4111/8 4484/4114/8
f 4485/4110/9 4486/4115/9 4487/4109/9
f 4486/4115/9 4485/4110/9 4488/4116/9
f 4489/4117/7 4490/4118/7 4491/4119/7
f 4490/4118/7 4489/4117/7 4492/4120/7
f 4493/4121/7 4494/4122/7 4495/4123/7
f 4494/4122/7 4493/4121/7 4496/4124/7
f 4497/4125/6 4498/4126/6 4499/4127/6
f 4500/4128/6 4497/4125/6 4499/4127/6
f 4501/4129/9 4502/4130/9 4503/4131/9
f 4502/4130/9 4501/4129/9 4504/4132/9
f 4505/4133/8 4506/4134/8 4507/4135/8
f 4506/4134/8 4505/4133/8 4508/4136/8
f 4509/4137/10 4510/4138/10 4511/4139/10
f 4510/4138/10 4509/4137/10 4512/4140/10
f 4513/4141/5 4514/4142/5 4515/4143/5
f 4516/4144/5 4513/4141/5 4515/4143/5
f 4517/4145/6 4518/4146/6 4519/4147/6
f 4518/4146/6 4517/4145/6 4520/4148/6
f 4521/4149/5 4522/4145/5 4523/4147/5
f 4522/4145/5 4521/4149/5 4524/4150/5
f 4525/4151/10 4526/4152/10 4527/4153/10
f 4526/4152/10 4525/4151/10 4528/4154/10
f 4529/4155/8 4530/3506/8 4531/4156/8
f 4530/3506/8 4529/4155/8 4532/4157/8
f 4533/4154/9 4534/4158/9 4535/4159/9
f 4534/4158/9 4533/4154/9 4536/4160/9
f 4537/4161/7 4538/4162/7 4539/4163/7
f 4538/4162/7 4537/4161/7 4540/4164/7
f 4541/4165/6 4542/4166/6 4543/4167/6
f 4542/4166/6 4541/4165/6 4544/4168/6
f 4545/4169/5 4546/4170/5 4547/4171/5
f 4546/4170/5 4545/4169/5 4548/4172/5
f 4549/4173/10 4550/4174/10 4551/4175/10
f 4550/4174/10 4549/4173/10 4552/4176/10
f 4553/4177/8 4554/3492/8 4555/4178/8
f 4554/3492/8 4553/4177/8 4556/3493/8
f 4557/4175/9 4558/4179/9 4559/4173/9
f 4558/4179/9 4557/4175/9 4560/4180/9
f 4561/3070/7 4562/4181/7 4563/3068/7
f 4562/4181/7 4561/3070/7 4564/4182/7
f 4565/4183/6 4566/4184/6 4567/4185/6
f 4566/4184/6 4565/4183/6 4568/4186/6
f 4569/4187/5 4570/4188/5 4571/4189/5
f 4570/4188/5 4569/4187/5 4572/4190/5
f 4573/4191/10 4574/3425/10 4575/3424/10
f 4574/3425/10 4573/4191/10 4576/4192/10
f 4577/4193/8 4578/4194/8 4579/4195/8
f 4578/4194/8 4577/4193/8 4580/4196/8
f 4581/4192/9 4582/4197/9 4583/4198/9
f 4582/4197/9 4581/4192/9 4584/4191/9
f 4585/4199/7 4586/4200/7 4587/2115/7
f 4586/4200/7 4585/4199/7 4588/4201/7
f 4589/4202/6 4590/4203/6 4591/4204/6
f 4590/4203/6 4589/4202/6 4592/4205/6
f 4593/4206/5 4594/4207/5 4595/4208/5
f 4594/4207/5 4593/4206/5 4596/4209/5
f 4597/4210/10 4598/2136/10 4599/2135/10
f 4598/2136/10 4597/4210/10 4600/4211/10
f 4601/4212/8 4602/4213/8 4603/4214/8
f 4602/4213/8 4601/4212/8 4604/4215/8
f 4605/4216/9 4606/4217/9 4607/4218/9
f 4606/4217/9 4605/4216/9 4608/4219/9
f 4609/4220/7 4610/4221/7 4611/4222/7
f 4610/4221/7 4609/4220/7 4612/4223/7
f 4613/4224/7 4614/4225/7 4615/4226/7
f 4614/4225/7 4613/4224/7 4616/4227/7
f 4617/4228/6 4618/4229/6 4619/4230/6
f 4620/4231/6 4617/4228/6 4619/4230/6
f 4621/4232/9 4622/4233/9 4623/4234/9
f 4622/4233/9 4621/4232/9 4624/4235/9
f 4625/3975/8 4626/4236/8 4627/4237/8
f 4626/4236/8 4625/3975/8 4628/3974/8
f 4629/4238/10 4630/4239/10 4631/4240/10
f 4630/4239/10 4629/4238/10 4632/4241/10
f 4633/4242/5 4634/4243/5 4635/4244/5
f 4636/4245/5 4633/4242/5 4635/4244/5
f 4637/4246/6 4638/4247/6 4639/4248/6
f 4640/4249/6 4638/4247/6 4637/4246/6
f 4641/4250/5 4642/4251/5 4643/4252/5
f 4644/4253/5 4642/4251/5 4641/4250/5
f 4645/4254/10 4646/4255/10 4647/4256/10
f 4645/4254/10 4648/4257/10 4646/4255/10
f 4649/4258/7 4650/4259/7 4651/4260/7
f 4649/4258/7 4651/4260/7 4652/4261/7
f 4653/4262/9 4654/4263/9 4655/4264/9
f 4653/4262/9 4655/4264/9 4656/4265/9
f 4657/4266/8 4658/4267/8 4659/4268/8
f 4657/4266/8 4660/4269/8 4658/4267/8
f 4661/4270/7 4662/4271/7 4663/4272/7
f 4662/4271/7 4661/4270/7 4664/4273/7
f 4665/4274/6 4666/3752/6 4667/4275/6
f 4666/3752/6 4665/4274/6 4668/4276/6
f 4669/4116/9 4670/4277/9 4671/4115/9
f 4670/4277/9 4669/4116/9 4672/4278/9
f 4673/4279/8 4674/4280/8 4675/4281/8
f 4674/4280/8 4673/4279/8 4676/4282/8
f 4677/4283/10 4678/4284/10 4679/4285/10
f 4678/4284/10 4677/4283/10 4680/4286/10
f 4681/4287/5 4682/4276/5 4683/4274/5
f 4684/4288/5 4681/4287/5 4683/4274/5
f 4685/4289/6 4686/4290/6 4687/4291/6
f 4688/4292/6 4686/4290/6 4685/4289/6
f 4689/4293/5 4690/4294/5 4691/4295/5
f 4692/4296/5 4690/4294/5 4689/4293/5
f 4693/3505/10 4694/4297/10 4695/4298/10
f 4693/3505/10 4696/3504/10 4694/4297/10
f 4697/4299/7 4698/4300/7 4699/4301/7
f 4697/4299/7 4700/4302/7 4698/4300/7
f 4701/4303/9 4702/4304/9 4703/3681/9
f 4701/4303/9 4703/3681/9 4704/3680/9
f 4705/4305/8 4706/4306/8 4707/4307/8
f 4705/4305/8 4708/4308/8 4706/4306/8
f 4709/3482/6 4710/4309/6 4711/3480/6
f 4712/4310/6 4710/4309/6 4709/3482/6
f 4713/4311/5 4714/4312/5 4715/4313/5
f 4716/4314/5 4714/4312/5 4713/4311/5
f 4717/4315/10 4718/4316/10 4719/4317/10
f 4717/4315/10 4720/4318/10 4718/4316/10
f 4721/4319/7 4722/4320/7 4723/4321/7
f 4721/4319/7 4724/4322/7 4722/4320/7
f 4725/4323/9 4726/4324/9 4727/4325/9
f 4725/4323/9 4727/4325/9 4728/4316/9
f 4729/4326/8 4730/4327/8 4731/4328/8
f 4729/4326/8 4732/4319/8 4730/4327/8
f 4733/4329/6 4734/4330/6 4735/4331/6
f 4736/4332/6 4734/4330/6 4733/4329/6
f 4737/4333/5 4738/4334/5 4739/4335/5
f 4740/4336/5 4738/4334/5 4737/4333/5
f 4741/4337/10 4742/4338/10 4743/4339/10
f 4741/4337/10 4743/4339/10 4744/4340/10
f 4745/4341/7 4746/4342/7 4747/4343/7
f 4745/4341/7 4747/4343/7 4748/4344/7
f 4749/4345/9 4750/4346/9 4751/4347/9
f 4749/4345/9 4751/4347/9 4752/4348/9
f 4753/4349/8 4754/4350/8 4755/4351/8
f 4753/4349/8 4755/4351/8 4756/4352/8
f 4757/4353/6 4758/3691/6 4759/4354/6
f 4760/3690/6 4758/3691/6 4757/4353/6
f 4761/4354/5 4762/4355/5 4763/4353/5
f 4764/4356/5 4762/4355/5 4761/4354/5
f 4765/4357/10 4766/3695/10 4767/3692/10
f 4768/4358/10 4766/3695/10 4765/4357/10
f 4769/4359/7 4770/4360/7 4771/4361/7
f 4769/4359/7 4771/4361/7 4772/4362/7
f 4773/4363/9 4774/4364/9 4775/4365/9
f 4776/4366/9 4774/4364/9 4773/4363/9
f 4777/4367/8 4778/4368/8 4779/4369/8
f 4777/4367/8 4779/4369/8 4780/4370/8
f 4781/4371/7 4782/4372/7 4783/4373/7
f 4782/4372/7 4781/4371/7 4784/4374/7
f 4785/4375/6 4786/4376/6 4787/4377/6
f 4788/4378/6 4785/4375/6 4787/4377/6
f 4789/4379/9 4790/4380/9 4791/4381/9
f 4790/4380/9 4789/4379/9 4792/4382/9
f 4793/4383/8 4794/4384/8 4795/4385/8
f 4794/4384/8 4793/4383/8 4796/4386/8
f 4797/4387/10 4798/4388/10 4799/4389/10
f 4798/4388/10 4797/4387/10 4800/4390/10
f 4801/4377/5 4802/4391/5 4803/4392/5
f 4802/4391/5 4801/4377/5 4804/4376/5
f 4805/4393/6 4806/4394/6 4807/4395/6
f 4805/4393/6 4807/4395/6 4808/4396/6
f 4809/4397/5 4810/4398/5 4811/4399/5
f 4809/4397/5 4811/4399/5 4812/4400/5
f 4813/4401/9 4814/4402/9 4815/4403/9
f 4813/4401/9 4815/4403/9 4816/4404/9
f 4817/4405/8 4818/4406/8 4819/4407/8
f 4817/4405/8 4819/4407/8 4820/4408/8
f 4821/4402/10 4822/4409/10 4823/4410/10
f 4821/4402/10 4823/4410/10 4824/4411/10
f 4825/4412/7 4826/4413/7 4827/4414/7
f 4825/4412/7 4827/4414/7 4828/4415/7
f 4829/4416/7 4830/4417/7 4831/4418/7
f 4830/4417/7 4829/4416/7 4832/4419/7
f 4833/4420/6 4834/4421/6 4835/3175/6
f 4836/3174/6 4833/4420/6 4835/3175/6
f 4837/4422/9 4838/4423/9 4839/4424/9
f 4838/4423/9 4837/4422/9 4840/4425/9
f 4841/4426/8 4842/3168/8 4843/4427/8
f 4842/3168/8 4841/4426/8 4844/3166/8
f 4845/4428/10 4846/3484/10 4847/4429/10
f 4846/3484/10 4845/4428/10 4848/3485/10
f 4849/4430/5 4850/4431/5 4851/4432/5
f 4852/4433/5 4849/4430/5 4851/4432/5
f 4853/4434/6 4854/4435/6 4855/4436/6
f 4853/4434/6 4855/4436/6 4856/4437/6
f 4857/4438/5 4858/4439/5 4859/4440/5
f 4857/4438/5 4859/4440/5 4860/4441/5
f 4861/4442/9 4862/4443/9 4863/3723/9
f 4861/4442/9 4863/3723/9 4864/4444/9
f 4865/4270/8 4866/4445/8 4867/4273/8
f 4865/4270/8 4868/4446/8 4866/4445/8
f 4869/4443/10 4870/4447/10 4871/4448/10
f 4869/4443/10 4871/4448/10 4872/4449/10
f 4873/4450/7 4874/4451/7 4875/4452/7
f 4873/4450/7 4875/4452/7 4876/4453/7
f 4877/4454/6 4878/4455/6 4879/4456/6
f 4877/4454/6 4879/4456/6 4880/4457/6
f 4881/4458/5 4882/4459/5 4883/4460/5
f 4881/4458/5 4883/4460/5 4884/4461/5
f 4885/4462/9 4886/4463/9 4887/4464/9
f 4885/4462/9 4887/4464/9 4888/4465/9
f 4889/4466/8 4890/4467/8 4891/4468/8
f 4889/4466/8 4891/4468/8 4892/4469/8
f 4893/4470/10 4894/4471/10 4895/4472/10
f 4893/4470/10 4895/4472/10 4896/4473/10
f 4897/4474/7 4898/4475/7 4899/4476/7
f 4897/4474/7 4899/4476/7 4900/4477/7
f 4901/4478/6 4902/4479/6 4903/4480/6
f 4901/4478/6 4903/4480/6 4904/4481/6
f 4905/4482/5 4906/4483/5 4907/4484/5
f 4905/4482/5 4908/4485/5 4906/4483/5
f 4909/4486/9 4910/4487/9 4911/4488/9
f 4909/4486/9 4911/4488/9 4912/4489/9
f 4913/4490/8 4914/4491/8 4915/4492/8
f 4913/4490/8 4915/4492/8 4916/4493/8
f 4917/4494/10 4918/4495/10 4919/4496/10
f 4917/4494/10 4919/4496/10 4920/4497/10
f 4921/4498/7 4922/2533/7 4923/2530/7
f 4921/4498/7 4923/2530/7 4924/4499/7
f 4925/4500/6 4926/4501/6 4927/4502/6
f 4925/4500/6 4927/4502/6 4928/4503/6
f 4929/4504/5 4930/4505/5 4931/4506/5
f 4929/4504/5 4931/4506/5 4932/4507/5
f 4933/4508/9 4934/4509/9 4935/4510/9
f 4936/4511/9 4934/4509/9 4933/4508/9
f 4937/4512/8 4938/4513/8 4939/4514/8
f 4937/4512/8 4940/4361/8 4938/4513/8
f 4941/4515/10 4942/4516/10 4943/4517/10
f 4944/4518/10 4942/4516/10 4941/4515/10
f 4945/4519/7 4946/4520/7 4947/4521/7
f 4945/4519/7 4947/4521/7 4948/4522/7
f 4949/4523/6 4950/4524/6 4951/4525/6
f 4952/4526/6 4949/4523/6 4951/4525/6
f 4953/4527/5 4954/4528/5 4955/4529/5
f 4956/4530/5 4953/4527/5 4955/4529/5
f 4957/4531/9 4958/4532/9 4959/4533/9
f 4958/4532/9 4957/4531/9 4960/4534/9
f 4961/4535/7 4962/4536/7 4963/4537/7
f 4962/4536/7 4961/4535/7 4964/4538/7
f 4965/4539/10 4966/4540/10 4967/4541/10
f 4966/4540/10 4965/4539/10 4968/4542/10
f 4969/4543/8 4970/4544/8 4971/4545/8
f 4970/4544/8 4969/4543/8 4972/4546/8
f 4973/4547/6 4974/4287/6 4975/4548/6
f 4974/4287/6 4973/4547/6 4976/4549/6
f 4977/4550/5 4978/4549/5 4979/4547/5
f 4980/4551/5 4977/4550/5 4979/4547/5
f 4981/4278/9 4982/4552/9 4983/4277/9
f 4982/4552/9 4981/4278/9 4984/4553/9
f 4985/4412/7 4986/4554/7 4987/4413/7
f 4986/4554/7 4985/4412/7 4988/4555/7
f 4989/4556/10 4990/4553/10 4991/4557/10
f 4990/4553/10 4989/4556/10 4992/4552/10
f 4993/4558/8 4994/4559/8 4995/4560/8
f 4994/4559/8 4993/4558/8 4996/4561/8
f 4997/4562/7 4998/4563/7 4999/4564/7
f 4998/4563/7 4997/4562/7 5000/4565/7
f 5001/4566/6 5002/4550/6 5003/4567/6
f 5002/4550/6 5001/4566/6 5004/4568/6
f 5005/3390/9 5006/4569/9 5007/4570/9
f 5006/4569/9 5005/3390/9 5008/3389/9
f 5009/4571/8 5010/4572/8 5011/4573/8
f 5010/4572/8 5009/4571/8 5012/4574/8
f 5013/4575/10 5014/4576/10 5015/4577/10
f 5014/4576/10 5013/4575/10 5016/4578/10
f 5017/4579/5 5018/4568/5 5019/4566/5
f 5020/4580/5 5017/4579/5 5019/4566/5
f 5021/4581/6 5022/4579/6 5023/4582/6
f 5022/4579/6 5021/4581/6 5024/4583/6
f 5025/4584/5 5026/4583/5 5027/4581/5
f 5028/4585/5 5025/4584/5 5027/4581/5
f 5029/4586/9 5030/4587/9 5031/4588/9
f 5030/4587/9 5029/4586/9 5032/4589/9
f 5033/4450/7 5034/4590/7 5035/4451/7
f 5034/4590/7 5033/4450/7 5036/4591/7
f 5037/4592/10 5038/4159/10 5039/4158/10
f 5038/4159/10 5037/4592/10 5040/4593/10
f 5041/4594/8 5042/4595/8 5043/4596/8
f 5042/4595/8 5041/4594/8 5044/4597/8
f 5045/4598/6 5046/4599/6 5047/4433/6
f 5048/4432/6 5045/4598/6 5047/4433/6
f 5049/4599/5 5050/4598/5 5051/4600/5
f 5052/4601/5 5049/4599/5 5051/4600/5
f 5053/4602/9 5054/4603/9 5055/4604/9
f 5054/4603/9 5053/4602/9 5056/4605/9
f 5057/4606/7 5058/4607/7 5059/4608/7
f 5058/4607/7 5057/4606/7 5060/4609/7
f 5061/4610/10 5062/4605/10 5063/4611/10
f 5062/4605/10 5061/4610/10 5064/4612/10
f 5065/4613/8 5066/4614/8 5067/4615/8
f 5066/4614/8 5065/4613/8 5068/4616/8
f 5069/4617/6 5070/4584/6 5071/4618/6
f 5070/4584/6 5069/4617/6 5072/4619/6
f 5073/4620/5 5074/4619/5 5075/4617/5
f 5076/4621/5 5073/4620/5 5075/4617/5
f 5077/4622/9 5078/4623/9 5079/4624/9
f 5078/4623/9 5077/4622/9 5080/4592/9
f 5081/4625/7 5082/4498/7 5083/4499/7
f 5082/4498/7 5081/4625/7 5084/4626/7
f 5085/4627/10 5086/4286/10 5087/4283/10
f 5086/4286/10 5085/4627/10 5088/4628/10
f 5089/4629/8 5090/4596/8 5091/4630/8
f 5090/4596/8 5089/4629/8 5092/4594/8
f 5093/4631/6 5094/4632/6 5095/4633/6
f 5096/4634/6 5093/4631/6 5095/4633/6
f 5097/4635/5 5098/4636/5 5099/4637/5
f 5100/4638/5 5097/4635/5 5099/4637/5
f 5101/4639/9 5102/4640/9 5103/4641/9
f 5102/4640/9 5101/4639/9 5104/4642/9
f 5105/4643/7 5106/4644/7 5107/4645/7
f 5106/4644/7 5105/4643/7 5108/4646/7
f 5109/4647/10 5110/4648/10 5111/4649/10
f 5110/4648/10 5109/4647/10 5112/4650/10
f 5113/4651/8 5114/4652/8 5115/4653/8
f 5114/4652/8 5113/4651/8 5116/4036/8
f 5117/4654/6 5118/2583/6 5119/2584/6
f 5118/2583/6 5117/4654/6 5120/4655/6
f 5121/4654/5 5122/4656/5 5123/4655/5
f 5122/4656/5 5121/4654/5 5124/4657/5
f 5125/4658/10 5126/4659/10 5127/4660/10
f 5126/4659/10 5125/4658/10 5128/4661/10
f 5129/4662/8 5130/4663/8 5131/4664/8
f 5130/4663/8 5129/4662/8 5132/4665/8
f 5133/4666/9 5134/4667/9 5135/4668/9
f 5134/4667/9 5133/4666/9 5136/4669/9
f 5137/4670/7 5138/4671/7 5139/4672/7
f 5138/4671/7 5137/4670/7 5140/4673/7
f 5141/4674/6 5142/4675/6 5143/4676/6
f 5142/4675/6 5141/4674/6 5144/4677/6
f 5145/4678/5 5146/4679/5 5147/4680/5
f 5146/4679/5 5145/4678/5 5148/4681/5
f 5149/4682/10 5150/4683/10 5151/4684/10
f 5150/4683/10 5149/4682/10 5152/4685/10
f 5153/4686/8 5154/4687/8 5155/4688/8
f 5154/4687/8 5153/4686/8 5156/4689/8
f 5157/4690/9 5158/4691/9 5159/4692/9
f 5158/4691/9 5157/4690/9 5160/4693/9
f 5161/4694/7 5162/4695/7 5163/4696/7
f 5162/4695/7 5161/4694/7 5164/4697/7
f 5165/2648/6 5166/4698/6 5167/4699/6
f 5168/2647/6 5166/4698/6 5165/2648/6
f 5169/4700/5 5170/4699/5 5171/4698/5
f 5172/4701/5 5170/4699/5 5169/4700/5
f 5173/4702/10 5174/4624/10 5175/4623/10
f 5173/4702/10 5175/4623/10 5176/4703/10
f 5177/4704/7 5178/4705/7 5179/4706/7
f 5177/4704/7 5179/4706/7 5180/4707/7
f 5181/4703/9 5182/4708/9 5183/4709/9
f 5181/4703/9 5183/4709/9 5184/4702/9
f 5185/4705/8 5186/4704/8 5187/4710/8
f 5185/4705/8 5187/4710/8 5188/4711/8
f 5189/4712/6 5190/4713/6 5191/4714/6
f 5192/4715/6 5190/4713/6 5189/4712/6
f 5193/4716/5 5194/4717/5 5195/4718/5
f 5196/4719/5 5194/4717/5 5193/4716/5
f 5197/4720/10 5198/4721/10 5199/4722/10
f 5200/4723/10 5198/4721/10 5197/4720/10
f 5201/4724/7 5202/4725/7 5203/4726/7
f 5201/4724/7 5203/4726/7 5204/4727/7
f 5205/4728/9 5206/4729/9 5207/4730/9
f 5208/4731/9 5206/4729/9 5205/4728/9
f 5209/4732/8 5210/4733/8 5211/4734/8
f 5209/4732/8 5211/4734/8 5212/4735/8
f 5213/4736/6 5214/4737/6 5215/4738/6
f 5213/4736/6 5215/4738/6 5216/4739/6
f 5217/4740/5 5218/4738/5 5219/4737/5
f 5218/4738/5 5217/4740/5 5220/4741/5
f 5221/4742/9 5222/4743/9 5223/4667/9
f 5221/4742/9 5223/4667/9 5224/4669/9
f 5225/4711/8 5226/4744/8 5227/4745/8
f 5225/4711/8 5227/4745/8 5228/4746/8
f 5229/4743/10 5230/4747/10 5231/4748/10
f 5229/4743/10 5231/4748/10 5232/4749/10
f 5233/4750/7 5234/4751/7 5235/4752/7
f 5233/4750/7 5235/4752/7 5236/4753/7
f 5237/4754/6 5238/4755/6 5239/4756/6
f 5238/4755/6 5237/4754/6 5240/4757/6
f 5241/4758/5 5242/4759/5 5243/4760/5
f 5241/4758/5 5243/4760/5 5244/4761/5
f 5245/4762/9 5246/4763/9 5247/4764/9
f 5248/4765/9 5246/4763/9 5245/4762/9
f 5249/4766/8 5250/4767/8 5251/4768/8
f 5249/4766/8 5251/4768/8 5252/4769/8
f 5253/4770/10 5254/4771/10 5255/2432/10
f 5256/4772/10 5254/4771/10 5253/4770/10
f 5257/4773/7 5258/4774/7 5259/4775/7
f 5257/4773/7 5259/4775/7 5260/4776/7
f 5261/4777/6 5262/2776/6 5263/4778/6
f 5262/2776/6 5261/4777/6 5264/4779/6
f 5265/4777/5 5266/4778/5 5267/4780/5
f 5268/4781/5 5265/4777/5 5267/4780/5
f 5269/4748/9 5270/4782/9 5271/4783/9
f 5270/4782/9 5269/4748/9 5272/4784/9
f 5273/4785/7 5274/4786/7 5275/4787/7
f 5274/4786/7 5273/4785/7 5276/4788/7
f 5277/4789/10 5278/4790/10 5279/4791/10
f 5278/4790/10 5277/4789/10 5280/4792/10
f 5281/4793/8 5282/4794/8 5283/4795/8
f 5282/4794/8 5281/4793/8 5284/4796/8
f 5285/2798/6 5286/2797/6 5287/4797/6
f 5288/4798/6 5285/2798/6 5287/4797/6
f 5289/4799/5 5290/4800/5 5291/4798/5
f 5292/4801/5 5289/4799/5 5291/4798/5
f 5293/4802/9 5294/4729/9 5295/4803/9
f 5294/4729/9 5293/4802/9 5296/4730/9
f 5297/4804/7 5298/4805/7 5299/4806/7
f 5298/4805/7 5297/4804/7 5300/4727/7
f 5301/4807/10 5302/4808/10 5303/4809/10
f 5302/4808/10 5301/4807/10 5304/4810/10
f 5305/4811/8 5306/4812/8 5307/4813/8
f 5306/4812/8 5305/4811/8 5308/4814/8
f 5309/4815/6 5310/4816/6 5311/4817/6
f 5310/4816/6 5309/4815/6 5312/4818/6
f 5313/4819/5 5314/4820/5 5315/4821/5
f 5314/4820/5 5313/4819/5 5316/4822/5
f 5317/4823/10 5318/4824/10 5319/4825/10
f 5318/4824/10 5317/4823/10 5320/4826/10
f 5321/4827/8 5322/4745/8 5323/4828/8
f 5322/4745/8 5321/4827/8 5324/4829/8
f 5325/4825/9 5326/4830/9 5327/4823/9
f 5326/4830/9 5325/4825/9 5328/4831/9
f 5329/4832/7 5330/3642/7 5331/3641/7
f 5330/3642/7 5329/4832/7 5332/4833/7
f 5333/4834/6 5334/4835/6 5335/4836/6
f 5334/4835/6 5333/4834/6 5336/4837/6
f 5337/4837/5 5338/4838/5 5339/4839/5
f 5338/4838/5 5337/4837/5 5340/4834/5
f 5341/4840/10 5342/4841/10 5343/4842/10
f 5342/4841/10 5341/4840/10 5344/4843/10
f 5345/4697/8 5346/4844/8 5347/4845/8
f 5346/4844/8 5345/4697/8 5348/4694/8
f 5349/4846/9 5350/3700/9 5351/4847/9
f 5350/3700/9 5349/4846/9 5352/4848/9
f 5353/4849/7 5354/4850/7 5355/4851/7
f 5354/4850/7 5353/4849/7 5356/4852/7
f 5357/4853/6 5358/4854/6 5359/4855/6
f 5358/4854/6 5357/4853/6 5360/4856/6
f 5361/4857/5 5362/4858/5 5363/4859/5
f 5362/4858/5 5361/4857/5 5364/4860/5
f 5365/4861/10 5366/4862/10 5367/4863/10
f 5365/4861/10 5367/4863/10 5368/4864/10
f 5369/4865/7 5370/4866/7 5371/4867/7
f 5369/4865/7 5371/4867/7 5372/4828/7
f 5373/4868/9 5374/4869/9 5375/4864/9
f 5373/4868/9 5375/4864/9 5376/4870/9
f 5377/4871/8 5378/4872/8 5379/4873/8
f 5377/4871/8 5379/4873/8 5380/4874/8
f 5381/4875/6 5382/4876/6 5383/4877/6
f 5384/4878/6 5382/4876/6 5381/4875/6
f 5385/4879/5 5386/4880/5 5387/4881/5
f 5388/4882/5 5386/4880/5 5385/4879/5
f 5389/4883/10 5390/3785/10 5391/3787/10
f 5392/4884/10 5390/3785/10 5389/4883/10
f 5393/4885/7 5394/4886/7 5395/4887/7
f 5393/4885/7 5396/4888/7 5394/4886/7
f 5397/2285/9 5398/4889/9 5399/4890/9
f 5400/2284/9 5398/4889/9 5397/2285/9
f 5401/4891/8 5402/4892/8 5403/4893/8
f 5401/4891/8 5403/4893/8 5404/4894/8
f 5405/4895/6 5406/4896/6 5407/4897/6
f 5405/4895/6 5407/4897/6 5408/4898/6
f 5409/4899/5 5410/4898/5 5411/4897/5
f 5409/4899/5 5412/4900/5 5410/4898/5
f 5413/4901/9 5414/4902/9 5415/4903/9
f 5413/4901/9 5415/4903/9 5416/4904/9
f 5417/4905/8 5418/4906/8 5419/4907/8
f 5417/4905/8 5420/4750/8 5418/4906/8
f 5421/4908/10 5422/4909/10 5423/4910/10
f 5421/4908/10 5424/4911/10 5422/4909/10
f 5425/4912/7 5426/4913/7 5427/4914/7
f 5425/4912/7 5428/4915/7 5426/4913/7
f 5429/4916/6 5430/4917/6 5431/4918/6
f 5429/4916/6 5432/4919/6 5430/4917/6
f 5433/4920/5 5434/4921/5 5435/4922/5
f 5433/4920/5 5436/4923/5 5434/4921/5
f 5437/4924/9 5438/4925/9 5439/4926/9
f 5440/4927/9 5438/4925/9 5437/4924/9
f 5441/4844/8 5442/4928/8 5443/4929/8
f 5441/4844/8 5443/4929/8 5444/4845/8
f 5445/4930/10 5446/4931/10 5447/4932/10
f 5448/4933/10 5446/4931/10 5445/4930/10
f 5449/4934/7 5450/4935/7 5451/4936/7
f 5449/4934/7 5452/4937/7 5450/4935/7
f 5453/4938/6 5454/4939/6 5455/4940/6
f 5454/4939/6 5453/4938/6 5456/4941/6
f 5457/4938/5 5458/4940/5 5459/4942/5
f 5460/4943/5 5457/4938/5 5459/4942/5
f 5461/4909/9 5462/4944/9 5463/4910/9
f 5462/4944/9 5461/4909/9 5464/4945/9
f 5465/4946/7 5466/4947/7 5467/4948/7
f 5466/4947/7 5465/4946/7 5468/4949/7
f 5469/4950/10 5470/4951/10 5471/4952/10
f 5470/4951/10 5469/4950/10 5472/4953/10
f 5473/4954/8 5474/4955/8 5475/4956/8
f 5474/4955/8 5473/4954/8 5476/4957/8
f 5477/4958/6 5478/4959/6 5479/4960/6
f 5480/4961/6 5477/4958/6 5479/4960/6
f 5481/4962/5 5482/4963/5 5483/4964/5
f 5484/4965/5 5481/4962/5 5483/4964/5
f 5485/4966/9 5486/3735/9 5487/4967/9
f 5486/3735/9 5485/4966/9 5488/3736/9
f 5489/4968/7 5490/4969/7 5491/4970/7
f 5490/4969/7 5489/4968/7 5492/4971/7
f 5493/4972/10 5494/4973/10 5495/4974/10
f 5494/4973/10 5493/4972/10 5496/4975/10
f 5497/4976/8 5498/4977/8 5499/4978/8
f 5498/4977/8 5497/4976/8 5500/4979/8
f 5501/4980/10 5502/4981/10 5503/4982/10
f 5504/4983/10 5503/4982/10 5502/4981/10
f 5505/4984/9 5506/4985/9 5507/4986/9
f 5508/4987/9 5507/4986/9 5506/4985/9
f 5509/4988/7 5510/4989/7 5511/4990/7
f 5512/4991/7 5511/4990/7 5510/4989/7
f 5513/4992/8 5514/4993/8 5515/4994/8
f 5516/4995/8 5515/4994/8 5514/4993/8
f 5517/4996/5 5518/3810/5 5519/3812/5
f 5517/4996/5 5519/3812/5 5520/4997/5
f 5521/4998/6 5522/4999/6 5523/5000/6
f 5524/5001/6 5521/4998/6 5523/5000/6
f 5525/5002/6 5526/4656/6 5527/4657/6
f 5526/4656/6 5525/5002/6 5528/5003/6
f 5529/5004/5 5530/5005/5 5531/5006/5
f 5530/5005/5 5529/5004/5 5532/5007/5
f 5533/5008/10 5534/5009/10 5535/5010/10
f 5534/5009/10 5533/5008/10 5536/5011/10
f 5537/5012/8 5538/4351/8 5539/5013/8
f 5538/4351/8 5537/5012/8 5540/4352/8
f 5541/4494/9 5542/5014/9 5543/5015/9
f 5542/5014/9 5541/4494/9 5544/5016/9
f 5545/5017/7 5546/5018/7 5547/5019/7
f 5546/5018/7 5545/5017/7 5548/5020/7
f 5549/5021/7 5550/5022/7 5551/5023/7
f 5550/5022/7 5549/5021/7 5552/5024/7
f 5553/4961/6 5554/4960/6 5555/5025/6
f 5556/5026/6 5553/4961/6 5555/5025/6
f 5557/5027/9 5558/4509/9 5559/5028/9
f 5558/4509/9 5557/5027/9 5560/4510/9
f 5561/5029/8 5562/5030/8 5563/5031/8
f 5562/5030/8 5561/5029/8 5564/5032/8
f 5565/5033/10 5566/1637/10 5567/5034/10
f 5566/1637/10 5565/5033/10 5568/5035/10
f 5569/5036/5 5570/5037/5 5571/4963/5
f 5572/4962/5 5569/5036/5 5571/4963/5
f 5573/5038/6 5574/5039/6 5575/5040/6
f 5574/5039/6 5573/5038/6 5576/5041/6
f 5577/5042/5 5578/5043/5 5579/5044/5
f 5578/5043/5 5577/5042/5 5580/5045/5
f 5581/5046/10 5582/4952/10 5583/5047/10
f 5582/4952/10 5581/5046/10 5584/4950/10
f 5585/5048/8 5586/5013/8 5587/5049/8
f 5586/5013/8 5585/5048/8 5588/5012/8
f 5589/5050/9 5590/5051/9 5591/5052/9
f 5590/5051/9 5589/5050/9 5592/5053/9
f 5593/5054/7 5594/5055/7 5595/5056/7
f 5594/5055/7 5593/5054/7 5596/5057/7
f 5597/5058/6 5598/2561/6 5599/5059/6
f 5598/2561/6 5597/5058/6 5600/2562/6
f 5601/5060/5 5602/5061/5 5603/5059/5
f 5602/5061/5 5601/5060/5 5604/5062/5
f 5605/5063/10 5606/5064/10 5607/5065/10
f 5606/5064/10 5605/5063/10 5608/5066/10
f 5609/5067/8 5610/5068/8 5611/5069/8
f 5610/5068/8 5609/5067/8 5612/5070/8
f 5613/5071/9 5614/5072/9 5615/5073/9
f 5614/5072/9 5613/5071/9 5616/5074/9
f 5617/5075/7 5618/5076/7 5619/5077/7
f 5618/5076/7 5617/5075/7 5620/5078/7
f 5621/5079/6 5622/5080/6 5623/5081/6
f 5622/5080/6 5621/5079/6 5624/5082/6
f 5625/3120/5 5626/5083/5 5627/5084/5
f 5626/5083/5 5625/3120/5 5628/5085/5
f 5629/5086/10 5630/5015/10 5631/5087/10
f 5630/5015/10 5629/5086/10 5632/5088/10
f 5633/5089/8 5634/5090/8 5635/5091/8
f 5634/5090/8 5633/5089/8 5636/5092/8
f 5637/5093/9 5638/5094/9 5639/5095/9
f 5638/5094/9 5637/5093/9 5640/5096/9
f 5641/5097/7 5642/5098/7 5643/5099/7
f 5642/5098/7 5641/5097/7 5644/5100/7
f 5645/5101/6 5646/5102/6 5647/5103/6
f 5646/5102/6 5645/5101/6 5648/5104/6
f 5649/5105/5 5650/5106/5 5651/5107/5
f 5650/5106/5 5649/5105/5 5652/5108/5
f 5653/2872/10 5654/5109/10 5655/5110/10
f 5654/5109/10 5653/2872/10 5656/5111/10
f 5657/5112/8 5658/5113/8 5659/5114/8
f 5658/5113/8 5657/5112/8 5660/5115/8
f 5661/5116/9 5662/5117/9 5663/5118/9
f 5662/5117/9 5661/5116/9 5664/5119/9
f 5665/5120/7 5666/3791/7 5667/5121/7
f 5666/3791/7 5665/5120/7 5668/3789/7
f 5669/4701/6 5670/5122/6 5671/5123/6
f 5672/4700/6 5670/5122/6 5669/4701/6
f 5673/5124/5 5674/5123/5 5675/5122/5
f 5676/5125/5 5674/5123/5 5673/5124/5
f 5677/5126/10 5678/5127/10 5679/5128/10
f 5677/5126/10 5679/5128/10 5680/5129/10
f 5681/5130/7 5682/5131/7 5683/5132/7
f 5681/5130/7 5684/5133/7 5682/5131/7
f 5685/5134/9 5686/5135/9 5687/5136/9
f 5685/5134/9 5688/5137/9 5686/5135/9
f 5689/2906/8 5690/5138/8 5691/5139/8
f 5689/2906/8 5691/5139/8 5692/5140/8
f 5693/5141/7 5694/5142/7 5695/5143/7
f 5694/5142/7 5693/5141/7 5696/5144/7
f 5697/5145/6 5698/5146/6 5699/5147/6
f 5698/5146/6 5697/5145/6 5700/4943/6
f 5701/5095/9 5702/5148/9 5703/5149/9
f 5702/5148/9 5701/5095/9 5704/5094/9
f 5705/5150/8 5706/5151/8 5707/5152/8
f 5706/5151/8 5705/5150/8 5708/5153/8
f 5709/5154/10 5710/5155/10 5711/5156/10
f 5710/5155/10 5709/5154/10 5712/5157/10
f 5713/5145/5 5714/5147/5 5715/5158/5
f 5716/5159/5 5713/5145/5 5715/5158/5
f 5717/5125/6 5718/5160/6 5719/5161/6
f 5720/5124/6 5718/5160/6 5717/5125/6
f 5721/5162/5 5722/5161/5 5723/5160/5
f 5724/5163/5 5722/5161/5 5721/5162/5
f 5725/5164/10 5726/4708/10 5727/5165/10
f 5725/5164/10 5728/5166/10 5726/4708/10
f 5729/5167/7 5730/2221/7 5731/5168/7
f 5729/5167/7 5732/5169/7 5730/2221/7
f 5733/5170/9 5734/5171/9 5735/5172/9
f 5733/5170/9 5736/5173/9 5734/5171/9
f 5737/5140/8 5738/5139/8 5739/5174/8
f 5737/5140/8 5739/5174/8 5740/5175/8
f 5741/2629/6 5742/5176/6 5743/2627/6
f 5744/5177/6 5742/5176/6 5741/2629/6
f 5745/5178/5 5746/5179/5 5747/5180/5
f 5748/5181/5 5746/5179/5 5745/5178/5
f 5749/4473/10 5750/4472/10 5751/5182/10
f 5749/4473/10 5751/5182/10 5752/5183/10
f 5753/5184/7 5754/5185/7 5755/5186/7
f 5753/5184/7 5755/5186/7 5756/5187/7
f 5757/5188/9 5758/5189/9 5759/5190/9
f 5757/5188/9 5759/5190/9 5760/5191/9
f 5761/5192/8 5762/5193/8 5763/5194/8
f 5761/5192/8 5764/5195/8 5762/5193/8
f 5765/5163/6 5766/5196/6 5767/5197/6
f 5768/5162/6 5766/5196/6 5765/5163/6
f 5769/5198/5 5770/5197/5 5771/5196/5
f 5772/5199/5 5770/5197/5 5769/5198/5
f 5773/5200/10 5774/5201/10 5775/5202/10
f 5773/5200/10 5776/5203/10 5774/5201/10
f 5777/5204/7 5778/5205/7 5779/5206/7
f 5777/5204/7 5780/5207/7 5778/5205/7
f 5781/5202/9 5782/5208/9 5783/5200/9
f 5781/5202/9 5784/5209/9 5782/5208/9
f 5785/5210/8 5786/5211/8 5787/5212/8
f 5785/5210/8 5788/5213/8 5786/5211/8
f 5789/5214/6 5790/5215/6 5791/5216/6
f 5792/5217/6 5790/5215/6 5789/5214/6
f 5793/5218/5 5794/5219/5 5795/5220/5
f 5796/5221/5 5794/5219/5 5793/5218/5
f 5797/5222/10 5798/2136/10 5799/4211/10
f 5800/5223/10 5798/2136/10 5797/5222/10
f 5801/5224/7 5802/1947/7 5803/5225/7
f 5801/5224/7 5804/5226/7 5802/1947/7
f 5805/4808/9 5806/5227/9 5807/5228/9
f 5808/4810/9 5806/5227/9 5805/4808/9
f 5809/5229/8 5810/5230/8 5811/5231/8
f 5809/5229/8 5812/5232/8 5810/5230/8
f 5813/4859/6 5814/5233/6 5815/5234/6
f 5813/4859/6 5815/5234/6 5816/4857/6
f 5817/5235/5 5818/5236/5 5819/5237/5
f 5818/5236/5 5817/5235/5 5820/5238/5
f 5821/5239/9 5822/5240/9 5823/5241/9
f 5821/5239/9 5823/5241/9 5824/5157/9
f 5825/5242/8 5826/5243/8 5827/5244/8
f 5825/5242/8 5827/5244/8 5828/5245/8
f 5829/5008/10 5830/5246/10 5831/5247/10
f 5829/5008/10 5831/5247/10 5832/5248/10
f 5833/5249/7 5834/5250/7 5835/5251/7
f 5833/5249/7 5835/5251/7 5836/5252/7
f 5837/4419/7 5838/5253/7 5839/4417/7
f 5838/5253/7 5837/4419/7 5840/5254/7
f 5841/5255/6 5842/5256/6 5843/5257/6
f 5844/5258/6 5841/5255/6 5843/5257/6
f 5845/5259/9 5846/5260/9 5847/5261/9
f 5846/5260/9 5845/5259/9 5848/5262/9
f 5849/5263/8 5850/4182/8 5851/5264/8
f 5850/4182/8 5849/5263/8 5852/4181/8
f 5853/5265/10 5854/5266/10 5855/5267/10
f 5854/5266/10 5853/5265/10 5856/5268/10
f 5857/5256/5 5858/5255/5 5859/5269/5
f 5860/5270/5 5857/5256/5 5859/5269/5
f 5861/5235/6 5862/5271/6 5863/5272/6
f 5861/5235/6 5863/5272/6 5864/5238/6
f 5865/5273/5 5866/5272/5 5867/5271/5
f 5866/5272/5 5865/5273/5 5868/5274/5
f 5869/5275/9 5870/5276/9 5871/5277/9
f 5869/5275/9 5871/5277/9 5872/5278/9
f 5873/5245/8 5874/5244/8 5875/5279/8
f 5873/5245/8 5875/5279/8 5876/5280/8
f 5877/5281/10 5878/5282/10 5879/5283/10
f 5877/5281/10 5879/5283/10 5880/5284/10
f 5881/5285/7 5882/5286/7 5883/4302/7
f 5881/5285/7 5883/4302/7 5884/4299/7
f 5885/2690/6 5886/5287/6 5887/5288/6
f 5885/2690/6 5887/5288/6 5888/2691/6
f 5889/5289/5 5890/5290/5 5891/5287/5
f 5890/5290/5 5889/5289/5 5892/5291/5
f 5893/5292/9 5894/5293/9 5895/5294/9
f 5893/5292/9 5895/5294/9 5896/5268/9
f 5897/5194/8 5898/5295/8 5899/5296/8
f 5897/5194/8 5899/5296/8 5900/5297/8
f 5901/5298/10 5902/5299/10 5903/5300/10
f 5901/5298/10 5903/5300/10 5904/5301/10
f 5905/5302/7 5906/5069/7 5907/5303/7
f 5905/5302/7 5907/5303/7 5908/5304/7
f 5909/5305/6 5910/5306/6 5911/5307/6
f 5909/5305/6 5911/5307/6 5912/5308/6
f 5913/5309/5 5914/5307/5 5915/5306/5
f 5914/5307/5 5913/5309/5 5916/5310/5
f 5917/5311/9 5918/5312/9 5919/5313/9
f 5917/5311/9 5919/5313/9 5920/5314/9
f 5921/5280/8 5922/5279/8 5923/5315/8
f 5921/5280/8 5923/5315/8 5924/5316/8
f 5925/5317/10 5926/5318/10 5927/5319/10
f 5925/5317/10 5927/5319/10 5928/5320/10
f 5929/5321/7 5930/5322/7 5931/4342/7
f 5929/5321/7 5931/4342/7 5932/4341/7
f 5933/5323/6 5934/5324/6 5935/5325/6
f 5934/5324/6 5933/5323/6 5936/5326/6
f 5937/5327/5 5938/5328/5 5939/5329/5
f 5937/5327/5 5939/5329/5 5940/5330/5
f 5941/5116/9 5942/5331/9 5943/5332/9
f 5944/5333/9 5942/5331/9 5941/5116/9
f 5945/5334/8 5946/5335/8 5947/5336/8
f 5945/5334/8 5947/5336/8 5948/5337/8
f 5949/5338/10 5950/5339/10 5951/5340/10
f 5952/5341/10 5950/5339/10 5949/5338/10
f 5953/5342/7 5954/5343/7 5955/1778/7
f 5953/5342/7 5955/1778/7 5956/5344/7
f 5957/5345/6 5958/4780/6 5959/5346/6
f 5958/4780/6 5957/5345/6 5960/5347/6
f 5961/5345/5 5962/5346/5 5963/5348/5
f 5964/5349/5 5961/5345/5 5963/5348/5
f 5965/5350/9 5966/5351/9 5967/5352/9
f 5966/5351/9 5965/5350/9 5968/5353/9
f 5969/2599/7 5970/5354/7 5971/2597/7
f 5970/5354/7 5969/2599/7 5972/5355/7
f 5973/5356/10 5974/5357/10 5975/5358/10
f 5974/5357/10 5973/5356/10 5976/5248/10
f 5977/5359/8 5978/5360/8 5979/5361/8
f 5978/5360/8 5977/5359/8 5980/4571/8
f 5981/5362/6 5982/5348/6 5983/5363/6
f 5982/5348/6 5981/5362/6 5984/5349/6
f 5985/5362/5 5986/5363/5 5987/5364/5
f 5988/5365/5 5985/5362/5 5987/5364/5
f 5989/5283/9 5990/5366/9 5991/5367/9
f 5990/5366/9 5989/5283/9 5992/5368/9
f 5993/5100/7 5994/5369/7 5995/5098/7
f 5994/5369/7 5993/5100/7 5996/5370/7
f 5997/5371/10 5998/5372/10 5999/5373/10
f 5998/5372/10 5997/5371/10 6000/5374/10
f 6001/5375/8 6002/5376/8 6003/5377/8
f 6002/5376/8 6001/5375/8 6004/5378/8
f 6005/5379/6 6006/5380/6 6007/5381/6
f 6008/5382/6 6005/5379/6 6007/5381/6
f 6009/5383/5 6010/5384/5 6011/5385/5
f 6012/5386/5 6009/5383/5 6011/5385/5
f 6013/5387/9 6014/5388/9 6015/5389/9
f 6014/5388/9 6013/5387/9 6016/5390/9
f 6017/5391/7 6018/5392/7 6019/5393/7
f 6018/5392/7 6017/5391/7 6020/5394/7
f 6021/5395/10 6022/5390/10 6023/5396/10
f 6022/5390/10 6021/5395/10 6024/5397/10
f 6025/5398/8 6026/2770/8 6027/5399/8
f 6026/2770/8 6025/5398/8 6028/2768/8
f 6029/5400/6 6030/5364/6 6031/5401/6
f 6030/5364/6 6029/5400/6 6032/5402/6
f 6033/5400/5 6034/5401/5 6035/5403/5
f 6036/5404/5 6033/5400/5 6035/5403/5
f 6037/5405/9 6038/5406/9 6039/5407/9
f 6038/5406/9 6037/5405/9 6040/5408/9
f 6041/5409/7 6042/5410/7 6043/5411/7
f 6042/5410/7 6041/5409/7 6044/5412/7
f 6045/5413/10 6046/5407/10 6047/5406/10
f 6046/5407/10 6045/5413/10 6048/5414/10
f 6049/5415/8 6050/5416/8 6051/5417/8
f 6050/5416/8 6049/5415/8 6052/5418/8
f 6053/4800/6 6054/4799/6 6055/5419/6
f 6056/5420/6 6053/4800/6 6055/5419/6
f 6057/5421/5 6058/5422/5 6059/5420/5
f 6060/5419/5 6057/5421/5 6059/5420/5
f 6061/5423/9 6062/5227/9 6063/5424/9
f 6062/5227/9 6061/5423/9 6064/5228/9
f 6065/5425/7 6066/5426/7 6067/5427/7
f 6066/5426/7 6065/5425/7 6068/5428/7
f 6069/5429/10 6070/5430/10 6071/5431/10
f 6070/5430/10 6069/5429/10 6072/5432/10
f 6073/5433/8 6074/5434/8 6075/5435/8
f 6074/5434/8 6073/5433/8 6076/5436/8
f 6077/5437/10 6078/5438/10 6079/5439/10
f 6080/5440/10 6079/5439/10 6078/5438/10
f 6081/5441/9 6082/5442/9 6083/5443/9
f 6084/5444/9 6083/5443/9 6082/5442/9
f 6085/5445/7 6086/5446/7 6087/5447/7
f 6088/5448/7 6087/5447/7 6086/5446/7
f 6089/5449/8 6090/5450/8 6091/5451/8
f 6092/5452/8 6091/5451/8 6090/5450/8
f 6093/5453/5 6094/5454/5 6095/5455/5
f 6093/5453/5 6095/5455/5 6096/5456/5
f 6097/5457/6 6098/5458/6 6099/5459/6
f 6100/5460/6 6097/5457/6 6099/5459/6
f 6101/5461/8 6102/5462/8 6103/5463/8
f 6102/5462/8 6101/5461/8 6104/5464/8
f 6105/5465/7 6106/5466/7 6107/5467/7
f 6106/5466/7 6105/5465/7 6108/2428/7
f 6109/5468/9 6110/1793/9 6111/5469/9
f 6110/1793/9 6109/5468/9 6112/5470/9
f 6113/5471/5 6114/5472/5 6115/5473/5
f 6116/5474/5 6113/5471/5 6115/5473/5
f 6117/5475/10 6118/5476/10 6119/5477/10
f 6118/5476/10 6117/5475/10 6120/5478/10
f 6121/5479/6 6122/5480/6 6123/5481/6
f 6124/5482/6 6121/5479/6 6123/5481/6
f 6125/5483/8 6126/5484/8 6127/5485/8
f 6126/5484/8 6125/5483/8 6128/5486/8
f 6129/5486/7 6130/5487/7 6131/5488/7
f 6130/5487/7 6129/5486/7 6132/5483/7
f 6133/5489/9 6134/5490/9 6135/5491/9
f 6134/5490/9 6133/5489/9 6136/5492/9
f 6137/5493/5 6138/5494/5 6139/5495/5
f 6140/5496/5 6137/5493/5 6139/5495/5
f 6141/5497/10 6142/5498/10 6143/5499/10
f 6142/5498/10 6141/5497/10 6144/5500/10
f 6145/5496/6 6146/5501/6 6147/5502/6
f 6148/5493/6 6145/5496/6 6147/5502/6
f 6149/1761/8 6150/5503/8 6151/1759/8
f 6150/5503/8 6149/1761/8 6152/5504/8
f 6153/5505/7 6154/5506/7 6155/5507/7
f 6154/5506/7 6153/5505/7 6156/5508/7
f 6157/5509/9 6158/5510/9 6159/5511/9
f 6158/5510/9 6157/5509/9 6160/5512/9
f 6161/5513/5 6162/5514/5 6163/5515/5
f 6164/5516/5 6161/5513/5 6163/5515/5
f 6165/5517/10 6166/5518/10 6167/5519/10
f 6166/5518/10 6165/5517/10 6168/5520/10
f 6169/5521/6 6170/5522/6 6171/5523/6
f 6172/5524/6 6169/5521/6 6171/5523/6
f 6173/5525/10 6174/5526/10 6175/5527/10
f 6174/5526/10 6173/5525/10 6176/5528/10
f 6177/5529/9 6178/5530/9 6179/5531/9
f 6178/5530/9 6177/5529/9 6180/5532/9
f 6181/5533/8 6182/5534/8 6183/5535/8
f 6182/5534/8 6181/5533/8 6184/5536/8
f 6185/5537/5 6186/5538/5 6187/5539/5
f 6185/5537/5 6187/5539/5 6188/5540/5
f 6189/5541/7 6190/5542/7 6191/5543/7
f 6190/5542/7 6189/5541/7 6192/5544/7
f 6193/5545/6 6194/5546/6 6195/5547/6
f 6194/5546/6 6193/5545/6 6196/5548/6
f 6197/5549/10 6198/5550/10 6199/5551/10
f 6198/5550/10 6197/5549/10 6200/5552/10
f 6201/5553/9 6202/5554/9 6203/5555/9
f 6202/5554/9 6201/5553/9 6204/5556/9
f 6205/5557/8 6206/5558/8 6207/5559/8
f 6206/5558/8 6205/5557/8 6208/5560/8
f 6209/5561/5 6210/5562/5 6211/5563/5
f 6209/5561/5 6212/5564/5 6210/5562/5
f 6213/5565/7 6214/5566/7 6215/5567/7
f 6214/5566/7 6213/5565/7 6216/5568/7
f 6217/5569/6 6218/5570/6 6219/5571/6
f 6218/5570/6 6217/5569/6 6220/5572/6
f 6221/5573/10 6222/5574/10 6223/5575/10
f 6222/5574/10 6221/5573/10 6224/5576/10
f 6225/5577/9 6226/5578/9 6227/5579/9
f 6226/5578/9 6225/5577/9 6228/5580/9
f 6229/5581/8 6230/5582/8 6231/5583/8
f 6230/5582/8 6229/5581/8 6232/5584/8
f 6233/5585/5 6234/1990/5 6235/5586/5
f 6233/5585/5 6235/5586/5 6236/5587/5
f 6237/5588/7 6238/5589/7 6239/5590/7
f 6238/5589/7 6237/5588/7 6240/5591/7
f 6241/5592/6 6242/5593/6 6243/5594/6
f 6244/5595/6 6242/5593/6 6241/5592/6
f 6245/5596/7 6246/5597/7 6247/5598/7
f 6246/5597/7 6245/5596/7 6248/5599/7
f 6249/5600/8 6250/5601/8 6251/5602/8
f 6250/5601/8 6249/5600/8 6252/5603/8
f 6253/5604/10 6254/5605/10 6255/5606/10
f 6254/5605/10 6253/5604/10 6256/1973/10
f 6257/5607/5 6258/5608/5 6259/5609/5
f 6258/5608/5 6257/5607/5 6260/5610/5
f 6261/5611/9 6262/5612/9 6263/5613/9
f 6262/5612/9 6261/5611/9 6264/5614/9
f 6265/5615/6 6266/5616/6 6267/5617/6
f 6266/5616/6 6265/5615/6 6268/5618/6
f 6269/4043/7 6270/5619/7 6271/5620/7
f 6270/5619/7 6269/4043/7 6272/5621/7
f 6273/5622/8 6274/5623/8 6275/5624/8
f 6274/5623/8 6273/5622/8 6276/5625/8
f 6277/5626/10 6278/5627/10 6279/5628/10
f 6278/5627/10 6277/5626/10 6280/5629/10
f 6281/5630/5 6282/5631/5 6283/5632/5
f 6282/5631/5 6281/5630/5 6284/5633/5
f 6285/5634/9 6286/5635/9 6287/5636/9
f 6286/5635/9 6285/5634/9 6288/5637/9
f 6289/5638/6 6290/5639/6 6291/5640/6
f 6290/5639/6 6289/5638/6 6292/5641/6
f 6293/1903/7 6294/5642/7 6295/1901/7
f 6294/5642/7 6293/1903/7 6296/5643/7
f 6297/5644/8 6298/1907/8 6299/1904/8
f 6298/1907/8 6297/5644/8 6300/5645/8
f 6301/5646/10 6302/5647/10 6303/5648/10
f 6302/5647/10 6301/5646/10 6304/5649/10
f 6305/5650/5 6306/2676/5 6307/5651/5
f 6306/2676/5 6305/5650/5 6308/5652/5
f 6309/5653/9 6310/5654/9 6311/5655/9
f 6310/5654/9 6309/5653/9 6312/5656/9
f 6313/5657/6 6314/5658/6 6315/5598/6
f 6314/5658/6 6313/5657/6 6316/5659/6
f 6317/5660/9 6318/5661/9 6319/5662/9
f 6318/5661/9 6317/5660/9 6320/5663/9
f 6321/3950/10 6322/5664/10 6323/3949/10
f 6322/5664/10 6321/3950/10 6324/5665/10
f 6325/5666/7 6326/5667/7 6327/5668/7
f 6326/5667/7 6325/5666/7 6328/5669/7
f 6329/5670/5 6330/5671/5 6331/5672/5
f 6332/5673/5 6330/5671/5 6329/5670/5
f 6333/5674/8 6334/1981/8 6335/5675/8
f 6334/1981/8 6333/5674/8 6336/5676/8
f 6337/5677/6 6338/5678/6 6339/5679/6
f 6337/5677/6 6339/5679/6 6340/5680/6
f 6341/5681/9 6342/5682/9 6343/5683/9
f 6342/5682/9 6341/5681/9 6344/5684/9
f 6345/5685/10 6346/5686/10 6347/5687/10
f 6346/5686/10 6345/5685/10 6348/5688/10
f 6349/5689/7 6350/5690/7 6351/5691/7
f 6350/5690/7 6349/5689/7 6352/5692/7
f 6353/5693/5 6354/5694/5 6355/5695/5
f 6356/5696/5 6354/5694/5 6353/5693/5
f 6357/5697/8 6358/5698/8 6359/5690/8
f 6358/5698/8 6357/5697/8 6360/5699/8
f 6361/5700/6 6362/5701/6 6363/5702/6
f 6361/5700/6 6364/5703/6 6362/5701/6
f 6365/5704/9 6366/5705/9 6367/5706/9
f 6366/5705/9 6365/5704/9 6368/5707/9
f 6369/5708/10 6370/5709/10 6371/5710/10
f 6370/5709/10 6369/5708/10 6372/5711/10
f 6373/5712/7 6374/5713/7 6375/5714/7
f 6374/5713/7 6373/5712/7 6376/5715/7
f 6377/5716/5 6378/5717/5 6379/5718/5
f 6380/5719/5 6378/5717/5 6377/5716/5
f 6381/5720/8 6382/5721/8 6383/5722/8
f 6382/5721/8 6381/5720/8 6384/5723/8
f 6385/5724/6 6386/5725/6 6387/5726/6
f 6385/5724/6 6387/5726/6 6388/5727/6
f 6389/5728/8 6390/5729/8 6391/5730/8
f 6390/5729/8 6389/5728/8 6392/5731/8
f 6393/5732/7 6394/5733/7 6395/5734/7
f 6394/5733/7 6393/5732/7 6396/5735/7
f 6397/5736/9 6398/5737/9 6399/5738/9
f 6398/5737/9 6397/5736/9 6400/5739/9
f 6401/5740/5 6402/5741/5 6403/5742/5
f 6402/5741/5 6401/5740/5 6404/5743/5
f 6405/5744/10 6406/5745/10 6407/5746/10
f 6406/5745/10 6405/5744/10 6408/5747/10
f 6409/5748/6 6410/5749/6 6411/5750/6
f 6412/5742/6 6409/5748/6 6411/5750/6
f 6413/5751/6 6414/5752/6 6415/5753/6
f 6414/5752/6 6413/5751/6 6416/5754/6
f 6417/5755/5 6418/5756/5 6419/5757/5
f 6418/5756/5 6417/5755/5 6420/5758/5
f 6421/5759/10 6422/5760/10 6423/4263/10
f 6422/5760/10 6421/5759/10 6424/5761/10
f 6425/5762/8 6426/5315/8 6427/5763/8
f 6426/5315/8 6425/5762/8 6428/5764/8
f 6429/5765/9 6430/5766/9 6431/5767/9
f 6430/5766/9 6429/5765/9 6432/5768/9
f 6433/5769/7 6434/5770/7 6435/5771/7
f 6434/5770/7 6433/5769/7 6436/5772/7
f 6437/5773/8 6438/5774/8 6439/5775/8
f 6437/5773/8 6439/5775/8 6440/5776/8
f 6441/5777/6 6442/5778/6 6443/5779/6
f 6441/5777/6 6443/5779/6 6444/5780/6
f 6445/5781/9 6446/5782/9 6447/5783/9
f 6448/5784/9 6446/5782/9 6445/5781/9
f 6449/5785/7 6450/5786/7 6451/5787/7
f 6449/5785/7 6452/5788/7 6450/5786/7
f 6453/5789/10 6454/5790/10 6455/5791/10
f 6456/5792/10 6454/5790/10 6453/5789/10
f 6457/5793/5 6458/5794/5 6459/5795/5
f 6457/5793/5 6459/5795/5 6460/5796/5
f 6461/5797/6 6462/5798/6 6463/5799/6
f 6462/5798/6 6461/5797/6 6464/5800/6
f 6465/5801/5 6466/5802/5 6467/5803/5
f 6466/5802/5 6465/5801/5 6468/5804/5
f 6469/5805/10 6470/4831/10 6471/5806/10
f 6470/4831/10 6469/5805/10 6472/4830/10
f 6473/5807/8 6474/5808/8 6475/5809/8
f 6474/5808/8 6473/5807/8 6476/5810/8
f 6477/5806/9 6478/5811/9 6479/5805/9
f 6478/5811/9 6477/5806/9 6480/5812/9
f 6481/5813/7 6482/5814/7 6483/4161/7
f 6482/5814/7 6481/5813/7 6484/5815/7
f 6485/5816/6 6486/5817/6 6487/5818/6
f 6486/5817/6 6485/5816/6 6488/5819/6
f 6489/5820/5 6490/5821/5 6491/5818/5
f 6490/5821/5 6489/5820/5 6492/5822/5
f 6493/5823/10 6494/5824/10 6495/5825/10
f 6494/5824/10 6493/5823/10 6496/5826/10
f 6497/5827/8 6498/5828/8 6499/5829/8
f 6498/5828/8 6497/5827/8 6500/5830/8
f 6501/5825/9 6502/5831/9 6503/5823/9
f 6502/5831/9 6501/5825/9 6504/5832/9
f 6505/5264/7 6506/5833/7 6507/5263/7
f 6506/5833/7 6505/5264/7 6508/5834/7
f 6509/5835/6 6510/5836/6 6511/5837/6
f 6510/5836/6 6509/5835/6 6512/5838/6
f 6513/5839/5 6514/5840/5 6515/5841/5
f 6514/5840/5 6513/5839/5 6516/5842/5
f 6517/5843/10 6518/5844/10 6519/5845/10
f 6518/5844/10 6517/5843/10 6520/5846/10
f 6521/5847/8 6522/5809/8 6523/5848/8
f 6522/5809/8 6521/5847/8 6524/5807/8
f 6525/5845/9 6526/5849/9 6527/5843/9
f 6526/5849/9 6525/5845/9 6528/5850/9
f 6529/5851/7 6530/5852/7 6531/4200/7
f 6530/5852/7 6529/5851/7 6532/5853/7
f 6533/5854/6 6534/5855/6 6535/5856/6
f 6534/5855/6 6533/5854/6 6536/5857/6
f 6537/5858/5 6538/5859/5 6539/5860/5
f 6538/5859/5 6537/5858/5 6540/5861/5
f 6541/5862/10 6542/5863/10 6543/5341/10
f 6542/5863/10 6541/5862/10 6544/5864/10
f 6545/5865/8 6546/5866/8 6547/5867/8
f 6546/5866/8 6545/5865/8 6548/5868/8
f 6549/5869/9 6550/5870/9 6551/5871/9
f 6550/5870/9 6549/5869/9 6552/5872/9
f 6553/5873/7 6554/5874/7 6555/5875/7
f 6554/5874/7 6553/5873/7 6556/5876/7
f 6557/5877/7 6558/5878/7 6559/5879/7
f 6558/5878/7 6557/5877/7 6560/5880/7
f 6561/5501/6 6562/5881/6 6563/5882/6
f 6564/5502/6 6561/5501/6 6563/5882/6
f 6565/5883/9 6566/5884/9 6567/5885/9
f 6566/5884/9 6565/5883/9 6568/5886/9
f 6569/5887/8 6570/5888/8 6571/5889/8
f 6570/5888/8 6569/5887/8 6572/5890/8
f 6573/5891/10 6574/5892/10 6575/5893/10
f 6574/5892/10 6573/5891/10 6576/5894/10
f 6577/5895/5 6578/5882/5 6579/5881/5
f 6580/5896/5 6577/5895/5 6579/5881/5
f 6581/5897/6 6582/5898/6 6583/5899/6
f 6582/5898/6 6581/5897/6 6584/5900/6
f 6585/5901/5 6586/5902/5 6587/5903/5
f 6586/5902/5 6585/5901/5 6588/5904/5
f 6589/5356/10 6590/5358/10 6591/5905/10
f 6589/5356/10 6591/5905/10 6592/5906/10
f 6593/5907/7 6594/5133/7 6595/5908/7
f 6593/5907/7 6596/5909/7 6594/5133/7
f 6597/5910/9 6598/5911/9 6599/5912/9
f 6597/5910/9 6600/5913/9 6598/5911/9
f 6601/5847/8 6602/5914/8 6603/5915/8
f 6601/5847/8 6604/5848/8 6602/5914/8
f 6605/5916/8 6606/5917/8 6607/5918/8
f 6605/5916/8 6608/5919/8 6606/5917/8
f 6609/5920/6 6610/5921/6 6611/5922/6
f 6609/5920/6 6612/5923/6 6610/5921/6
f 6613/5913/9 6614/5924/9 6615/5911/9
f 6613/5913/9 6616/5925/9 6614/5924/9
f 6617/5926/7 6618/5927/7 6619/5928/7
f 6617/5926/7 6620/5929/7 6618/5927/7
f 6621/5930/10 6622/5925/10 6623/5931/10
f 6621/5930/10 6624/5924/10 6622/5925/10
f 6625/5932/5 6626/5922/5 6627/5921/5
f 6625/5932/5 6628/5933/5 6626/5922/5
f 6629/5934/6 6630/5935/6 6631/5936/6
f 6630/5935/6 6629/5934/6 6632/5937/6
f 6633/5938/5 6634/5939/5 6635/5940/5
f 6634/5939/5 6633/5938/5 6636/5941/5
f 6637/5942/10 6638/5943/10 6639/5944/10
f 6637/5942/10 6640/5945/10 6638/5943/10
f 6641/5946/7 6642/5169/7 6643/5947/7
f 6641/5946/7 6644/5948/7 6642/5169/7
f 6645/5949/9 6646/5950/9 6647/5951/9
f 6645/5949/9 6648/5952/9 6646/5950/9
f 6649/5915/8 6650/5953/8 6651/5954/8
f 6649/5915/8 6652/5914/8 6650/5953/8
f 6653/2882/6 6654/5955/6 6655/2881/6
f 6656/5956/6 6654/5955/6 6653/2882/6
f 6657/5957/5 6658/5958/5 6659/5959/5
f 6660/5960/5 6658/5958/5 6657/5957/5
f 6661/5961/10 6662/5962/10 6663/5963/10
f 6661/5961/10 6664/5964/10 6662/5962/10
f 6665/5965/7 6666/5827/7 6667/5829/7
f 6665/5965/7 6668/5966/7 6666/5827/7
f 6669/5967/9 6670/5968/9 6671/5969/9
f 6669/5967/9 6672/5970/9 6670/5968/9
f 6673/5966/8 6674/5971/8 6675/5972/8
f 6673/5966/8 6676/5965/8 6674/5971/8
f 6677/5973/6 6678/5974/6 6679/5975/6
f 6678/5974/6 6677/5973/6 6680/5976/6
f 6681/5977/5 6682/5978/5 6683/5979/5
f 6682/5978/5 6681/5977/5 6684/5980/5
f 6685/5981/10 6686/5982/10 6687/5983/10
f 6685/5981/10 6688/5930/10 6686/5982/10
f 6689/5984/7 6690/5207/7 6691/5985/7
f 6689/5984/7 6692/5986/7 6690/5207/7
f 6693/5987/9 6694/5988/9 6695/5989/9
f 6693/5987/9 6696/5990/9 6694/5988/9
f 6697/5991/8 6698/5992/8 6699/5993/8
f 6697/5991/8 6700/5994/8 6698/5992/8
f 6701/5995/6 6702/5996/6 6703/5997/6
f 6704/5998/6 6702/5996/6 6701/5995/6
f 6705/5999/5 6706/6000/5 6707/6001/5
f 6708/6002/5 6706/6000/5 6705/5999/5
f 6709/6003/10 6710/6004/10 6711/6005/10
f 6712/6006/10 6710/6004/10 6709/6003/10
f 6713/6007/7 6714/6008/7 6715/6009/7
f 6713/6007/7 6716/6010/7 6714/6008/7
f 6717/6011/9 6718/6012/9 6719/6013/9
f 6720/6014/9 6718/6012/9 6717/6011/9
f 6721/6015/8 6722/6016/8 6723/6008/8
f 6721/6015/8 6724/6017/8 6722/6016/8
f 6725/6018/7 6726/2294/7 6727/6019/7
f 6726/2294/7 6725/6018/7 6728/6020/7
f 6729/6021/6 6730/6022/6 6731/6023/6
f 6732/6024/6 6729/6021/6 6731/6023/6
f 6733/6025/9 6734/514/9 6735/6026/9
f 6734/514/9 6733/6025/9 6736/6027/9
f 6737/6028/8 6738/6029/8 6739/6030/8
f 6738/6029/8 6737/6028/8 6740/6031/8
f 6741/6032/10 6742/6033/10 6743/6034/10
f 6742/6033/10 6741/6032/10 6744/6035/10
f 6745/6036/5 6746/6037/5 6747/6038/5
f 6746/6037/5 6745/6036/5 6748/6039/5
f 6749/5933/6 6750/6040/6 6751/6041/6
f 6749/5933/6 6752/5932/6 6750/6040/6
f 6753/6042/5 6754/6041/5 6755/6040/5
f 6753/6042/5 6756/6043/5 6754/6041/5
f 6757/5990/9 6758/6044/9 6759/5988/9
f 6757/5990/9 6760/6045/9 6758/6044/9
f 6761/5089/8 6762/6046/8 6763/6047/8
f 6761/5089/8 6764/5091/8 6762/6046/8
f 6765/6048/10 6766/6049/10 6767/6050/10
f 6765/6048/10 6768/6051/10 6766/6049/10
f 6769/6052/7 6770/6053/7 6771/3595/7
f 6769/6052/7 6772/6054/7 6770/6053/7
f 6773/5304/8 6774/6055/8 6775/5302/8
f 6773/5304/8 6776/6056/8 6774/6055/8
f 6777/6057/6 6778/6058/6 6779/6059/6
f 6777/6057/6 6780/6060/6 6778/6058/6
f 6781/6061/9 6782/6062/9 6783/6063/9
f 6781/6061/9 6784/6064/9 6782/6062/9
f 6785/6065/7 6786/3581/7 6787/6066/7
f 6785/6065/7 6788/6067/7 6786/3581/7
f 6789/5831/10 6790/6068/10 6791/6069/10
f 6789/5831/10 6792/6070/10 6790/6068/10
f 6793/6071/5 6794/6072/5 6795/6073/5
f 6793/6071/5 6796/6074/5 6794/6072/5
f 6797/6043/6 6798/6075/6 6799/6076/6
f 6797/6043/6 6800/6042/6 6798/6075/6
f 6801/6077/5 6802/6076/5 6803/6075/5
f 6801/6077/5 6804/6078/5 6802/6076/5
f 6805/6079/9 6806/5952/9 6807/6080/9
f 6805/6079/9 6808/6081/9 6806/5952/9
f 6809/6047/8 6810/6082/8 6811/6083/8
f 6809/6047/8 6812/6046/8 6810/6082/8
f 6813/6081/10 6814/6084/10 6815/6085/10
f 6813/6081/10 6816/6079/10 6814/6084/10
f 6817/6086/7 6818/6087/7 6819/6088/7
f 6817/6086/7 6820/6089/7 6818/6087/7
f 6821/6090/6 6822/6091/6 6823/6092/6
f 6821/6090/6 6824/6093/6 6822/6091/6
f 6825/6094/5 6826/6095/5 6827/6096/5
f 6825/6094/5 6828/6097/5 6826/6095/5
f 6829/6098/9 6830/6064/9 6831/6061/9
f 6829/6098/9 6832/6099/9 6830/6064/9
f 6833/6100/8 6834/6101/8 6835/6102/8
f 6833/6100/8 6836/6103/8 6834/6101/8
f 6837/6104/10 6838/6105/10 6839/6106/10
f 6837/6104/10 6840/6107/10 6838/6105/10
f 6841/6108/7 6842/6109/7 6843/6110/7
f 6841/6108/7 6844/6111/7 6842/6109/7
f 6845/6078/6 6846/6112/6 6847/6113/6
f 6845/6078/6 6848/6077/6 6846/6112/6
f 6849/6114/5 6850/6113/5 6851/6112/5
f 6849/6114/5 6852/6115/5 6850/6113/5
f 6853/6045/9 6854/6116/9 6855/6044/9
f 6853/6045/9 6856/6117/9 6854/6116/9
f 6857/6083/8 6858/6118/8 6859/6119/8
f 6857/6083/8 6860/6082/8 6858/6118/8
f 6861/6120/10 6862/6121/10 6863/6122/10
f 6861/6120/10 6864/6123/10 6862/6121/10
f 6865/6124/7 6866/4625/7 6867/6125/7
f 6865/6124/7 6868/4626/7 6866/4625/7
f 6869/6126/6 6870/6127/6 6871/6128/6
f 6869/6126/6 6872/6129/6 6870/6127/6
f 6873/6130/5 6874/6131/5 6875/6132/5
f 6873/6130/5 6876/6133/5 6874/6131/5
f 6877/6134/9 6878/6135/9 6879/6136/9
f 6880/6137/9 6878/6135/9 6877/6134/9
f 6881/6138/8 6882/6139/8 6883/6140/8
f 6881/6138/8 6884/6141/8 6882/6139/8
f 6885/6142/10 6886/6143/10 6887/6144/10
f 6888/6145/10 6886/6143/10 6885/6142/10
f 6889/6146/7 6890/6147/7 6891/6148/7
f 6889/6146/7 6892/6149/7 6890/6147/7
f 6893/6150/6 6894/6151/6 6895/6152/6
f 6896/6153/6 6893/6150/6 6895/6152/6
f 6897/6154/5 6898/6155/5 6899/6156/5
f 6900/6157/5 6897/6154/5 6899/6156/5
f 6901/6158/9 6902/6159/9 6903/6160/9
f 6902/6159/9 6901/6158/9 6904/6161/9
f 6905/6162/7 6906/6163/7 6907/6164/7
f 6906/6163/7 6905/6162/7 6908/6165/7
f 6909/6166/10 6910/6167/10 6911/6168/10
f 6910/6167/10 6909/6166/10 6912/6169/10
f 6913/6170/8 6914/6171/8 6915/6172/8
f 6914/6171/8 6913/6170/8 6916/6173/8
f 6917/6174/6 6918/6175/6 6919/6176/6
f 6918/6175/6 6917/6174/6 6920/5159/6
f 6921/6174/5 6922/6176/5 6923/6177/5
f 6924/6178/5 6921/6174/5 6923/6177/5
f 6925/6120/9 6926/6179/9 6927/6180/9
f 6926/6179/9 6925/6120/9 6928/6122/9
f 6929/6052/7 6930/6181/7 6931/6054/7
f 6930/6181/7 6929/6052/7 6932/6182/7
f 6933/6183/10 6934/6049/10 6935/6184/10
f 6934/6049/10 6933/6183/10 6936/6050/10
f 6937/6185/8 6938/6186/8 6939/6187/8
f 6938/6186/8 6937/6185/8 6940/3432/8
f 6941/6188/6 6942/6189/6 6943/6190/6
f 6942/6189/6 6941/6188/6 6944/6178/6
f 6945/6188/5 6946/6190/5 6947/6191/5
f 6948/6192/5 6945/6188/5 6947/6191/5
f 6949/6084/9 6950/6193/9 6951/6085/9
f 6950/6193/9 6949/6084/9 6952/6194/9
f 6953/6195/7 6954/6196/7 6955/6197/7
f 6954/6196/7 6953/6195/7 6956/6198/7
f 6957/6199/10 6958/6200/10 6959/6201/10
f 6958/6200/10 6957/6199/10 6960/6202/10
f 6961/6203/8 6962/6204/8 6963/6205/8
f 6962/6204/8 6961/6203/8 6964/6206/8
f 6965/6207/6 6966/6208/6 6967/5270/6
f 6968/5269/6 6965/6207/6 6967/5270/6
f 6969/6208/5 6970/6207/5 6971/6209/5
f 6972/6210/5 6969/6208/5 6971/6209/5
f 6973/6211/9 6974/6212/9 6975/6213/9
f 6974/6212/9 6973/6211/9 6976/6214/9
f 6977/6215/7 6978/6216/7 6979/6217/7
f 6978/6216/7 6977/6215/7 6980/6218/7
f 6981/6219/10 6982/6220/10 6983/6221/10
f 6982/6220/10 6981/6219/10 6984/6222/10
f 6985/6223/8 6986/5834/8 6987/6224/8
f 6986/5834/8 6985/6223/8 6988/5833/8
f 6989/6225/6 6990/6226/6 6991/6227/6
f 6990/6226/6 6989/6225/6 6992/6192/6
f 6993/6225/5 6994/6227/5 6995/6228/5
f 6996/6229/5 6993/6225/5 6995/6228/5
f 6997/6180/9 6998/6230/9 6999/6231/9
f 6998/6230/9 6997/6180/9 7000/6179/9
f 7001/6232/7 7002/6233/7 7003/6234/7
f 7002/6233/7 7001/6232/7 7004/6235/7
f 7005/6236/10 7006/6237/10 7007/6238/10
f 7006/6237/10 7005/6236/10 7008/6239/10
f 7009/6240/8 7010/6241/8 7011/6242/8
f 7010/6241/8 7009/6240/8 7012/6243/8
f 7013/5026/6 7014/5025/6 7015/6244/6
f 7016/6245/6 7013/5026/6 7015/6244/6
f 7017/6246/5 7018/6247/5 7019/6248/5
f 7020/6249/5 7017/6246/5 7019/6248/5
f 7021/6250/9 7022/6251/9 7023/6252/9
f 7022/6251/9 7021/6250/9 7024/6253/9
f 7025/6254/7 7026/6255/7 7027/6256/7
f 7026/6255/7 7025/6254/7 7028/6257/7
f 7029/6258/10 7030/5864/10 7031/6259/10
f 7030/5864/10 7029/6258/10 7032/6260/10
f 7033/6261/8 7034/6262/8 7035/6263/8
f 7034/6262/8 7033/6261/8 7036/6264/8
f 7037/6265/6 7038/6266/6 7039/6267/6
f 7038/6266/6 7037/6265/6 7040/6268/6
f 7041/6269/5 7042/6270/5 7043/6271/5
f 7041/6269/5 7044/6272/5 7042/6270/5
f 7045/6273/9 7046/6274/9 7047/6105/9
f 7045/6273/9 7048/6275/9 7046/6274/9
f 7049/6276/8 7050/6277/8 7051/6278/8
f 7049/6276/8 7051/6278/8 7052/6279/8
f 7053/6280/10 7054/2353/10 7055/2350/10
f 7053/6280/10 7056/6281/10 7054/2353/10
f 7057/6282/7 7058/6283/7 7059/6284/7
f 7057/6282/7 7059/6284/7 7060/6285/7
f 7061/6286/6 7062/6287/6 7063/6288/6
f 7062/6287/6 7061/6286/6 7064/2101/6
f 7065/6289/5 7066/6287/5 7067/6290/5
f 7065/6289/5 7068/6288/5 7066/6287/5
f 7069/6291/9 7070/6292/9 7071/6293/9
f 7069/6291/9 7071/6293/9 7072/2106/9
f 7073/6294/8 7074/6295/8 7075/6296/8
f 7073/6294/8 7076/6297/8 7074/6295/8
f 7077/2112/10 7078/2113/10 7079/6298/10
f 7077/2112/10 7079/6298/10 7080/6299/10
f 7081/6300/7 7082/6242/7 7083/6301/7
f 7081/6300/7 7083/6301/7 7084/6302/7
f 7085/6303/6 7086/5860/6 7087/6304/6
f 7085/6303/6 7087/6304/6 7088/6305/6
f 7089/6305/5 7090/6306/5 7091/6307/5
f 7089/6305/5 7091/6307/5 7092/6303/5
f 7093/6308/9 7094/6309/9 7095/6310/9
f 7096/6311/9 7094/6309/9 7093/6308/9
f 7097/1762/8 7098/6312/8 7099/6313/8
f 7097/1762/8 7100/6314/8 7098/6312/8
f 7101/6315/10 7102/6316/10 7103/6317/10
f 7104/6318/10 7102/6316/10 7101/6315/10
f 7105/6319/7 7106/6320/7 7107/6321/7
f 7105/6319/7 7107/6321/7 7108/6322/7
f 7109/6323/6 7110/6324/6 7111/6325/6
f 7112/6326/6 7109/6323/6 7111/6325/6
f 7113/6324/5 7114/6323/5 7115/6327/5
f 7116/6328/5 7113/6324/5 7115/6327/5
f 7117/6329/9 7118/6330/9 7119/6331/9
f 7118/6330/9 7117/6329/9 7120/6332/9
f 7121/6333/7 7122/6334/7 7123/6335/7
f 7122/6334/7 7121/6333/7 7124/6336/7
f 7125/6337/10 7126/6338/10 7127/6339/10
f 7126/6338/10 7125/6337/10 7128/6340/10
f 7129/6341/8 7130/6342/8 7131/6343/8
f 7130/6342/8 7129/6341/8 7132/6344/8
f 7133/2251/6 7134/6345/6 7135/6346/6
f 7136/2254/6 7133/2251/6 7135/6346/6
f 7137/6347/5 7138/6348/5 7139/6349/5
f 7140/6350/5 7137/6347/5 7139/6349/5
f 7141/6351/9 7142/6352/9 7143/6353/9
f 7142/6352/9 7141/6351/9 7144/6354/9
f 7145/6355/7 7146/6356/7 7147/6357/7
f 7146/6356/7 7145/6355/7 7148/6358/7
f 7149/6359/10 7150/6360/10 7151/6361/10
f 7150/6360/10 7149/6359/10 7152/6362/10
f 7153/6363/8 7154/6364/8 7155/6365/8
f 7154/6364/8 7153/6363/8 7156/6366/8
f 7157/6367/6 7158/6368/6 7159/6369/6
f 7160/6370/6 7157/6367/6 7159/6369/6
f 7161/6371/5 7162/6369/5 7163/6368/5
f 7164/6372/5 7161/6371/5 7163/6368/5
f 7165/6373/9 7166/6374/9 7167/6375/9
f 7166/6374/9 7165/6373/9 7168/6376/9
f 7169/6377/7 7170/2280/7 7171/6378/7
f 7170/2280/7 7169/6377/7 7172/6379/7
f 7173/6380/10 7174/6381/10 7175/6382/10
f 7174/6381/10 7173/6380/10 7176/6383/10
f 7177/6384/8 7178/5718/8 7179/6385/8
f 7178/5718/8 7177/6384/8 7180/6386/8
f 7181/6387/6 7182/6388/6 7183/6389/6
f 7182/6388/6 7181/6387/6 7184/6290/6
f 7185/6390/5 7186/6389/5 7187/6388/5
f 7185/6390/5 7187/6388/5 7188/6391/5
f 7189/6392/9 7190/6393/9 7191/6394/9
f 7189/6392/9 7191/6394/9 7192/6395/9
f 7193/6396/8 7194/6397/8 7195/6398/8
f 7193/6396/8 7195/6398/8 7196/6399/8
f 7197/2172/10 7198/2171/10 7199/6400/10
f 7197/2172/10 7199/6400/10 7200/6401/10
f 7201/6402/7 7202/6403/7 7203/6404/7
f 7201/6402/7 7203/6404/7 7204/6405/7
f 7205/6406/6 7206/6306/6 7207/6407/6
f 7205/6406/6 7208/6307/6 7206/6306/6
f 7209/6408/5 7210/6409/5 7211/6410/5
f 7209/6408/5 7211/6410/5 7212/6411/5
f 7213/6412/9 7214/6413/9 7215/6414/9
f 7216/6415/9 7214/6413/9 7213/6412/9
f 7217/6416/8 7218/6417/8 7219/6418/8
f 7217/6416/8 7219/6418/8 7220/6419/8
f 7221/6420/10 7222/6421/10 7223/6422/10
f 7224/6423/10 7222/6421/10 7221/6420/10
f 7225/6424/7 7226/1783/7 7227/6425/7
f 7225/6424/7 7227/6425/7 7228/6426/7
f 7229/6427/6 7230/6428/6 7231/6429/6
f 7232/6430/6 7229/6427/6 7231/6429/6
f 7233/6431/5 7234/6432/5 7235/6433/5
f 7236/6434/5 7233/6431/5 7235/6433/5
f 7237/6435/9 7238/6436/9 7239/6437/9
f 7238/6436/9 7237/6435/9 7240/6438/9
f 7241/6398/7 7242/6439/7 7243/6440/7
f 7242/6439/7 7241/6398/7 7244/6441/7
f 7245/6442/10 7246/6443/10 7247/6444/10
f 7246/6443/10 7245/6442/10 7248/6445/10
f 7249/6446/8 7250/6441/8 7251/6447/8
f 7250/6441/8 7249/6446/8 7252/6448/8
f 7253/6372/6 7254/6449/6 7255/6450/6
f 7256/6451/6 7253/6372/6 7255/6450/6
f 7257/6452/5 7258/6453/5 7259/6449/5
f 7260/6454/5 7257/6452/5 7259/6449/5
f 7261/1513/9 7262/6455/9 7263/1514/9
f 7262/6455/9 7261/1513/9 7264/6456/9
f 7265/6457/7 7266/6458/7 7267/6459/7
f 7266/6458/7 7265/6457/7 7268/6460/7
f 7269/6461/10 7270/6462/10 7271/6463/10
f 7270/6462/10 7269/6461/10 7272/6464/10
f 7273/6465/8 7274/6466/8 7275/6467/8
f 7274/6466/8 7273/6465/8 7276/3947/8
f 7277/6468/6 7278/6469/6 7279/6470/6
f 7278/6469/6 7277/6468/6 7280/6471/6
f 7281/6472/5 7282/6473/5 7283/6474/5
f 7282/6473/5 7281/6472/5 7284/6475/5
f 7285/6476/10 7286/2366/10 7287/6477/10
f 7286/2366/10 7285/6476/10 7288/2367/10
f 7289/6478/8 7290/6479/8 7291/6480/8
f 7290/6479/8 7289/6478/8 7292/6481/8
f 7293/2370/9 7294/6482/9 7295/2371/9
f 7294/6482/9 7293/2370/9 7296/6483/9
f 7297/6484/7 7298/6485/7 7299/6486/7
f 7298/6485/7 7297/6484/7 7300/6487/7
f 7301/6488/6 7302/6489/6 7303/6490/6
f 7302/6489/6 7301/6488/6 7304/6491/6
f 7305/6492/5 7306/6493/5 7307/6494/5
f 7306/6493/5 7305/6492/5 7308/6495/5
f 7309/6496/10 7310/6497/10 7311/6498/10
f 7310/6497/10 7309/6496/10 7312/5033/10
f 7313/6499/8 7314/6500/8 7315/6501/8
f 7314/6500/8 7313/6499/8 7316/6502/8
f 7317/2424/9 7318/6503/9 7319/2427/9
f 7318/6503/9 7317/2424/9 7320/6504/9
f 7321/6505/7 7322/2745/7 7323/2748/7
f 7322/2745/7 7321/6505/7 7324/6506/7
f 7325/6507/6 7326/6508/6 7327/6509/6
f 7326/6508/6 7325/6507/6 7328/2526/6
f 7329/6510/5 7330/6511/5 7331/6512/5
f 7332/6509/5 7330/6511/5 7329/6510/5
f 7333/6513/10 7334/6514/10 7335/6515/10
f 7333/6513/10 7335/6515/10 7336/6516/10
f 7337/6517/7 7338/6518/7 7339/6519/7
f 7337/6517/7 7339/6519/7 7340/6520/7
f 7341/6521/9 7342/6442/9 7343/6444/9
f 7341/6521/9 7344/6522/9 7342/6442/9
f 7345/6523/8 7346/6524/8 7347/6525/8
f 7345/6523/8 7347/6525/8 7348/6402/8
f 7349/2543/6 7350/6526/6 7351/6527/6
f 7352/2544/6 7350/6526/6 7349/2543/6
f 7353/6528/5 7354/6527/5 7355/6526/5
f 7356/6529/5 7354/6527/5 7353/6528/5
f 7357/6530/10 7358/6531/10 7359/6532/10
f 7360/6533/10 7358/6531/10 7357/6530/10
f 7361/6534/7 7362/4727/7 7363/6535/7
f 7361/6534/7 7363/6535/7 7364/6536/7
f 7365/6537/9 7366/6538/9 7367/6539/9
f 7368/6540/9 7366/6538/9 7365/6537/9
f 7369/6541/8 7370/6542/8 7371/6543/8
f 7369/6541/8 7371/6543/8 7372/6544/8
f 7373/6545/7 7374/6546/7 7375/3994/7
f 7373/6545/7 7375/3994/7 7376/6547/7
f 7377/6548/6 7378/6549/6 7379/6550/6
f 7380/6528/6 7378/6549/6 7377/6548/6
f 7381/6551/10 7382/6462/10 7383/6552/10
f 7384/6553/10 7382/6462/10 7381/6551/10
f 7385/6554/8 7386/6555/8 7387/6556/8
f 7385/6554/8 7387/6556/8 7388/6557/8
f 7389/2553/9 7390/6558/9 7391/6531/9
f 7392/6559/9 7390/6558/9 7389/2553/9
f 7393/6560/5 7394/6550/5 7395/6549/5
f 7396/6561/5 7394/6550/5 7393/6560/5
f 7397/6562/7 7398/6563/7 7399/6564/7
f 7397/6562/7 7399/6564/7 7400/6565/7
f 7401/6510/6 7402/6566/6 7403/6567/6
f 7402/6566/6 7401/6510/6 7404/6512/6
f 7405/6568/10 7406/6569/10 7407/6570/10
f 7405/6568/10 7408/6571/10 7406/6569/10
f 7409/5769/8 7410/6572/8 7411/6573/8
f 7409/5769/8 7411/6573/8 7412/5772/8
f 7413/6574/9 7414/6575/9 7415/6359/9
f 7413/6574/9 7415/6359/9 7416/6361/9
f 7417/6576/5 7418/6577/5 7419/6578/5
f 7420/6567/5 7418/6577/5 7417/6576/5
f 7421/6579/7 7422/6580/7 7423/5253/7
f 7421/6579/7 7423/5253/7 7424/5254/7
f 7425/2504/6 7426/6581/6 7427/2505/6
f 7428/6582/6 7426/6581/6 7425/2504/6
f 7429/6583/10 7430/6584/10 7431/6585/10
f 7429/6583/10 7431/6585/10 7432/6586/10
f 7433/6223/8 7434/6224/8 7435/6587/8
f 7433/6223/8 7435/6587/8 7436/6588/8
f 7437/6589/9 7438/6590/9 7439/6591/9
f 7437/6589/9 7440/6592/9 7438/6590/9
f 7441/6593/5 7442/6582/5 7443/6594/5
f 7444/6581/5 7442/6582/5 7441/6593/5
f 7445/6595/9 7446/6596/9 7447/6597/9
f 7445/6595/9 7447/6597/9 7448/6598/9
f 7449/6599/10 7450/6600/10 7451/6601/10
f 7449/6599/10 7451/6601/10 7452/6602/10
f 7453/6603/7 7454/6604/7 7455/6605/7
f 7453/6603/7 7456/6606/7 7454/6604/7
f 7457/6607/8 7458/6608/8 7459/6609/8
f 7458/6608/8 7457/6607/8 7460/620/8
f 7461/6610/5 7462/6611/5 7463/6612/5
f 7462/6611/5 7461/6610/5 7464/6613/5
f 7465/6614/6 7466/6615/6 7467/6616/6
f 7466/6615/6 7465/6614/6 7468/6617/6
f 7469/6618/8 7470/1717/8 7471/6619/8
f 7469/6618/8 7471/6619/8 7472/6620/8
f 7473/6621/7 7474/6622/7 7475/979/7
f 7473/6621/7 7475/979/7 7476/6623/7
f 7477/6624/10 7478/6625/10 7479/6626/10
f 7477/6624/10 7479/6626/10 7480/6627/10
f 7481/6628/5 7482/6629/5 7483/6630/5
f 7484/6631/5 7482/6629/5 7481/6628/5
f 7485/6632/9 7486/6633/9 7487/6634/9
f 7485/6632/9 7487/6634/9 7488/6635/9
f 7489/6636/6 7490/6637/6 7491/6638/6
f 7492/6639/6 7490/6637/6 7489/6636/6
f 7493/6640/8 7494/6641/8 7495/6642/8
f 7496/6643/8 7494/6641/8 7493/6640/8
f 7497/6644/7 7498/6645/7 7499/6646/7
f 7500/6647/7 7498/6645/7 7497/6644/7
f 7501/1885/10 7502/6648/10 7503/1886/10
f 7504/6649/10 7502/6648/10 7501/1885/10
f 7505/6650/5 7506/6651/5 7507/6652/5
f 7508/6653/5 7506/6651/5 7505/6650/5
f 7509/6654/9 7510/6655/9 7511/6656/9
f 7512/6657/9 7510/6655/9 7509/6654/9
f 7513/6658/6 7514/6659/6 7515/6660/6
f 7516/6661/6 7514/6659/6 7513/6658/6
f 7517/6662/8 7518/6663/8 7519/6664/8
f 7517/6662/8 7520/6665/8 7518/6663/8
f 7521/6664/7 7522/6666/7 7523/6667/7
f 7521/6664/7 7524/6668/7 7522/6666/7
f 7525/5517/10 7526/6669/10 7527/6670/10
f 7525/5517/10 7528/5519/10 7526/6669/10
f 7529/6671/5 7530/6672/5 7531/6673/5
f 7530/6672/5 7529/6671/5 7532/6674/5
f 7533/6675/9 7534/6676/9 7535/6677/9
f 7533/6675/9 7536/1911/9 7534/6676/9
f 7537/6678/6 7538/6679/6 7539/6680/6
f 7538/6679/6 7537/6678/6 7540/6681/6
f 7541/6682/9 7542/3884/9 7543/3886/9
f 7541/6682/9 7544/6683/9 7542/3884/9
f 7545/6684/10 7546/6685/10 7547/6686/10
f 7545/6684/10 7548/6687/10 7546/6685/10
f 7549/6688/8 7550/6689/8 7551/3871/8
f 7549/6688/8 7552/6690/8 7550/6689/8
f 7553/6691/5 7554/6692/5 7555/4032/5
f 7554/6692/5 7553/6691/5 7556/6693/5
f 7557/6694/7 7558/6695/7 7559/6696/7
f 7557/6694/7 7560/6697/7 7558/6695/7
f 7561/6698/6 7562/6699/6 7563/6700/6
f 7562/6699/6 7561/6698/6 7564/6701/6
f 7565/1804/9 7566/6702/9 7567/6703/9
f 7568/6704/9 7566/6702/9 7565/1804/9
f 7569/6705/10 7570/6706/10 7571/6707/10
f 7572/6708/10 7570/6706/10 7569/6705/10
f 7573/5558/8 7574/6709/8 7575/5559/8
f 7576/6710/8 7574/6709/8 7573/5558/8
f 7577/6711/5 7578/6712/5 7579/6713/5
f 7578/6712/5 7577/6711/5 7580/6714/5
f 7581/6715/7 7582/6716/7 7583/6717/7
f 7584/6718/7 7582/6716/7 7581/6715/7
f 7585/6719/6 7586/6720/6 7587/6721/6
f 7586/6720/6 7585/6719/6 7588/6722/6
f 7589/6723/9 7590/6724/9 7591/6725/9
f 7589/6723/9 7592/6726/9 7590/6724/9
f 7593/6727/10 7594/6728/10 7595/6729/10
f 7593/6727/10 7596/6730/10 7594/6728/10
f 7597/5581/8 7598/6731/8 7599/6732/8
f 7597/5581/8 7600/5583/8 7598/6731/8
f 7601/5887/5 7602/1922/5 7603/6733/5
f 7602/1922/5 7601/5887/5 7604/6734/5
f 7605/6735/7 7606/6736/7 7607/6737/7
f 7605/6735/7 7608/6738/7 7606/6736/7
f 7609/4034/6 7610/6739/6 7611/6740/6
f 7612/6741/6 7609/4034/6 7611/6740/6
f 7613/6742/7 7614/6743/7 7615/6744/7
f 7613/6742/7 7616/6745/7 7614/6743/7
f 7617/6746/8 7618/6747/8 7619/6748/8
f 7617/6746/8 7620/6749/8 7618/6747/8
f 7621/6750/9 7622/6751/9 7623/4001/9
f 7621/6750/9 7624/6752/9 7622/6751/9
f 7625/6753/5 7626/6754/5 7627/6755/5
f 7625/6753/5 7628/6756/5 7626/6754/5
f 7629/6757/10 7630/6758/10 7631/6759/10
f 7629/6757/10 7632/6760/10 7630/6758/10
f 7633/6761/6 7634/6762/6 7635/6763/6
f 7634/6762/6 7633/6761/6 7636/6764/6
f 7637/1734/7 7638/6765/7 7639/1737/7
f 7640/6766/7 7638/6765/7 7637/1734/7
f 7641/6767/8 7642/3970/8 7643/6768/8
f 7644/3971/8 7642/3970/8 7641/6767/8
f 7645/6769/9 7646/6770/9 7647/6771/9
f 7648/6772/9 7646/6770/9 7645/6769/9
f 7649/6773/5 7650/6774/5 7651/6775/5
f 7649/6773/5 7652/6776/5 7650/6774/5
f 7653/1804/10 7654/6777/10 7655/6778/10
f 7656/1949/10 7654/6777/10 7653/1804/10
f 7657/6779/6 7658/6780/6 7659/6781/6
f 7657/6779/6 7660/6782/6 7658/6780/6
f 7661/6783/7 7662/6784/7 7663/5643/7
f 7661/6783/7 7664/6785/7 7662/6784/7
f 7665/6786/8 7666/6787/8 7667/6788/8
f 7665/6786/8 7668/6789/8 7666/6787/8
f 7669/6790/9 7670/6791/9 7671/6792/9
f 7669/6790/9 7672/6793/9 7670/6791/9
f 7673/6794/5 7674/1912/5 7675/6795/5
f 7673/6794/5 7676/6796/5 7674/1912/5
f 7677/6797/10 7678/6798/10 7679/6799/10
f 7677/6797/10 7680/6800/10 7678/6798/10
f 7681/2682/6 7682/6801/6 7683/6802/6
f 7682/6801/6 7681/2682/6 7684/6803/6
f 7685/6804/10 7686/6805/10 7687/6806/10
f 7685/6804/10 7688/6807/10 7686/6805/10
f 7689/1925/9 7690/6808/9 7691/6809/9
f 7689/1925/9 7692/4020/9 7690/6808/9
f 7693/6810/7 7694/6811/7 7695/6812/7
f 7693/6810/7 7696/6813/7 7694/6811/7
f 7697/6814/5 7698/6815/5 7699/6816/5
f 7700/6817/5 7697/6814/5 7699/6816/5
f 7701/6818/8 7702/6819/8 7703/6820/8
f 7701/6818/8 7704/6821/8 7702/6819/8
f 7705/6822/6 7706/6823/6 7707/6824/6
f 7706/6823/6 7705/6822/6 7708/6825/6
f 7709/6826/10 7710/6827/10 7711/4373/10
f 7712/6828/10 7710/6827/10 7709/6826/10
f 7713/6829/9 7714/6830/9 7715/6831/9
f 7716/6832/9 7714/6830/9 7713/6829/9
f 7717/6833/7 7718/6717/7 7719/6834/7
f 7720/6715/7 7718/6717/7 7717/6833/7
f 7721/6835/5 7722/6836/5 7723/6837/5
f 7724/6838/5 7721/6835/5 7723/6837/5
f 7725/6839/8 7726/6840/8 7727/6717/8
f 7728/6841/8 7726/6840/8 7725/6839/8
f 7729/6842/6 7730/6843/6 7731/6844/6
f 7730/6843/6 7729/6842/6 7732/6845/6
f 7733/1762/10 7734/6846/10 7735/6847/10
f 7733/1762/10 7736/1764/10 7734/6846/10
f 7737/6848/9 7738/6849/9 7739/6850/9
f 7737/6848/9 7740/6851/9 7738/6849/9
f 7741/6172/7 7742/6852/7 7743/6853/7
f 7741/6172/7 7744/6854/7 7742/6852/7
f 7745/6855/5 7746/6856/5 7747/5539/5
f 7748/6857/5 7745/6855/5 7747/5539/5
f 7749/6858/8 7750/6859/8 7751/6860/8
f 7749/6858/8 7752/6861/8 7750/6859/8
f 7753/6862/6 7754/6863/6 7755/6864/6
f 7754/6863/6 7753/6862/6 7756/6865/6
f 7757/6866/8 7758/6708/8 7759/6867/8
f 7760/6868/8 7758/6708/8 7757/6866/8
f 7761/6869/7 7762/6870/7 7763/6871/7
f 7764/6872/7 7762/6870/7 7761/6869/7
f 7765/6873/10 7766/2005/10 7767/6874/10
f 7768/6875/10 7766/2005/10 7765/6873/10
f 7769/6876/5 7770/6877/5 7771/6878/5
f 7770/6877/5 7769/6876/5 7772/6879/5
f 7773/6880/9 7774/6881/9 7775/6882/9
f 7776/6883/9 7774/6881/9 7773/6880/9
f 7777/6884/6 7778/6885/6 7779/4378/6
f 7780/6886/6 7778/6885/6 7777/6884/6
f 7781/6887/6 7782/6888/6 7783/6889/6
f 7782/6888/6 7781/6887/6 7784/6391/6
f 7785/6890/5 7786/6891/5 7787/6892/5
f 7785/6890/5 7788/6893/5 7786/6891/5
f 7789/6894/9 7790/6895/9 7791/6896/9
f 7789/6894/9 7792/6897/9 7790/6895/9
f 7793/6898/8 7794/6899/8 7795/6900/8
f 7793/6898/8 7796/6358/8 7794/6899/8
f 7797/1448/10 7798/6901/10 7799/1449/10
f 7797/1448/10 7800/6902/10 7798/6901/10
f 7801/6903/7 7802/6904/7 7803/6905/7
f 7801/6903/7 7804/6906/7 7802/6904/7
f 7805/6907/8 7806/6908/8 7807/6909/8
f 7806/6908/8 7805/6907/8 7808/6910/8
f 7809/6911/6 7810/6494/6 7811/6493/6
f 7810/6494/6 7809/6911/6 7812/6912/6
f 7813/6913/10 7814/6914/10 7815/6915/10
f 7814/6914/10 7813/6913/10 7816/6916/10
f 7817/6917/7 7818/6918/7 7819/6919/7
f 7818/6918/7 7817/6917/7 7820/6920/7
f 7821/6921/9 7822/6922/9 7823/6923/9
f 7822/6922/9 7821/6921/9 7824/6924/9
f 7825/6925/5 7826/6926/5 7827/6927/5
f 7826/6926/5 7825/6925/5 7828/6928/5
f 7829/6929/6 7830/6930/6 7831/6931/6
f 7830/6930/6 7829/6929/6 7832/6932/6
f 7833/6933/5 7834/6934/5 7835/6935/5
f 7833/6933/5 7836/6936/5 7834/6934/5
f 7837/6937/9 7838/2476/9 7839/6938/9
f 7837/6937/9 7840/6939/9 7838/2476/9
f 7841/6940/8 7842/6941/8 7843/6942/8
f 7841/6940/8 7844/6943/8 7842/6941/8
f 7845/6944/10 7846/6945/10 7847/6946/10
f 7845/6944/10 7848/6947/10 7846/6945/10
f 7849/6948/7 7850/6949/7 7851/6950/7
f 7849/6948/7 7852/6951/7 7850/6949/7
f 7853/6952/6 7854/6953/6 7855/6954/6
f 7854/6953/6 7853/6952/6 7856/6955/6
f 7857/6956/5 7858/6957/5 7859/6958/5
f 7857/6956/5 7860/6959/5 7858/6957/5
f 7861/6960/9 7862/6961/9 7863/6962/9
f 7861/6960/9 7864/6963/9 7862/6961/9
f 7865/6964/8 7866/6965/8 7867/6966/8
f 7865/6964/8 7868/6967/8 7866/6965/8
f 7869/6968/10 7870/6969/10 7871/6970/10
f 7869/6968/10 7872/6971/10 7870/6969/10
f 7873/6972/7 7874/6973/7 7875/6974/7
f 7873/6972/7 7876/6975/7 7874/6973/7
f 7877/6976/6 7878/6977/6 7879/6978/6
f 7878/6977/6 7877/6976/6 7880/6979/6
f 7881/6980/5 7882/6981/5 7883/6982/5
f 7881/6980/5 7884/6983/5 7882/6981/5
f 7885/6984/9 7886/6985/9 7887/6986/9
f 7885/6984/9 7888/6987/9 7886/6985/9
f 7889/6988/8 7890/6989/8 7891/6990/8
f 7889/6988/8 7892/6991/8 7890/6989/8
f 7893/6299/10 7894/1495/10 7895/1494/10
f 7893/6299/10 7896/6298/10 7894/1495/10
f 7897/6992/7 7898/6993/7 7899/6994/7
f 7897/6992/7 7900/6995/7 7898/6993/7
f 7901/6996/6 7902/6997/6 7903/6998/6
f 7901/6996/6 7904/6999/6 7902/6997/6
f 7905/6998/5 7906/7000/5 7907/6996/5
f 7905/6998/5 7908/7001/5 7906/7000/5
f 7909/6414/9 7910/2811/9 7911/7002/9
f 7912/6413/9 7910/2811/9 7909/6414/9
f 7913/7003/8 7914/7004/8 7915/7005/8
f 7913/7003/8 7916/7006/8 7914/7004/8
f 7917/7007/10 7918/7008/10 7919/7009/10
f 7920/7010/10 7918/7008/10 7917/7007/10
f 7921/7011/7 7922/7012/7 7923/7013/7
f 7921/7011/7 7924/7014/7 7922/7012/7
f 7925/7015/7 7926/7016/7 7927/7017/7
f 7928/7018/7 7926/7016/7 7925/7015/7
f 7929/6660/6 7930/7019/6 7931/7020/6
f 7932/6659/6 7930/7019/6 7929/6660/6
f 7933/7021/10 7934/7022/10 7935/7023/10
f 7936/7024/10 7934/7022/10 7933/7021/10
f 7937/7025/8 7938/7026/8 7939/7027/8
f 7940/7028/8 7938/7026/8 7937/7025/8
f 7941/7029/9 7942/7030/9 7943/7031/9
f 7944/7032/9 7942/7030/9 7941/7029/9
f 7945/7033/5 7946/7034/5 7947/7035/5
f 7948/7036/5 7946/7034/5 7945/7033/5
f 7949/7037/6 7950/7038/6 7951/7039/6
f 7952/7040/6 7949/7037/6 7951/7039/6
f 7953/7041/5 7954/7042/5 7955/7043/5
f 7956/7044/5 7953/7041/5 7955/7043/5
f 7957/7045/9 7958/7046/9 7959/7047/9
f 7958/7046/9 7957/7045/9 7960/7048/9
f 7961/7049/7 7962/7050/7 7963/7051/7
f 7962/7050/7 7961/7049/7 7964/7052/7
f 7965/7053/10 7966/7054/10 7967/7055/10
f 7966/7054/10 7965/7053/10 7968/7056/10
f 7969/7057/8 7970/7058/8 7971/7059/8
f 7970/7058/8 7969/7057/8 7972/7060/8
f 7973/7061/8 7974/7062/8 7975/7063/8
f 7974/7062/8 7973/7061/8 7976/7064/8
f 7977/7065/6 7978/7066/6 7979/7067/6
f 7978/7066/6 7977/7065/6 7980/7068/6
f 7981/7069/10 7982/7070/10 7983/7071/10
f 7982/7070/10 7981/7069/10 7984/7072/10
f 7985/7073/7 7986/6562/7 7987/6565/7
f 7986/6562/7 7985/7073/7 7988/7074/7
f 7989/6184/9 7990/7075/9 7991/6183/9
f 7990/7075/9 7989/6184/9 7992/7076/9
f 7993/7067/5 7994/7077/5 7995/7065/5
f 7994/7077/5 7993/7067/5 7996/7078/5
f 7997/7079/6 7998/7080/6 7999/7081/6
f 8000/7082/6 7997/7079/6 7999/7081/6
f 8001/7083/5 8002/7084/5 8003/7085/5
f 8004/7086/5 8001/7083/5 8003/7085/5
f 8005/6438/9 8006/7087/9 8007/6436/9
f 8006/7087/9 8005/6438/9 8008/7088/9
f 8009/7089/7 8010/7090/7 8011/5948/7
f 8010/7090/7 8009/7089/7 8012/7091/7
f 8013/7092/10 8014/6521/10 8015/7093/10
f 8014/6521/10 8013/7092/10 8016/6522/10
f 8017/7094/8 8018/7059/8 8019/7095/8
f 8018/7059/8 8017/7094/8 8020/7057/8
f 8021/7096/6 8022/7097/6 8023/7098/6
f 8024/7099/6 8021/7096/6 8023/7098/6
f 8025/7097/5 8026/7096/5 8027/2877/5
f 8028/2879/5 8025/7097/5 8027/2877/5
f 8029/7100/9 8030/7101/9 8031/7102/9
f 8030/7101/9 8029/7100/9 8032/7103/9
f 8033/7104/7 8034/7105/7 8035/7106/7
f 8034/7105/7 8033/7104/7 8036/7107/7
f 8037/7108/10 8038/7109/10 8039/7110/10
f 8038/7109/10 8037/7108/10 8040/7111/10
f 8041/7112/8 8042/7107/8 8043/7113/8
f 8042/7107/8 8041/7112/8 8044/7105/8
f 8045/7114/6 8046/7115/6 8047/7116/6
f 8048/7117/6 8045/7114/6 8047/7116/6
f 8049/7118/5 8050/7119/5 8051/7120/5
f 8052/7121/5 8049/7118/5 8051/7120/5
f 8053/7122/9 8054/7123/9 8055/7124/9
f 8054/7123/9 8053/7122/9 8056/7125/9
f 8057/7126/7 8058/7127/7 8059/5986/7
f 8058/7127/7 8057/7126/7 8060/7128/7
f 8061/7129/10 8062/7130/10 8063/7131/10
f 8062/7130/10 8061/7129/10 8064/7132/10
f 8065/7133/8 8066/7095/8 8067/7134/8
f 8066/7095/8 8065/7133/8 8068/7094/8
f 8069/7135/6 8070/7136/6 8071/7137/6
f 8072/7138/6 8069/7135/6 8071/7137/6
f 8073/7139/5 8074/7140/5 8075/7141/5
f 8076/7142/5 8073/7139/5 8075/7141/5
f 8077/7143/9 8078/7144/9 8079/7145/9
f 8078/7144/9 8077/7143/9 8080/7146/9
f 8081/7147/7 8082/7148/7 8083/7149/7
f 8082/7148/7 8081/7147/7 8084/7150/7
f 8085/7151/10 8086/7152/10 8087/7153/10
f 8086/7152/10 8085/7151/10 8088/7154/10
f 8089/7155/8 8090/7156/8 8091/7157/8
f 8090/7156/8 8089/7155/8 8092/7158/8
f 8093/7159/7 8094/7160/7 8095/7161/7
f 8096/7162/7 8094/7160/7 8093/7159/7
f 8097/7163/6 8098/7164/6 8099/7165/6
f 8100/7166/6 8098/7164/6 8097/7163/6
f 8101/7167/10 8102/7168/10 8103/7169/10
f 8104/7170/10 8102/7168/10 8101/7167/10
f 8105/7171/8 8106/7172/8 8107/7173/8
f 8108/7174/8 8106/7172/8 8105/7171/8
f 8109/7175/9 8110/2448/9 8111/7176/9
f 8112/2451/9 8110/2448/9 8109/7175/9
f 8113/7177/5 8114/7178/5 8115/7179/5
f 8114/7178/5 8113/7177/5 8116/7180/5
f 8117/7181/6 8118/7182/6 8119/7183/6
f 8118/7182/6 8117/7181/6 8120/7184/6
f 8121/7183/5 8122/7185/5 8123/7181/5
f 8122/7185/5 8121/7183/5 8124/7186/5
f 8125/7187/10 8126/7188/10 8127/7189/10
f 8126/7188/10 8125/7187/10 8128/7190/10
f 8129/7191/8 8130/6118/8 8131/7192/8
f 8130/6118/8 8129/7191/8 8132/6119/8
f 8133/7076/9 8134/7193/9 8135/7075/9
f 8134/7193/9 8133/7076/9 8136/7194/9
f 8137/6182/7 8138/7195/7 8139/7196/7
f 8138/7195/7 8137/6182/7 8140/7197/7
f 8141/7198/8 8142/7199/8 8143/7200/8
f 8142/7199/8 8141/7198/8 8144/7201/8
f 8145/7202/6 8146/7203/6 8147/7204/6
f 8146/7203/6 8145/7202/6 8148/7205/6
f 8149/1322/10 8150/7206/10 8151/1320/10
f 8150/7206/10 8149/1322/10 8152/7207/10
f 8153/7208/7 8154/7209/7 8155/7210/7
f 8154/7209/7 8153/7208/7 8156/7211/7
f 8157/7212/9 8158/7213/9 8159/2390/9
f 8158/7213/9 8157/7212/9 8160/7214/9
f 8161/7215/5 8162/7216/5 8163/7217/5
f 8162/7216/5 8161/7215/5 8164/7218/5
f 8165/7219/6 8166/7220/6 8167/7221/6
f 8166/7220/6 8165/7219/6 8168/7222/6
f 8169/7223/5 8170/7224/5 8171/7225/5
f 8170/7224/5 8169/7223/5 8172/7226/5
f 8173/1544/10 8174/7227/10 8175/1547/10
f 8174/7227/10 8173/1544/10 8176/7228/10
f 8177/7229/8 8178/7192/8 8179/7230/8
f 8178/7192/8 8177/7229/8 8180/7191/8
f 8181/6483/9 8182/7231/9 8183/6482/9
f 8182/7231/9 8181/6483/9 8184/7232/9
f 8185/7233/7 8186/7234/7 8187/6195/7
f 8186/7234/7 8185/7233/7 8188/7235/7
f 8189/7236/6 8190/7237/6 8191/7238/6
f 8190/7237/6 8189/7236/6 8192/7239/6
f 8193/7240/5 8194/7241/5 8195/7242/5
f 8194/7241/5 8193/7240/5 8196/7243/5
f 8197/7244/10 8198/7245/10 8199/7246/10
f 8198/7245/10 8197/7244/10 8200/7247/10
f 8201/7200/8 8202/7248/8 8203/7249/8
f 8202/7248/8 8201/7200/8 8204/7199/8
f 8205/7250/9 8206/7251/9 8207/7252/9
f 8206/7251/9 8205/7250/9 8208/1384/9
f 8209/7253/7 8210/7254/7 8211/7255/7
f 8210/7254/7 8209/7253/7 8212/7256/7
f 8213/7257/6 8214/7226/6 8215/7258/6
f 8214/7226/6 8213/7257/6 8216/7224/6
f 8217/7258/5 8218/7259/5 8219/7257/5
f 8218/7259/5 8217/7258/5 8220/7260/5
f 8221/2198/10 8222/7261/10 8223/2199/10
f 8222/7261/10 8221/2198/10 8224/7262/10
f 8225/7263/8 8226/7230/8 8227/7264/8
f 8226/7230/8 8225/7263/8 8228/7229/8
f 8229/7194/9 8230/7265/9 8231/7193/9
f 8230/7265/9 8229/7194/9 8232/7266/9
f 8233/7267/7 8234/7268/7 8235/7269/7
f 8234/7268/7 8233/7267/7 8236/7270/7
f 8237/7271/6 8238/6927/6 8239/6926/6
f 8238/6927/6 8237/7271/6 8240/7272/6
f 8241/7273/5 8242/7274/5 8243/7275/5
f 8242/7274/5 8241/7273/5 8244/7276/5
f 8245/2811/10 8246/7277/10 8247/7278/10
f 8246/7277/10 8245/2811/10 8248/7279/10
f 8249/7280/8 8250/7281/8 8251/7282/8
f 8250/7281/8 8249/7280/8 8252/1852/8
f 8253/7283/9 8254/7284/9 8255/7285/9
f 8254/7284/9 8253/7283/9 8256/7286/9
f 8257/7287/7 8258/7288/7 8259/7289/7
f 8258/7288/7 8257/7287/7 8260/7290/7
f 8261/2444/6 8262/7291/6 8263/7292/6
f 8264/2447/6 8262/7291/6 8261/2444/6
f 8265/7293/5 8266/7294/5 8267/7295/5
f 8268/7296/5 8266/7294/5 8265/7293/5
f 8269/7297/10 8270/7298/10 8271/7299/10
f 8272/7300/10 8270/7298/10 8269/7297/10
f 8273/7301/7 8274/7302/7 8275/7303/7
f 8276/7304/7 8274/7302/7 8273/7301/7
f 8277/7305/9 8278/7306/9 8279/7307/9
f 8280/7308/9 8278/7306/9 8277/7305/9
f 8281/4086/8 8282/7309/8 8283/4089/8
f 8284/7310/8 8282/7309/8 8281/4086/8
f 8285/6576/6 8286/7311/6 8287/7312/6
f 8286/7311/6 8285/6576/6 8288/6578/6
f 8289/7313/5 8290/7314/5 8291/7315/5
f 8292/7312/5 8290/7314/5 8289/7313/5
f 8293/7316/10 8294/7317/10 8295/7318/10
f 8293/7316/10 8295/7318/10 8296/7319/10
f 8297/7320/7 8298/7195/7 8299/7197/7
f 8297/7320/7 8300/7321/7 8298/7195/7
f 8301/7322/9 8302/7129/9 8303/7131/9
f 8301/7322/9 8304/7323/9 8302/7129/9
f 8305/7324/8 8306/7325/8 8307/6300/8
f 8305/7324/8 8308/7326/8 8306/7325/8
f 8309/7313/6 8310/7327/6 8311/7328/6
f 8310/7327/6 8309/7313/6 8312/7315/6
f 8313/7329/5 8314/7330/5 8315/7331/5
f 8316/7328/5 8314/7330/5 8313/7329/5
f 8317/7332/10 8318/7333/10 8319/7334/10
f 8317/7332/10 8319/7334/10 8320/7335/10
f 8321/7336/7 8322/7337/7 8323/7338/7
f 8321/7336/7 8323/7338/7 8324/7339/7
f 8325/7340/9 8326/7341/9 8327/7092/9
f 8325/7340/9 8327/7092/9 8328/7093/9
f 8329/7342/8 8330/7343/8 8331/7344/8
f 8329/7342/8 8331/7344/8 8332/7345/8
f 8333/6594/6 8334/7346/6 8335/6593/6
f 8336/7347/6 8334/7346/6 8333/6594/6
f 8337/7348/5 8338/7347/5 8339/7349/5
f 8340/7346/5 8338/7347/5 8337/7348/5
f 8341/7350/10 8342/7351/10 8343/2088/10
f 8341/7350/10 8343/2088/10 8344/7352/10
f 8345/7353/7 8346/6216/7 8347/6218/7
f 8345/7353/7 8348/7354/7 8346/6216/7
f 8349/7355/9 8350/7356/9 8351/7357/9
f 8349/7355/9 8352/7358/9 8350/7356/9
f 8353/7359/8 8354/7360/8 8355/7361/8
f 8353/7359/8 8356/7362/8 8354/7360/8
f 8357/7329/6 8358/7363/6 8359/7364/6
f 8358/7363/6 8357/7329/6 8360/7331/6
f 8361/7365/5 8362/7366/5 8363/7367/5
f 8364/7364/5 8362/7366/5 8361/7365/5
f 8365/7368/10 8366/7369/10 8367/7370/10
f 8365/7368/10 8367/7370/10 8368/7371/10
f 8369/7372/7 8370/7373/7 8371/7374/7
f 8369/7372/7 8371/7374/7 8372/7375/7
f 8373/7376/9 8374/7377/9 8375/7378/9
f 8373/7376/9 8376/7379/9 8374/7377/9
f 8377/7343/8 8378/7380/8 8379/7344/8
f 8377/7343/8 8380/7381/8 8378/7380/8
f 8381/6561/6 8382/7382/6 8383/7383/6
f 8384/6560/6 8382/7382/6 8381/6561/6
f 8385/7384/5 8386/7383/5 8387/7382/5
f 8388/7385/5 8386/7383/5 8385/7384/5
f 8389/3282/10 8390/7386/10 8391/2801/10
f 8392/7387/10 8390/7386/10 8389/3282/10
f 8393/7388/7 8394/7389/7 8395/7390/7
f 8393/7388/7 8396/7391/7 8394/7389/7
f 8397/7392/9 8398/7393/9 8399/7394/9
f 8400/7395/9 8398/7393/9 8397/7392/9
f 8401/7396/8 8402/7397/8 8403/7398/8
f 8401/7396/8 8404/7399/8 8402/7397/8
f 8405/7400/6 8406/7401/6 8407/7402/6
f 8406/7401/6 8405/7400/6 8408/7403/6
f 8409/7404/5 8410/7402/5 8411/7401/5
f 8409/7404/5 8411/7401/5 8412/7405/5
f 8413/7406/9 8414/7407/9 8415/7408/9
f 8413/7406/9 8415/7408/9 8416/7409/9
f 8417/7410/8 8418/7411/8 8419/7412/8
f 8417/7410/8 8419/7412/8 8420/7249/8
f 8421/7413/10 8422/7414/10 8423/7415/10
f 8421/7413/10 8424/7416/10 8422/7414/10
f 8425/2337/7 8426/2334/7 8427/7417/7
f 8425/2337/7 8427/7417/7 8428/7418/7
f 8429/7419/6 8430/7420/6 8431/7421/6
f 8430/7420/6 8429/7419/6 8432/7422/6
f 8433/7423/5 8434/7424/5 8435/7425/5
f 8433/7423/5 8436/7426/5 8434/7424/5
f 8437/7427/9 8438/7428/9 8439/7429/9
f 8437/7427/9 8440/7430/9 8438/7428/9
f 8441/7431/8 8442/7432/8 8443/7433/8
f 8441/7431/8 8444/7434/8 8442/7432/8
f 8445/7435/10 8446/7428/10 8447/7430/10
f 8445/7435/10 8447/7430/10 8448/7436/10
f 8449/7437/7 8450/7438/7 8451/5355/7
f 8449/7437/7 8452/7439/7 8450/7438/7
f 8453/7440/6 8454/7441/6 8455/7442/6
f 8453/7440/6 8456/7443/6 8454/7441/6
f 8457/7444/5 8458/7445/5 8459/7446/5
f 8458/7445/5 8457/7444/5 8460/7447/5
f 8461/7010/9 8462/7448/9 8463/7449/9
f 8464/7007/9 8462/7448/9 8461/7010/9
f 8465/7450/8 8466/7451/8 8467/7452/8
f 8465/7450/8 8468/7453/8 8466/7451/8
f 8469/7454/10 8470/7455/10 8471/7456/10
f 8472/7457/10 8470/7455/10 8469/7454/10
f 8473/7458/7 8474/7459/7 8475/7460/7
f 8473/7458/7 8476/7461/7 8474/7459/7
f 8477/7462/6 8478/7463/6 8479/7464/6
f 8480/7465/6 8477/7462/6 8479/7464/6
f 8481/7463/5 8482/7462/5 8483/7466/5
f 8484/7467/5 8481/7463/5 8483/7466/5
f 8485/7468/9 8486/7469/9 8487/7470/9
f 8486/7469/9 8485/7468/9 8488/7471/9
f 8489/7472/7 8490/7473/7 8491/7474/7
f 8490/7473/7 8489/7472/7 8492/7475/7
f 8493/7476/10 8494/7477/10 8495/7478/10
f 8494/7477/10 8493/7476/10 8496/7479/10
f 8497/7480/8 8498/7481/8 8499/7482/8
f 8498/7481/8 8497/7480/8 8500/7483/8
f 8501/5198/6 8502/7484/6 8503/7485/6
f 8504/5199/6 8501/5198/6 8503/7485/6
f 8505/7486/5 8506/7485/5 8507/7484/5
f 8508/7487/5 8505/7486/5 8507/7484/5
f 8509/5208/9 8510/7488/9 8511/7489/9
f 8510/7488/9 8509/5208/9 8512/7490/9
f 8513/7491/7 8514/7492/7 8515/7493/7
f 8514/7492/7 8513/7491/7 8516/7494/7
f 8517/7495/10 8518/7489/10 8519/7496/10
f 8518/7489/10 8517/7495/10 8520/7497/10
f 8521/7498/8 8522/7499/8 8523/7500/8
f 8522/7499/8 8521/7498/8 8524/7050/8
f 8525/7501/6 8526/7502/6 8527/7503/6
f 8528/7504/6 8525/7501/6 8527/7503/6
f 8529/7505/5 8530/7506/5 8531/7507/5
f 8532/7508/5 8529/7505/5 8531/7507/5
f 8533/7509/9 8534/7510/9 8535/7511/9
f 8534/7510/9 8533/7509/9 8536/7512/9
f 8537/7513/7 8538/7514/7 8539/5717/7
f 8538/7514/7 8537/7513/7 8540/7515/7
f 8541/5222/10 8542/7516/10 8543/5223/10
f 8542/7516/10 8541/5222/10 8544/7517/10
f 8545/7518/8 8546/3873/8 8547/7519/8
f 8546/3873/8 8545/7518/8 8548/7520/8
f 8549/5291/6 8550/7521/6 8551/7522/6
f 8550/7521/6 8549/5291/6 8552/5289/6
f 8553/7521/5 8554/7523/5 8555/7524/5
f 8554/7523/5 8553/7521/5 8556/7525/5
f 8557/7526/10 8558/7527/10 8559/7528/10
f 8558/7527/10 8557/7526/10 8560/7529/10
f 8561/7530/8 8562/7531/8 8563/7532/8
f 8562/7531/8 8561/7530/8 8564/7533/8
f 8565/7534/9 8566/7535/9 8567/7536/9
f 8566/7535/9 8565/7534/9 8568/7537/9
f 8569/7538/7 8570/7539/7 8571/7540/7
f 8570/7539/7 8569/7538/7 8572/7541/7
f 8573/7542/6 8574/7543/6 8575/7544/6
f 8574/7543/6 8573/7542/6 8576/7545/6
f 8577/7542/5 8578/7546/5 8579/7547/5
f 8578/7546/5 8577/7542/5 8580/7548/5
f 8581/7549/10 8582/7550/10 8583/7551/10
f 8582/7550/10 8581/7549/10 8584/7552/10
f 8585/7553/8 8586/7554/8 8587/7555/8
f 8586/7554/8 8585/7553/8 8588/7556/8
f 8589/7557/9 8590/7558/9 8591/7559/9
f 8590/7558/9 8589/7557/9 8592/7560/9
f 8593/7561/7 8594/7562/7 8595/7563/7
f 8594/7562/7 8593/7561/7 8596/7564/7
f 8597/7565/6 8598/7566/6 8599/7567/6
f 8598/7566/6 8597/7565/6 8600/7568/6
f 8601/7569/5 8602/7570/5 8603/7571/5
f 8602/7570/5 8601/7569/5 8604/7572/5
f 8605/7573/10 8606/7574/10 8607/7575/10
f 8606/7574/10 8605/7573/10 8608/7576/10
f 8609/7577/8 8610/7578/8 8611/7579/8
f 8610/7578/8 8609/7577/8 8612/7580/8
f 8613/7581/9 8614/7582/9 8615/7583/9
f 8614/7582/9 8613/7581/9 8616/7584/9
f 8617/7585/7 8618/7586/7 8619/7587/7
f 8618/7586/7 8617/7585/7 8620/7588/7
f 8621/5385/6 8622/7589/6 8623/5386/6
f 8624/7590/6 8622/7589/6 8621/5385/6
f 8625/7591/5 8626/7592/5 8627/7593/5
f 8628/7594/5 8626/7592/5 8625/7591/5
f 8629/7595/10 8630/7596/10 8631/7597/10
f 8629/7595/10 8632/7598/10 8630/7596/10
f 8633/7599/7 8634/2762/7 8635/7600/7
f 8633/7599/7 8636/7601/7 8634/2762/7
f 8637/7602/9 8638/7603/9 8639/7604/9
f 8637/7602/9 8640/7605/9 8638/7603/9
f 8641/5398/8 8642/7606/8 8643/7607/8
f 8641/5398/8 8644/7608/8 8642/7606/8
f 8645/5404/6 8646/7609/6 8647/7610/6
f 8646/7609/6 8645/5404/6 8648/5403/6
f 8649/7611/5 8650/7609/5 8651/7612/5
f 8652/7610/5 8650/7609/5 8649/7611/5
f 8653/7613/10 8654/7614/10 8655/7615/10
f 8653/7613/10 8655/7615/10 8656/7616/10
f 8657/1543/7 8658/7617/7 8659/7618/7
f 8657/1543/7 8659/7618/7 8660/7619/7
f 8661/7620/9 8662/7621/9 8663/7622/9
f 8661/7620/9 8663/7622/9 8664/7623/9
f 8665/4629/8 8666/7624/8 8667/7625/8
f 8665/4629/8 8668/4630/8 8666/7624/8
f 8669/7626/6 8670/7627/6 8671/7628/6
f 8672/7629/6 8670/7627/6 8669/7626/6
f 8673/7630/5 8674/7631/5 8675/7632/5
f 8676/7633/5 8674/7631/5 8673/7630/5
f 8677/7634/10 8678/7635/10 8679/7636/10
f 8680/7637/10 8678/7635/10 8677/7634/10
f 8681/7638/7 8682/7639/7 8683/7640/7
f 8681/7638/7 8683/7640/7 8684/7641/7
f 8685/7642/9 8686/7643/9 8687/7644/9
f 8688/7645/9 8686/7643/9 8685/7642/9
f 8689/4767/8 8690/7646/8 8691/7647/8
f 8689/4767/8 8692/7648/8 8690/7646/8
f 8693/7649/6 8694/7650/6 8695/7651/6
f 8694/7650/6 8693/7649/6 8696/7652/6
f 8697/7653/5 8698/7654/5 8699/7655/5
f 8697/7653/5 8699/7655/5 8700/7656/5
f 8701/7657/9 8702/7658/9 8703/7659/9
f 8701/7657/9 8703/7659/9 8704/7537/9
f 8705/7660/8 8706/7661/8 8707/7662/8
f 8705/7660/8 8707/7662/8 8708/7663/8
f 8709/7605/10 8710/7602/10 8711/7664/10
f 8709/7605/10 8711/7664/10 8712/7665/10
f 8713/7666/7 8714/7667/7 8715/6283/7
f 8713/7666/7 8715/6283/7 8716/6282/7
f 8717/7668/6 8718/7669/6 8719/7670/6
f 8718/7669/6 8717/7668/6 8720/7671/6
f 8721/7672/5 8722/7670/5 8723/7669/5
f 8721/7672/5 8723/7669/5 8724/7673/5
f 8725/7674/9 8726/7675/9 8727/7676/9
f 8725/7674/9 8727/7676/9 8728/7677/9
f 8729/7678/8 8730/7679/8 8731/7680/8
f 8729/7678/8 8731/7680/8 8732/7681/8
f 8733/7682/10 8734/7683/10 8735/7684/10
f 8733/7682/10 8735/7684/10 8736/7685/10
f 8737/7686/7 8738/7687/7 8739/7688/7
f 8737/7686/7 8739/7688/7 8740/7689/7
f 8741/7690/6 8742/7691/6 8743/7692/6
f 8741/7690/6 8743/7692/6 8744/7693/6
f 8745/7694/5 8746/7695/5 8747/7696/5
f 8745/7694/5 8747/7696/5 8748/7697/5
f 8749/7698/9 8750/7699/9 8751/7700/9
f 8752/7701/9 8750/7699/9 8749/7698/9
f 8753/7702/8 8754/7703/8 8755/7704/8
f 8753/7702/8 8756/7705/8 8754/7703/8
f 8757/7706/10 8758/6318/10 8759/6315/10
f 8760/7707/10 8758/6318/10 8757/7706/10
f 8761/7708/7 8762/7709/7 8763/7710/7
f 8761/7708/7 8763/7710/7 8764/7711/7
f 8765/7712/6 8766/7713/6 8767/5957/6
f 8768/5959/6 8765/7712/6 8767/5957/6
f 8769/7713/5 8770/7712/5 8771/7714/5
f 8772/7715/5 8769/7713/5 8771/7714/5
f 8773/7716/9 8774/7717/9 8775/7718/9
f 8774/7717/9 8773/7716/9 8776/7719/9
f 8777/7720/7 8778/7721/7 8779/7722/7
f 8778/7721/7 8777/7720/7 8780/7723/7
f 8781/7724/10 8782/7725/10 8783/7726/10
f 8782/7725/10 8781/7724/10 8784/7727/10
f 8785/7728/8 8786/7729/8 8787/7730/8
f 8786/7729/8 8785/7728/8 8788/7731/8
f 8789/7732/6 8790/7733/6 8791/7734/6
f 8792/7735/6 8789/7732/6 8791/7734/6
f 8793/7736/5 8794/7737/5 8795/7738/5
f 8796/7739/5 8793/7736/5 8795/7738/5
f 8797/7740/9 8798/7741/9 8799/7742/9
f 8798/7741/9 8797/7740/9 8800/7743/9
f 8801/7744/7 8802/7745/7 8803/7492/7
f 8802/7745/7 8801/7744/7 8804/7746/7
f 8805/7747/10 8806/7742/10 8807/7741/10
f 8806/7742/10 8805/7747/10 8808/7748/10
f 8809/7749/8 8810/7680/8 8811/7750/8
f 8810/7680/8 8809/7749/8 8812/7681/8
f 8813/7751/6 8814/7752/6 8815/7753/6
f 8816/7754/6 8813/7751/6 8815/7753/6
f 8817/7755/5 8818/7756/5 8819/7757/5
f 8820/7758/5 8817/7755/5 8819/7757/5
f 8821/7759/9 8822/7760/9 8823/7761/9
f 8822/7760/9 8821/7759/9 8824/7762/9
f 8825/7763/7 8826/7764/7 8827/7765/7
f 8826/7764/7 8825/7763/7 8828/7766/7
f 8829/7767/10 8830/7768/10 8831/7769/10
f 8830/7768/10 8829/7767/10 8832/7770/10
f 8833/4645/8 8834/7771/8 8835/7772/8
f 8834/7771/8 8833/4645/8 8836/7773/8
f 8837/7774/6 8838/7775/6 8839/7776/6
f 8837/7774/6 8840/7777/6 8838/7775/6
f 8841/7778/5 8842/7779/5 8843/7780/5
f 8841/7778/5 8844/7781/5 8842/7779/5
f 8845/7782/9 8846/7783/9 8847/7784/9
f 8845/7782/9 8848/7785/9 8846/7783/9
f 8849/3012/8 8850/7786/8 8851/7787/8
f 8849/3012/8 8852/3014/8 8850/7786/8
f 8853/7788/10 8854/7789/10 8855/7790/10
f 8853/7788/10 8856/7791/10 8854/7789/10
f 8857/2999/7 8858/2955/7 8859/7792/7
f 8857/2999/7 8860/7793/7 8858/2955/7
f 8861/7794/6 8862/7795/6 8863/7796/6
f 8864/7797/6 8861/7794/6 8863/7796/6
f 8865/7798/5 8866/7799/5 8867/7800/5
f 8868/7801/5 8865/7798/5 8867/7800/5
f 8869/2973/9 8870/7802/9 8871/7803/9
f 8870/7802/9 8869/2973/9 8872/2975/9
f 8873/7804/7 8874/2949/7 8875/7805/7
f 8874/2949/7 8873/7804/7 8876/2947/7
f 8877/7806/10 8878/2964/10 8879/7807/10
f 8878/2964/10 8877/7806/10 8880/7808/10
f 8881/7809/8 8882/7810/8 8883/7811/8
f 8882/7810/8 8881/7809/8 8884/7812/8
f 8885/7813/6 8886/7814/6 8887/7815/6
f 8886/7814/6 8885/7813/6 8888/7816/6
f 8889/7817/5 8890/7818/5 8891/7819/5
f 8890/7818/5 8889/7817/5 8892/7820/5
f 8893/7821/10 8894/7822/10 8895/7823/10
f 8894/7822/10 8893/7821/10 8896/7824/10
f 8897/7825/8 8898/7811/8 8899/7826/8
f 8898/7811/8 8897/7825/8 8900/7809/8
f 8901/7827/9 8902/7828/9 8903/7829/9
f 8902/7828/9 8901/7827/9 8904/7830/9
f 8905/7831/7 8906/7832/7 8907/7833/7
f 8906/7832/7 8905/7831/7 8908/7834/7
f 8909/7835/7 8910/7836/7 8911/7837/7
f 8909/7835/7 8912/7838/7 8910/7836/7
f 8913/7839/6 8914/7840/6 8915/7841/6
f 8916/7842/6 8914/7840/6 8913/7839/6
f 8917/7843/10 8918/7844/10 8919/7845/10
f 8917/7843/10 8920/7846/10 8918/7844/10
f 8921/7847/8 8922/2954/8 8923/2956/8
f 8921/7847/8 8924/7848/8 8922/2954/8
f 8925/7849/9 8926/7850/9 8927/7851/9
f 8925/7849/9 8928/7852/9 8926/7850/9
f 8929/7853/5 8930/7854/5 8931/7855/5
f 8932/7856/5 8930/7854/5 8929/7853/5
f 8933/4190/6 8934/7857/6 8935/7858/6
f 8934/7857/6 8933/4190/6 8936/4187/6
f 8937/7859/5 8938/7860/5 8939/7861/5
f 8937/7859/5 8940/7862/5 8938/7860/5
f 8941/7495/9 8942/7863/9 8943/7497/9
f 8941/7495/9 8944/7864/9 8942/7863/9
f 8945/7562/8 8946/7865/8 8947/7866/8
f 8945/7562/8 8948/7867/8 8946/7865/8
f 8949/7868/10 8950/7869/10 8951/7870/10
f 8949/7868/10 8952/7871/10 8950/7869/10
f 8953/7872/7 8954/7686/7 8955/7689/7
f 8953/7872/7 8955/7689/7 8956/7873/7
f 8957/4172/6 8958/7874/6 8959/7875/6
f 8958/7874/6 8957/4172/6 8960/7876/6
f 8961/7877/5 8962/7878/5 8963/7879/5
f 8961/7877/5 8963/7879/5 8964/7880/5
f 8965/7407/9 8966/7881/9 8967/7882/9
f 8965/7407/9 8967/7882/9 8968/7408/9
f 8969/7883/8 8970/7884/8 8971/7885/8
f 8969/7883/8 8971/7885/8 8972/7412/8
f 8973/7886/10 8974/7887/10 8975/7888/10
f 8973/7886/10 8975/7888/10 8976/7889/10
f 8977/7890/7 8978/7891/7 8979/7892/7
f 8977/7890/7 8979/7892/7 8980/7893/7
f 8981/4333/6 8982/7894/6 8983/7895/6
f 8984/4336/6 8981/4333/6 8983/7895/6
f 8985/7896/5 8986/7897/5 8987/7898/5
f 8988/7899/5 8985/7896/5 8987/7898/5
f 8989/7684/9 8990/7900/9 8991/7685/9
f 8990/7900/9 8989/7684/9 8992/7901/9
f 8993/7902/7 8994/7903/7 8995/7904/7
f 8994/7903/7 8993/7902/7 8996/7905/7
f 8997/7906/10 8998/7907/10 8999/7908/10
f 8998/7907/10 8997/7906/10 9000/7909/10
f 9001/7910/8 9002/7905/8 9003/7911/8
f 9002/7905/8 9001/7910/8 9004/7903/8
f 9005/7912/6 9006/7913/6 9007/7914/6
f 9008/7915/6 9005/7912/6 9007/7914/6
f 9009/7916/5 9010/7917/5 9011/7918/5
f 9012/7919/5 9009/7916/5 9011/7918/5
f 9013/7920/9 9014/7921/9 9015/7922/9
f 9014/7921/9 9013/7920/9 9016/7923/9
f 9017/7924/7 9018/7925/7 9019/7926/7
f 9018/7925/7 9017/7924/7 9020/7927/7
f 9021/7928/10 9022/7929/10 9023/7930/10
f 9022/7929/10 9021/7928/10 9024/7931/10
f 9025/7927/8 9026/7932/8 9027/7933/8
f 9026/7932/8 9025/7927/8 9028/7924/8
f 9029/7934/6 9030/4482/6 9031/7935/6
f 9030/4482/6 9029/7934/6 9032/4485/6
f 9033/7936/5 9034/7937/5 9035/7938/5
f 9034/7937/5 9033/7936/5 9036/7939/5
f 9037/7940/10 9038/7941/10 9039/7942/10
f 9038/7941/10 9037/7940/10 9040/7943/10
f 9041/7944/8 9042/7945/8 9043/7946/8
f 9042/7945/8 9041/7944/8 9044/7947/8
f 9045/7948/9 9046/7949/9 9047/7950/9
f 9046/7949/9 9045/7948/9 9048/7951/9
f 9049/7952/7 9050/7953/7 9051/7954/7
f 9050/7953/7 9049/7952/7 9052/7955/7
f 9053/7956/6 9054/7957/6 9055/7958/6
f 9054/7957/6 9053/7956/6 9056/7959/6
f 9057/7960/5 9058/7961/5 9059/7962/5
f 9058/7961/5 9057/7960/5 9060/7963/5
f 9061/7964/10 9062/7965/10 9063/7966/10
f 9062/7965/10 9061/7964/10 9064/7967/10
f 9065/7968/8 9066/7969/8 9067/7970/8
f 9066/7969/8 9065/7968/8 9068/7971/8
f 9069/7972/9 9070/7973/9 9071/7974/9
f 9070/7973/9 9069/7972/9 9072/7975/9
f 9073/7976/7 9074/7977/7 9075/7978/7
f 9074/7977/7 9073/7976/7 9076/7979/7
f 9077/7980/7 9078/7981/7 9079/7982/7
f 9077/7980/7 9079/7982/7 9080/7983/7
f 9081/4600/6 9082/7984/6 9083/4601/6
f 9084/7985/6 9082/7984/6 9081/4600/6
f 9085/7986/10 9086/7928/10 9087/7987/10
f 9085/7986/10 9088/7988/10 9086/7928/10
f 9089/7989/8 9090/7990/8 9091/7991/8
f 9089/7989/8 9092/7992/8 9090/7990/8
f 9093/7993/9 9094/7994/9 9095/7995/9
f 9093/7993/9 9095/7995/9 9096/7986/9
f 9097/7996/5 9098/7985/5 9099/7997/5
f 9100/7984/5 9098/7985/5 9097/7996/5
f 9101/7998/7 9102/7999/7 9103/8000/7
f 9101/7998/7 9104/7955/7 9102/7999/7
f 9105/8001/6 9106/8002/6 9107/8003/6
f 9106/8002/6 9105/8001/6 9108/4620/6
f 9109/8004/10 9110/8005/10 9111/8006/10
f 9109/8004/10 9111/8006/10 9112/8007/10
f 9113/7625/8 9114/8008/8 9115/8009/8
f 9113/7625/8 9116/7624/8 9114/8008/8
f 9117/8007/9 9118/8010/9 9119/8011/9
f 9117/8007/9 9119/8011/9 9120/8004/9
f 9121/8012/5 9122/8001/5 9123/8013/5
f 9124/8014/5 9122/8001/5 9121/8012/5
f 9125/8015/6 9126/8016/6 9127/8017/6
f 9126/8016/6 9125/8015/6 9128/8018/6
f 9129/8019/5 9130/8016/5 9131/8020/5
f 9129/8019/5 9132/8017/5 9130/8016/5
f 9133/8021/9 9134/8022/9 9135/8023/9
f 9133/8021/9 9136/8024/9 9134/8022/9
f 9137/8025/8 9138/8026/8 9139/8027/8
f 9137/8025/8 9140/8028/8 9138/8026/8
f 9141/8029/10 9142/8030/10 9143/8031/10
f 9141/8029/10 9143/8031/10 9144/8032/10
f 9145/8033/7 9146/8034/7 9147/8035/7
f 9145/8033/7 9147/8035/7 9148/8036/7
f 9149/8037/6 9150/8038/6 9151/8039/6
f 9149/8037/6 9152/8040/6 9150/8038/6
f 9153/8041/5 9154/8042/5 9155/8043/5
f 9153/8041/5 9156/8044/5 9154/8042/5
f 9157/3317/9 9158/8045/9 9159/5331/9
f 9160/8046/9 9158/8045/9 9157/3317/9
f 9161/8047/8 9162/8048/8 9163/8049/8
f 9161/8047/8 9163/8049/8 9164/8050/8
f 9165/8051/10 9166/4357/10 9167/8052/10
f 9168/6415/10 9166/4357/10 9165/8051/10
f 9169/8053/7 9170/8054/7 9171/8055/7
f 9169/8053/7 9171/8055/7 9172/8056/7
f 9173/8057/6 9174/8058/6 9175/8059/6
f 9176/6433/6 9173/8057/6 9175/8059/6
f 9177/8060/5 9178/7037/5 9179/8061/5
f 9180/8062/5 9177/8060/5 9179/8061/5
f 9181/8063/9 9182/8064/9 9183/8065/9
f 9182/8064/9 9181/8063/9 9184/8066/9
f 9185/8067/7 9186/8068/7 9187/8069/7
f 9186/8068/7 9185/8067/7 9188/8070/7
f 9189/8071/10 9190/8072/10 9191/8064/10
f 9190/8072/10 9189/8071/10 9192/8073/10
f 9193/8074/8 9194/8075/8 9195/8076/8
f 9194/8075/8 9193/8074/8 9196/8077/8
f 9197/8078/6 9198/8079/6 9199/8080/6
f 9200/8081/6 9197/8078/6 9199/8080/6
f 9201/8082/5 9202/8083/5 9203/8084/5
f 9204/8085/5 9201/8082/5 9203/8084/5
f 9205/8086/9 9206/7706/9 9207/8087/9
f 9206/7706/9 9205/8086/9 9208/7707/9
f 9209/8088/7 9210/7147/7 9211/8089/7
f 9210/7147/7 9209/8088/7 9212/8090/7
f 9213/7583/10 9214/8091/10 9215/7581/10
f 9214/8091/10 9213/7583/10 9216/8092/10
f 9217/8093/8 9218/7702/8 9219/7704/8
f 9218/7702/8 9217/8093/8 9220/8094/8
f 9221/8095/6 9222/8096/6 9223/8097/6
f 9222/8096/6 9221/8095/6 9224/8098/6
f 9225/8099/5 9226/8100/5 9227/8101/5
f 9226/8100/5 9225/8099/5 9228/8102/5
f 9229/8103/10 9230/8104/10 9231/8105/10
f 9230/8104/10 9229/8103/10 9232/8106/10
f 9233/8107/8 9234/8108/8 9235/8109/8
f 9234/8108/8 9233/8107/8 9236/8110/8
f 9237/8111/9 9238/8112/9 9239/8113/9
f 9238/8112/9 9237/8111/9 9240/8114/9
f 9241/7320/7 9242/8115/7 9243/8116/7
f 9242/8115/7 9241/7320/7 9244/8117/7
f 9245/8118/6 9246/8119/6 9247/8120/6
f 9246/8119/6 9245/8118/6 9248/8121/6
f 9249/8122/5 9250/8123/5 9251/8124/5
f 9250/8123/5 9249/8122/5 9252/8125/5
f 9253/8126/10 9254/8127/10 9255/8128/10
f 9254/8127/10 9253/8126/10 9256/8129/10
f 9257/6007/8 9258/8130/8 9259/8131/8
f 9258/8130/8 9257/6007/8 9260/6009/8
f 9261/8132/9 9262/8133/9 9263/8134/9
f 9262/8133/9 9261/8132/9 9264/8135/9
f 9265/8136/7 9266/8137/7 9267/8138/7
f 9266/8137/7 9265/8136/7 9268/8139/7
f 9269/8140/6 9270/8012/6 9271/8141/6
f 9270/8012/6 9269/8140/6 9272/8014/6
f 9273/8142/5 9274/8140/5 9275/8143/5
f 9276/8144/5 9274/8140/5 9273/8142/5
f 9277/8032/10 9278/8031/10 9279/8145/10
f 9277/8032/10 9279/8145/10 9280/8146/10
f 9281/8147/7 9282/8148/7 9283/8149/7
f 9281/8147/7 9283/8149/7 9284/8150/7
f 9285/8151/9 9286/8152/9 9287/8153/9
f 9285/8151/9 9288/8154/9 9286/8152/9
f 9289/8009/8 9290/8155/8 9291/8156/8
f 9289/8009/8 9292/8008/8 9290/8155/8
f 9293/8157/6 9294/8158/6 9295/8159/6
f 9296/8160/6 9294/8158/6 9293/8157/6
f 9297/8161/5 9298/8162/5 9299/8163/5
f 9300/8164/5 9298/8162/5 9297/8161/5
f 9301/8165/10 9302/7574/10 9303/7576/10
f 9304/8166/10 9302/7574/10 9301/8165/10
f 9305/6149/7 9306/8167/7 9307/8168/7
f 9305/6149/7 9308/8169/7 9306/8167/7
f 9309/8170/9 9310/8171/9 9311/8172/9
f 9312/8173/9 9310/8171/9 9309/8170/9
f 9313/8174/8 9314/8175/8 9315/8176/8
f 9313/8174/8 9315/8176/8 9316/8177/8
f 9317/8178/6 9318/8179/6 9319/8180/6
f 9318/8179/6 9317/8178/6 9320/8181/6
f 9321/8182/5 9322/8180/5 9323/8179/5
f 9321/8182/5 9323/8179/5 9324/8183/5
f 9325/8184/9 9326/8185/9 9327/8186/9
f 9325/8184/9 9327/8186/9 9328/8187/9
f 9329/3473/8 9330/8188/8 9331/8189/8
f 9329/3473/8 9332/8190/8 9330/8188/8
f 9333/8191/10 9334/8185/10 9335/8192/10
f 9333/8191/10 9336/8186/10 9334/8185/10
f 9337/8193/7 9338/7872/7 9339/8194/7
f 9337/8193/7 9339/8194/7 9340/8195/7
f 9341/8196/6 9342/8197/6 9343/8198/6
f 9342/8197/6 9341/8196/6 9344/8199/6
f 9345/8200/5 9346/8201/5 9347/8202/5
f 9345/8200/5 9348/8203/5 9346/8201/5
f 9349/8204/9 9350/8205/9 9351/8206/9
f 9349/8204/9 9352/8207/9 9350/8205/9
f 9353/7932/8 9354/8208/8 9355/8209/8
f 9353/7932/8 9355/8209/8 9356/8210/8
f 9357/8211/10 9358/8212/10 9359/8213/10
f 9357/8211/10 9360/8214/10 9358/8212/10
f 9361/8215/7 9362/8216/7 9363/8217/7
f 9361/8215/7 9363/8217/7 9364/8218/7
f 9365/8182/6 9366/8219/6 9367/8220/6
f 9366/8219/6 9365/8182/6 9368/8183/6
f 9369/8221/5 9370/8222/5 9371/8223/5
f 9369/8221/5 9371/8223/5 9372/8224/5
f 9373/8225/9 9374/8226/9 9375/8227/9
f 9373/8225/9 9375/8227/9 9376/8228/9
f 9377/8229/8 9378/8230/8 9379/8231/8
f 9377/8229/8 9379/8231/8 9380/8232/8
f 9381/8233/10 9382/8234/10 9383/8235/10
f 9381/8233/10 9384/8236/10 9382/8234/10
f 9385/8237/7 9386/8238/7 9387/8239/7
f 9385/8237/7 9388/8240/7 9386/8238/7
f 9389/8241/6 9390/8242/6 9391/8243/6
f 9389/8241/6 9391/8243/6 9392/8244/6
f 9393/8245/5 9394/8246/5 9395/8247/5
f 9393/8245/5 9396/8248/5 9394/8246/5
f 9397/8249/9 9398/8250/9 9399/8251/9
f 9400/8252/9 9398/8250/9 9397/8249/9
f 9401/8253/8 9402/8254/8 9403/6836/8
f 9401/8253/8 9403/6836/8 9404/8255/8
f 9405/8256/10 9406/8257/10 9407/8258/10
f 9408/8259/10 9406/8257/10 9405/8256/10
f 9409/8260/7 9410/8261/7 9411/8262/7
f 9409/8260/7 9411/8262/7 9412/3534/7
f 9413/8263/6 9414/8264/6 9415/8265/6
f 9416/7043/6 9413/8263/6 9415/8265/6
f 9417/8266/5 9418/7079/5 9419/8267/5
f 9420/8268/5 9417/8266/5 9419/8267/5
f 9421/3471/9 9422/8269/9 9423/8270/9
f 9422/8269/9 9421/3471/9 9424/3470/9
f 9425/8271/7 9426/8272/7 9427/8273/7
f 9426/8272/7 9425/8271/7 9428/8274/7
f 9429/3382/10 9430/8275/10 9431/8276/10
f 9430/8275/10 9429/3382/10 9432/3381/10
f 9433/8277/8 9434/8278/8 9435/8279/8
f 9434/8278/8 9433/8277/8 9436/8190/8
f 9437/8280/6 9438/8281/6 9439/8282/6
f 9440/8283/6 9437/8280/6 9439/8282/6
f 9441/8284/5 9442/8285/5 9443/8286/5
f 9444/8287/5 9441/8284/5 9443/8286/5
f 9445/8204/9 9446/8288/9 9447/8207/9
f 9446/8288/9 9445/8204/9 9448/8289/9
f 9449/8290/7 9450/8291/7 9451/8292/7
f 9450/8291/7 9449/8290/7 9452/8293/7
f 9453/8294/10 9454/8295/10 9455/8296/10
f 9454/8295/10 9453/8294/10 9456/8297/10
f 9457/8209/8 9458/8298/8 9459/8299/8
f 9458/8298/8 9457/8209/8 9460/8300/8
f 9461/8301/6 9462/8302/6 9463/7086/6
f 9464/7085/6 9461/8301/6 9463/7086/6
f 9465/7115/5 9466/7114/5 9467/8303/5
f 9468/8304/5 9465/7115/5 9467/8303/5
f 9469/8305/9 9470/8306/9 9471/8307/9
f 9470/8306/9 9469/8305/9 9472/8308/9
f 9473/8274/7 9474/8309/7 9475/8272/7
f 9474/8309/7 9473/8274/7 9476/8310/7
f 9477/8311/10 9478/7908/10 9479/8312/10
f 9478/7908/10 9477/8311/10 9480/7906/10
f 9481/8313/8 9482/8231/8 9483/8314/8
f 9482/8231/8 9481/8313/8 9484/8232/8
f 9485/8315/6 9486/8316/6 9487/8317/6
f 9488/8318/6 9485/8315/6 9487/8317/6
f 9489/8319/5 9490/8320/5 9491/8321/5
f 9492/8322/5 9489/8319/5 9491/8321/5
f 9493/8323/9 9494/8092/9 9495/8324/9
f 9494/8092/9 9493/8323/9 9496/8091/9
f 9497/8325/7 9498/8326/7 9499/8327/7
f 9498/8326/7 9497/8325/7 9500/8328/7
f 9501/8329/10 9502/8330/10 9503/8331/10
f 9502/8330/10 9501/8329/10 9504/8332/10
f 9505/8333/8 9506/8334/8 9507/8335/8
f 9506/8334/8 9505/8333/8 9508/8336/8
f 9509/8337/6 9510/8338/6 9511/8339/6
f 9510/8338/6 9509/8337/6 9512/8340/6
f 9513/8341/5 9514/8342/5 9515/8343/5
f 9514/8342/5 9513/8341/5 9516/8344/5
f 9517/8345/10 9518/8346/10 9519/8347/10
f 9518/8346/10 9517/8345/10 9520/8348/10
f 9521/8349/8 9522/8350/8 9523/8351/8
f 9522/8350/8 9521/8349/8 9524/8352/8
f 9525/8353/9 9526/1405/9 9527/8354/9
f 9526/1405/9 9525/8353/9 9528/1406/9
f 9529/8355/7 9530/8109/7 9531/8108/7
f 9530/8109/7 9529/8355/7 9532/8356/7
f 9533/8357/6 9534/8358/6 9535/8359/6
f 9534/8358/6 9533/8357/6 9536/8360/6
f 9537/8361/5 9538/8362/5 9539/8363/5
f 9538/8362/5 9537/8361/5 9540/8364/5
f 9541/8365/10 9542/7596/10 9543/3359/10
f 9542/7596/10 9541/8365/10 9544/8366/10
f 9545/8367/8 9546/8368/8 9547/8369/8
f 9546/8368/8 9545/8367/8 9548/7976/8
f 9549/7664/9 9550/8370/9 9551/8371/9
f 9550/8370/9 9549/7664/9 9552/8372/9
f 9553/8373/7 9554/8374/7 9555/8375/7
f 9554/8374/7 9553/8373/7 9556/8376/7
f 9557/8377/6 9558/8378/6 9559/8379/6
f 9558/8378/6 9557/8377/6 9560/8380/6
f 9561/8381/5 9562/8382/5 9563/8383/5
f 9562/8382/5 9561/8381/5 9564/8384/5
f 9565/8385/10 9566/7950/10 9567/7949/10
f 9566/7950/10 9565/8385/10 9568/8386/10
f 9569/8387/8 9570/8147/8 9571/8388/8
f 9570/8147/8 9569/8387/8 9572/8148/8
f 9573/8114/9 9574/8389/9 9575/8112/9
f 9574/8389/9 9573/8114/9 9576/8390/9
f 9577/8391/7 9578/8392/7 9579/8393/7
f 9578/8392/7 9577/8391/7 9580/8394/7
f 9581/8395/6 9582/8396/6 9583/8397/6
f 9582/8396/6 9581/8395/6 9584/8398/6
f 9585/8399/5 9586/8400/5 9587/8401/5
f 9586/8400/5 9585/8399/5 9588/8402/5
f 9589/8403/10 9590/8404/10 9591/8405/10
f 9590/8404/10 9589/8403/10 9592/8406/10
f 9593/3833/8 9594/8407/8 9595/8408/8
f 9594/8407/8 9593/3833/8 9596/8409/8
f 9597/8410/9 9598/8406/9 9599/8411/9
f 9598/8406/9 9597/8410/9 9600/8404/9
f 9601/4123/7 9602/8412/7 9603/8413/7
f 9602/8412/7 9601/4123/7 9604/4122/7
f 9605/8221/6 9606/8414/6 9607/8415/6
f 9606/8414/6 9605/8221/6 9608/8224/6
f 9609/8416/5 9610/8417/5 9611/8418/5
f 9609/8416/5 9611/8418/5 9612/8419/5
f 9613/8420/9 9614/8421/9 9615/8422/9
f 9613/8420/9 9615/8422/9 9616/5171/9
f 9617/8423/8 9618/8424/8 9619/8425/8
f 9617/8423/8 9619/8425/8 9620/8426/8
f 9621/8427/10 9622/8422/10 9623/8421/10
f 9621/8427/10 9623/8421/10 9624/8428/10
f 9625/8429/7 9626/8430/7 9627/8431/7
f 9625/8429/7 9627/8431/7 9628/8432/7
f 9629/8433/6 9630/8434/6 9631/8435/6
f 9629/8433/6 9631/8435/6 9632/8436/6
f 9633/8437/5 9634/8438/5 9635/8439/5
f 9633/8437/5 9635/8439/5 9636/8440/5
f 9637/8441/9 9638/8442/9 9639/8443/9
f 9640/8444/9 9638/8442/9 9637/8441/9
f 9641/8445/8 9642/8446/8 9643/8447/8
f 9641/8445/8 9643/8447/8 9644/5662/8
f 9645/8448/10 9646/3273/10 9647/8449/10
f 9648/3271/10 9646/3273/10 9645/8448/10
f 9649/8450/7 9650/8451/7 9651/8452/7
f 9649/8450/7 9651/8452/7 9652/8453/7
f 9653/8454/6 9654/8455/6 9655/7121/6
f 9656/7120/6 9653/8454/6 9655/7121/6
f 9657/8456/5 9658/8457/5 9659/8458/5
f 9660/8459/5 9657/8456/5 9659/8458/5
f 9661/8460/9 9662/8461/9 9663/8462/9
f 9662/8461/9 9661/8460/9 9664/8463/9
f 9665/8425/7 9666/8464/7 9667/8426/7
f 9666/8464/7 9665/8425/7 9668/8465/7
f 9669/8466/10 9670/8463/10 9671/8467/10
f 9670/8463/10 9669/8466/10 9672/8461/10
f 9673/8468/8 9674/8465/8 9675/8469/8
f 9674/8465/8 9673/8468/8 9676/8464/8
f 9677/8470/6 9678/8471/6 9679/8472/6
f 9680/8473/6 9677/8470/6 9679/8472/6
f 9681/8474/5 9682/8475/5 9683/8476/5
f 9684/8477/5 9681/8474/5 9683/8476/5
f 9685/8478/9 9686/8479/9 9687/8257/9
f 9686/8479/9 9685/8478/9 9688/8480/9
f 9689/8481/7 9690/8482/7 9691/8483/7
f 9690/8482/7 9689/8481/7 9692/8484/7
f 9693/8485/10 9694/8486/10 9695/8487/10
f 9694/8486/10 9693/8485/10 9696/8488/10
f 9697/8489/8 9698/8490/8 9699/8491/8
f 9698/8490/8 9697/8489/8 9700/8492/8
f 9701/8493/6 9702/8494/6 9703/8495/6
f 9702/8494/6 9701/8493/6 9704/8496/6
f 9705/8497/5 9706/8498/5 9707/8499/5
f 9706/8498/5 9705/8497/5 9708/8500/5
f 9709/8501/10 9710/6201/10 9711/8502/10
f 9710/6201/10 9709/8501/10 9712/6199/10
f 9713/6517/8 9714/8503/8 9715/8504/8
f 9714/8503/8 9713/6517/8 9716/6520/8
f 9717/8505/9 9718/8506/9 9719/8501/9
f 9718/8506/9 9717/8505/9 9720/8507/9
f 9721/8508/7 9722/8509/7 9723/8510/7
f 9722/8509/7 9721/8508/7 9724/8511/7
f 9725/8512/6 9726/8513/6 9727/8514/6
f 9726/8513/6 9725/8512/6 9728/8515/6
f 9729/8516/5 9730/8517/5 9731/8518/5
f 9730/8517/5 9729/8516/5 9732/8519/5
f 9733/3741/10 9734/8520/10 9735/3744/10
f 9734/8520/10 9733/3741/10 9736/8521/10
f 9737/8522/8 9738/8523/8 9739/8489/8
f 9738/8523/8 9737/8522/8 9740/8524/8
f 9741/8525/9 9742/8442/9 9743/8526/9
f 9742/8442/9 9741/8525/9 9744/8443/9
f 9745/8527/7 9746/8528/7 9747/8529/7
f 9746/8528/7 9745/8527/7 9748/8530/7
f 9749/8531/6 9750/8142/6 9751/8532/6
f 9750/8142/6 9749/8531/6 9752/8144/6
f 9753/8533/5 9754/8531/5 9755/8534/5
f 9756/8535/5 9754/8531/5 9753/8533/5
f 9757/8536/10 9758/8428/10 9759/8537/10
f 9757/8536/10 9760/8427/10 9758/8428/10
f 9761/8538/7 9762/8539/7 9763/8540/7
f 9761/8538/7 9764/8541/7 9762/8539/7
f 9765/8537/9 9766/8542/9 9767/8536/9
f 9765/8537/9 9768/8543/9 9766/8542/9
f 9769/3764/8 9770/8544/8 9771/8545/8
f 9769/3764/8 9772/3766/8 9770/8544/8
f 9773/8546/6 9774/8547/6 9775/8548/6
f 9776/8549/6 9774/8547/6 9773/8546/6
f 9777/8550/5 9778/8551/5 9779/8552/5
f 9780/8553/5 9778/8551/5 9777/8550/5
f 9781/8554/10 9782/8555/10 9783/8556/10
f 9784/8557/10 9782/8555/10 9781/8554/10
f 9785/8558/7 9786/8559/7 9787/8560/7
f 9785/8558/7 9787/8560/7 9788/8561/7
f 9789/8562/9 9790/8563/9 9791/8564/9
f 9792/8565/9 9790/8563/9 9789/8562/9
f 9793/8566/8 9794/8567/8 9795/8568/8
f 9793/8566/8 9795/8568/8 9796/8569/8
f 9797/8570/9 9798/8571/9 9799/8572/9
f 9797/8570/9 9799/8572/9 9800/167/9
f 9801/1874/10 9802/8573/10 9803/4980/10
f 9801/1874/10 9804/8574/10 9802/8573/10
f 9805/8575/7 9806/15/7 9807/8576/7
f 9805/8575/7 9808/8577/7 9806/15/7
f 9809/8578/8 9810/8579/8 9811/8580/8
f 9809/8578/8 9811/8580/8 9812/8581/8
f 9813/8582/5 9814/8583/5 9815/8584/5
f 9814/8583/5 9813/8582/5 9816/8585/5
f 9817/8586/6 9818/8582/6 9819/8584/6
f 9818/8582/6 9817/8586/6 9820/8587/6
f 9821/8588/8 9822/8589/8 9823/8590/8
f 9821/8588/8 9824/8591/8 9822/8589/8
f 9825/8591/7 9826/8592/7 9827/8593/7
f 9825/8591/7 9828/8588/7 9826/8592/7
f 9829/8594/10 9830/8595/10 9831/8596/10
f 9829/8594/10 9832/8597/10 9830/8595/10
f 9833/1636/5 9834/8598/5 9835/8599/5
f 9836/8600/5 9834/8598/5 9833/1636/5
f 9837/8601/9 9838/8602/9 9839/8603/9
f 9837/8601/9 9839/8603/9 9840/8604/9
f 9841/8605/6 9842/8606/6 9843/8607/6
f 9844/8608/6 9842/8606/6 9841/8605/6
f 9845/8609/8 9846/8610/8 9847/8611/8
f 9848/8612/8 9846/8610/8 9845/8609/8
f 9849/4225/7 9850/8613/7 9851/4226/7
f 9852/8614/7 9850/8613/7 9849/4225/7
f 9853/8615/10 9854/8616/10 9855/8617/10
f 9856/8618/10 9854/8616/10 9853/8615/10
f 9857/8619/5 9858/8620/5 9859/8621/5
f 9858/8620/5 9857/8619/5 9860/8622/5
f 9861/8623/9 9862/8624/9 9863/8625/9
f 9864/8626/9 9862/8624/9 9861/8623/9
f 9865/8627/6 9866/8628/6 9867/8629/6
f 9866/8628/6 9865/8627/6 9868/8630/6
f 9869/8631/8 9870/8632/8 9871/8633/8
f 9869/8631/8 9872/8634/8 9870/8632/8
f 9873/8635/7 9874/8636/7 9875/8637/7
f 9873/8635/7 9875/8637/7 9876/8638/7
f 9877/8639/10 9878/8640/10 9879/5887/10
f 9877/8639/10 9879/5887/10 9880/1921/10
f 9881/8641/5 9882/3890/5 9883/8642/5
f 9884/8643/5 9882/3890/5 9881/8641/5
f 9885/8644/9 9886/8645/9 9887/8646/9
f 9885/8644/9 9888/8647/9 9886/8645/9
f 9889/8648/6 9890/8649/6 9891/8650/6
f 9892/8651/6 9890/8649/6 9889/8648/6
f 9893/8652/9 9894/6742/9 9895/8653/9
f 9893/8652/9 9895/8653/9 9896/8654/9
f 9897/8655/10 9898/8656/10 9899/8657/10
f 9897/8655/10 9899/8657/10 9900/8658/10
f 9901/8659/8 9902/8660/8 9903/8661/8
f 9901/8659/8 9903/8661/8 9904/8662/8
f 9905/8663/5 9906/1874/5 9907/8664/5
f 9906/1874/5 9905/8663/5 9908/8665/5
f 9909/8666/7 9910/8667/7 9911/8668/7
f 9909/8666/7 9911/8668/7 9912/8669/7
f 9913/8670/6 9914/3894/6 9915/3891/6
f 9914/3894/6 9913/8670/6 9916/8671/6
f 9917/8672/9 9918/8673/9 9919/8674/9
f 9920/8675/9 9918/8673/9 9917/8672/9
f 9921/8676/10 9922/8677/10 9923/8678/10
f 9924/8679/10 9922/8677/10 9921/8676/10
f 9925/8680/8 9926/1907/8 9927/8681/8
f 9928/8682/8 9926/1907/8 9925/8680/8
f 9929/8683/5 9930/8684/5 9931/8685/5
f 9930/8684/5 9929/8683/5 9932/8686/5
f 9933/8687/7 9934/8688/7 9935/8689/7
f 9936/8690/7 9934/8688/7 9933/8687/7
f 9937/8691/6 9938/8692/6 9939/8693/6
f 9938/8692/6 9937/8691/6 9940/8694/6
f 9941/8695/9 9942/8696/9 9943/8697/9
f 9941/8695/9 9943/8697/9 9944/8698/9
f 9945/8699/10 9946/8700/10 9947/8701/10
f 9945/8699/10 9947/8701/10 9948/8702/10
f 9949/8703/8 9950/8704/8 9951/8705/8
f 9949/8703/8 9951/8705/8 9952/8706/8
f 9953/8707/5 9954/8708/5 9955/8709/5
f 9954/8708/5 9953/8707/5 9956/8710/5
f 9957/8711/7 9958/4004/7 9959/8712/7
f 9957/8711/7 9959/8712/7 9960/8713/7
f 9961/8714/6 9962/8715/6 9963/8716/6
f 9964/8717/6 9961/8714/6 9963/8716/6
f 9965/8718/7 9966/8719/7 9967/8720/7
f 9965/8718/7 9967/8720/7 9968/8721/7
f 9969/8722/8 9970/8723/8 9971/8724/8
f 9969/8722/8 9971/8724/8 9972/8725/8
f 9973/8726/9 9974/8727/9 9975/8728/9
f 9973/8726/9 9975/8728/9 9976/8729/9
f 9977/8730/5 9978/8731/5 9979/8732/5
f 9977/8730/5 9979/8732/5 9980/8733/5
f 9981/8734/10 9982/8735/10 9983/8736/10
f 9981/8734/10 9983/8736/10 9984/8737/10
f 9985/8738/6 9986/8739/6 9987/8740/6
f 9986/8739/6 9985/8738/6 9988/8741/6
f 9989/8742/7 9990/8743/7 9991/8744/7
f 9992/8745/7 9990/8743/7 9989/8742/7
f 9993/8746/8 9994/8747/8 9995/8748/8
f 9996/8749/8 9994/8747/8 9993/8746/8
f 9997/8750/9 9998/8751/9 9999/8752/9
f 10000/8753/9 9998/8751/9 9997/8750/9
f 10001/8754/5 10002/8755/5 10003/8629/5
f 10001/8754/5 10003/8629/5 10004/8756/5
f 10005/8757/10 10006/8758/10 10007/8759/10
f 10008/8760/10 10006/8758/10 10005/8757/10
f 10009/8761/6 10010/8754/6 10011/8762/6
f 10009/8761/6 10011/8762/6 10012/2443/6
f 10013/8763/7 10014/8764/7 10015/8765/7
f 10013/8763/7 10015/8765/7 10016/8766/7
f 10017/8767/8 10018/8768/8 10019/6725/8
f 10017/8767/8 10019/6725/8 10020/8769/8
f 10021/8770/9 10022/8771/9 10023/8772/9
f 10021/8770/9 10023/8772/9 10024/8773/9
f 10025/8774/5 10026/8775/5 10027/8776/5
f 10025/8774/5 10027/8776/5 10028/8777/5
f 10029/8778/10 10030/8779/10 10031/8780/10
f 10029/8778/10 10031/8780/10 10032/8781/10
f 10033/8776/6 10034/8782/6 10035/8777/6
f 10034/8782/6 10033/8776/6 10036/8783/6
f 10037/8784/10 10038/8785/10 10039/697/10
f 10037/8784/10 10039/697/10 10040/8786/10
f 10041/4021/9 10042/8787/9 10043/8788/9
f 10041/4021/9 10043/8788/9 10044/2549/9
f 10045/8789/7 10046/8790/7 10047/8791/7
f 10045/8789/7 10047/8791/7 10048/8792/7
f 10049/5030/5 10050/8793/5 10051/8794/5
f 10052/8795/5 10049/5030/5 10051/8794/5
f 10053/3863/8 10054/8796/8 10055/8797/8
f 10053/3863/8 10055/8797/8 10056/8798/8
f 10057/6630/6 10058/8799/6 10059/8800/6
f 10058/8799/6 10057/6630/6 10060/6629/6
f 10061/6831/10 10062/8801/10 10063/6829/10
f 10064/8802/10 10062/8801/10 10061/6831/10
f 10065/8803/9 10066/8804/9 10067/1982/9
f 10068/8805/9 10066/8804/9 10065/8803/9
f 10069/8806/7 10070/8807/7 10071/8808/7
f 10072/8809/7 10070/8807/7 10069/8806/7
f 10073/8810/5 10074/8811/5 10075/8812/5
f 10076/8813/5 10073/8810/5 10075/8812/5
f 10077/8814/8 10078/8815/8 10079/8816/8
f 10080/8817/8 10078/8815/8 10077/8814/8
f 10081/8818/6 10082/8819/6 10083/8820/6
f 10082/8819/6 10081/8818/6 10084/8821/6
f 10085/8822/10 10086/8823/10 10087/8824/10
f 10085/8822/10 10087/8824/10 10088/8825/10
f 10089/8826/9 10090/8827/9 10091/8828/9
f 10089/8826/9 10091/8828/9 10092/8829/9
f 10093/8830/7 10094/8831/7 10095/8832/7
f 10093/8830/7 10095/8832/7 10096/8833/7
f 10097/8834/5 10098/8835/5 10099/8836/5
f 10100/8837/5 10097/8834/5 10099/8836/5
f 10101/8838/8 10102/8839/8 10103/8840/8
f 10101/8838/8 10103/8840/8 10104/8841/8
f 10105/7641/6 10106/6695/6 10107/8842/6
f 10106/6695/6 10105/7641/6 10108/8843/6
f 10109/8844/8 10110/8845/8 10111/8846/8
f 10112/8847/8 10110/8845/8 10109/8844/8
f 10113/4087/7 10114/8848/7 10115/4088/7
f 10116/8849/7 10114/8848/7 10113/4087/7
f 10117/8850/10 10118/8851/10 10119/8852/10
f 10120/8853/10 10118/8851/10 10117/8850/10
f 10121/8854/5 10122/8855/5 10123/8692/5
f 10122/8855/5 10121/8854/5 10124/8856/5
f 10125/6834/9 10126/8857/9 10127/6833/9
f 10128/8858/9 10126/8857/9 10125/6834/9
f 10129/8859/6 10130/8860/6 10131/2298/6
f 10132/8861/6 10130/8860/6 10129/8859/6
f 10133/8862/6 10134/8863/6 10135/8864/6
f 10134/8863/6 10133/8862/6 10136/8865/6
f 10137/8866/5 10138/8864/5 10139/8863/5
f 10137/8866/5 10139/8863/5 10140/8867/5
f 10141/8868/9 10142/8226/9 10143/8225/9
f 10141/8868/9 10144/8869/9 10142/8226/9
f 10145/4268/8 10146/8870/8 10147/8871/8
f 10145/4268/8 10148/8872/8 10146/8870/8
f 10149/8873/10 10150/8874/10 10151/8875/10
f 10149/8873/10 10152/8876/10 10150/8874/10
f 10153/8877/7 10154/4117/7 10155/8878/7
f 10153/8877/7 10156/4120/7 10154/4117/7
f 10157/8879/7 10158/1623/7 10159/8880/7
f 10157/8879/7 10160/8881/7 10158/1623/7
f 10161/8882/6 10162/8883/6 10163/8884/6
f 10164/8885/6 10162/8883/6 10161/8882/6
f 10165/8886/10 10166/8887/10 10167/8888/10
f 10168/8889/10 10166/8887/10 10165/8886/10
f 10169/8890/8 10170/8891/8 10171/8892/8
f 10169/8890/8 10172/8893/8 10170/8891/8
f 10173/8894/9 10174/8895/9 10175/8896/9
f 10176/8897/9 10174/8895/9 10173/8894/9
f 10177/8898/5 10178/8899/5 10179/8900/5
f 10180/8901/5 10178/8899/5 10177/8898/5
f 10181/8902/6 10182/8903/6 10183/8904/6
f 10182/8903/6 10181/8902/6 10184/8905/6
f 10185/8906/5 10186/8907/5 10187/8908/5
f 10185/8906/5 10188/8909/5 10186/8907/5
f 10189/8543/9 10190/8910/9 10191/8542/9
f 10189/8543/9 10192/8911/9 10190/8910/9
f 10193/8309/8 10194/8912/8 10195/8913/8
f 10193/8309/8 10196/8310/8 10194/8912/8
f 10197/8914/10 10198/8915/10 10199/8916/10
f 10197/8914/10 10200/8917/10 10198/8915/10
f 10201/8918/7 10202/8919/7 10203/8920/7
f 10201/8918/7 10203/8920/7 10204/8921/7
f 10205/8922/6 10206/8923/6 10207/8924/6
f 10206/8923/6 10205/8922/6 10208/8925/6
f 10209/8926/5 10210/8927/5 10211/8928/5
f 10209/8926/5 10212/8929/5 10210/8927/5
f 10213/8930/9 10214/8931/9 10215/8932/9
f 10213/8930/9 10215/8932/9 10216/8933/9
f 10217/8934/8 10218/8935/8 10219/8299/8
f 10217/8934/8 10220/8936/8 10218/8935/8
f 10221/8931/10 10222/8930/10 10223/8937/10
f 10221/8931/10 10223/8937/10 10224/8938/10
f 10225/8939/7 10226/8940/7 10227/7891/7
f 10225/8939/7 10227/7891/7 10228/7890/7
f 10229/8906/6 10230/8941/6 10231/8942/6
f 10230/8941/6 10229/8906/6 10232/8908/6
f 10233/2775/5 10234/8943/5 10235/8944/5
f 10233/2775/5 10236/8945/5 10234/8943/5
f 10237/8946/9 10238/8947/9 10239/8948/9
f 10237/8946/9 10239/8948/9 10240/8949/9
f 10241/8913/8 10242/8950/8 10243/8951/8
f 10241/8913/8 10244/8912/8 10242/8950/8
f 10245/8952/10 10246/8953/10 10247/8954/10
f 10245/8952/10 10248/8955/10 10246/8953/10
f 10249/8956/7 10250/8957/7 10251/8958/7
f 10249/8956/7 10252/8959/7 10250/8957/7
f 10253/8960/6 10254/8961/6 10255/8962/6
f 10253/8960/6 10256/8963/6 10254/8961/6
f 10257/8964/5 10258/8965/5 10259/8966/5
f 10257/8964/5 10260/8967/5 10258/8965/5
f 10261/8968/9 10262/8969/9 10263/8970/9
f 10264/8971/9 10262/8969/9 10261/8968/9
f 10265/8972/8 10266/8973/8 10267/8974/8
f 10265/8972/8 10268/8975/8 10266/8973/8
f 10269/8976/10 10270/7007/10 10271/8977/10
f 10272/7448/10 10270/7007/10 10269/8976/10
f 10273/8978/7 10274/8979/7 10275/8980/7
f 10273/8978/7 10275/8980/7 10276/8981/7
f 10277/8982/7 10278/8983/7 10279/8984/7
f 10280/2291/7 10278/8983/7 10277/8982/7
f 10281/5700/6 10282/8985/6 10283/8986/6
f 10284/5702/6 10282/8985/6 10281/5700/6
f 10285/8987/10 10286/8988/10 10287/8989/10
f 10288/8990/10 10286/8988/10 10285/8987/10
f 10289/8991/8 10290/8992/8 10291/8993/8
f 10292/8994/8 10290/8992/8 10289/8991/8
f 10293/8995/9 10294/8996/9 10295/8997/9
f 10296/8998/9 10294/8996/9 10293/8995/9
f 10297/8999/5 10298/9000/5 10299/9001/5
f 10300/9002/5 10298/9000/5 10297/8999/5
f 10301/9003/6 10302/9004/6 10303/9005/6
f 10304/9006/6 10301/9003/6 10303/9005/6
f 10305/9007/5 10306/9008/5 10307/9009/5
f 10308/9010/5 10305/9007/5 10307/9009/5
f 10309/9011/9 10310/9012/9 10311/9013/9
f 10310/9012/9 10309/9011/9 10312/9014/9
f 10313/8870/7 10314/9015/7 10315/8871/7
f 10314/9015/7 10313/8870/7 10316/9016/7
f 10317/9017/10 10318/9018/10 10319/9019/10
f 10318/9018/10 10317/9017/10 10320/9020/10
f 10321/5056/8 10322/9016/8 10323/9021/8
f 10322/9016/8 10321/5056/8 10324/9015/8
f 10325/9022/7 10326/8391/7 10327/9023/7
f 10325/9022/7 10328/8394/7 10326/8391/7
f 10329/9024/6 10330/8533/6 10331/9025/6
f 10330/8533/6 10329/9024/6 10332/8535/6
f 10333/9026/10 10334/9027/10 10335/9028/10
f 10333/9026/10 10336/9029/10 10334/9027/10
f 10337/9030/8 10338/9031/8 10339/9032/8
f 10337/9030/8 10340/9033/8 10338/9031/8
f 10341/9034/9 10342/8875/9 10343/8874/9
f 10341/9034/9 10344/9035/9 10342/8875/9
f 10345/9036/5 10346/9024/5 10347/9037/5
f 10348/9038/5 10346/9024/5 10345/9036/5
f 10349/9039/6 10350/9040/6 10351/9041/6
f 10352/9042/6 10349/9039/6 10351/9041/6
f 10353/5004/5 10354/9043/5 10355/9044/5
f 10356/9045/5 10353/5004/5 10355/9044/5
f 10357/8467/9 10358/9046/9 10359/8466/9
f 10358/9046/9 10357/8467/9 10360/9047/9
f 10361/9048/7 10362/9049/7 10363/9050/7
f 10362/9049/7 10361/9048/7 10364/9051/7
f 10365/9052/10 10366/9047/10 10367/9053/10
f 10366/9047/10 10365/9052/10 10368/9046/10
f 10369/9054/8 10370/9055/8 10371/9056/8
f 10370/9055/8 10369/9054/8 10372/9057/8
f 10373/9058/6 10374/9059/6 10375/9060/6
f 10376/9061/6 10373/9058/6 10375/9060/6
f 10377/9062/5 10378/9063/5 10379/9064/5
f 10380/9065/5 10377/9062/5 10379/9064/5
f 10381/8937/9 10382/9066/9 10383/8938/9
f 10382/9066/9 10381/8937/9 10384/9067/9
f 10385/9068/7 10386/8935/7 10387/9069/7
f 10386/8935/7 10385/9068/7 10388/9070/7
f 10389/9071/10 10390/9072/10 10391/9073/10
f 10390/9072/10 10389/9071/10 10392/9074/10
f 10393/9070/8 10394/9075/8 10395/9076/8
f 10394/9075/8 10393/9070/8 10396/9068/8
f 10397/9077/6 10398/9078/6 10399/9079/6
f 10400/9080/6 10397/9077/6 10399/9079/6
f 10401/5042/5 10402/5040/5 10403/9081/5
f 10404/9082/5 10401/5042/5 10403/9081/5
f 10405/8312/9 10406/9083/9 10407/8311/9
f 10406/9083/9 10405/8312/9 10408/9084/9
f 10409/9085/7 10410/9086/7 10411/9087/7
f 10410/9086/7 10409/9085/7 10412/9088/7
f 10413/9089/10 10414/9090/10 10415/9091/10
f 10414/9090/10 10413/9089/10 10416/9092/10
f 10417/9093/8 10418/9094/8 10419/9095/8
f 10418/9094/8 10417/9093/8 10420/9096/8
f 10421/9097/6 10422/9098/6 10423/9099/6
f 10424/9100/6 10421/9097/6 10423/9099/6
f 10425/9101/5 10426/9102/5 10427/9100/5
f 10428/9099/5 10425/9101/5 10427/9100/5
f 10429/9103/9 10430/9104/9 10431/9105/9
f 10430/9104/9 10429/9103/9 10432/7700/9
f 10433/9106/7 10434/8972/7 10435/4892/7
f 10434/8972/7 10433/9106/7 10436/8975/7
f 10437/8332/10 10438/9107/10 10439/8330/10
f 10438/9107/10 10437/8332/10 10440/9108/10
f 10441/9109/8 10442/9110/8 10443/9111/8
f 10442/9110/8 10441/9109/8 10444/9112/8
f 10445/9113/7 10446/9114/7 10447/9115/7
f 10448/9116/7 10446/9114/7 10445/9113/7
f 10449/4392/6 10450/9117/6 10451/9118/6
f 10452/4391/6 10450/9117/6 10449/4392/6
f 10453/9119/10 10454/9120/10 10455/9121/10
f 10456/9122/10 10454/9120/10 10453/9119/10
f 10457/9123/8 10458/9124/8 10459/9125/8
f 10460/9126/8 10458/9124/8 10457/9123/8
f 10461/9127/9 10462/9128/9 10463/9129/9
f 10464/9130/9 10462/9128/9 10461/9127/9
f 10465/9117/5 10466/5740/5 10467/9118/5
f 10466/5740/5 10465/9117/5 10468/9131/5
f 10469/9132/6 10470/9133/6 10471/9134/6
f 10470/9133/6 10469/9132/6 10472/9135/6
f 10473/9136/5 10474/9137/5 10475/9138/5
f 10474/9137/5 10473/9136/5 10476/9139/5
f 10477/9140/10 10478/9141/10 10479/9142/10
f 10478/9141/10 10477/9140/10 10480/9143/10
f 10481/9144/8 10482/9145/8 10483/9146/8
f 10482/9145/8 10481/9144/8 10484/9147/8
f 10485/9148/9 10486/9149/9 10487/9140/9
f 10486/9149/9 10485/9148/9 10488/9150/9
f 10489/9146/7 10490/9151/7 10491/9144/7
f 10490/9151/7 10489/9146/7 10492/9152/7
f 10493/9153/7 10494/9154/7 10495/9155/7
f 10493/9153/7 10495/9155/7 10496/9156/7
f 10497/9157/6 10498/9158/6 10499/9159/6
f 10500/9160/6 10498/9158/6 10497/9157/6
f 10501/9161/10 10502/8296/10 10503/9162/10
f 10501/9161/10 10503/9162/10 10504/9163/10
f 10505/7991/8 10506/7990/8 10507/9164/8
f 10505/7991/8 10507/9164/8 10508/9165/8
f 10509/9166/9 10510/9167/9 10511/9168/9
f 10509/9166/9 10511/9168/9 10512/9169/9
f 10513/9170/5 10514/9171/5 10515/9172/5
f 10516/9173/5 10514/9171/5 10513/9170/5
f 10517/9174/6 10518/9175/6 10519/9176/6
f 10518/9175/6 10517/9174/6 10520/9177/6
f 10521/9178/5 10522/9179/5 10523/9180/5
f 10522/9179/5 10521/9178/5 10524/9181/5
f 10525/9182/10 10526/9183/10 10527/9184/10
f 10526/9183/10 10525/9182/10 10528/8506/10
f 10529/9185/8 10530/9186/8 10531/9187/8
f 10530/9186/8 10529/9185/8 10532/9188/8
f 10533/9189/9 10534/9190/9 10535/9182/9
f 10534/9190/9 10533/9189/9 10536/9191/9
f 10537/9192/7 10538/9193/7 10539/9194/7
f 10538/9193/7 10537/9192/7 10540/9195/7
f 10541/9196/6 10542/9197/6 10543/9198/6
f 10542/9197/6 10541/9196/6 10544/9199/6
f 10545/9200/5 10546/9201/5 10547/9202/5
f 10546/9201/5 10545/9200/5 10548/9203/5
f 10549/9204/10 10550/8372/10 10551/9205/10
f 10550/8372/10 10549/9204/10 10552/9206/10
f 10553/9207/8 10554/9208/8 10555/9209/8
f 10554/9208/8 10553/9207/8 10556/9210/8
f 10557/9211/9 10558/9212/9 10559/9213/9
f 10558/9212/9 10557/9211/9 10560/9214/9
f 10561/9215/7 10562/9216/7 10563/9217/7
f 10562/9216/7 10561/9215/7 10564/9218/7
f 10565/9219/6 10566/9220/6 10567/9221/6
f 10566/9220/6 10565/9219/6 10568/9222/6
f 10569/796/5 10570/9223/5 10571/9224/5
f 10570/9223/5 10569/796/5 10572/9225/5
f 10573/9226/10 10574/9227/10 10575/9228/10
f 10574/9227/10 10573/9226/10 10576/9229/10
f 10577/9230/8 10578/9231/8 10579/9232/8
f 10578/9231/8 10577/9230/8 10580/9233/8
f 10581/9234/9 10582/9235/9 10583/9236/9
f 10582/9235/9 10581/9234/9 10584/9237/9
f 10585/9238/7 10586/9239/7 10587/9240/7
f 10586/9239/7 10585/9238/7 10588/9241/7
f 10589/9242/6 10590/9243/6 10591/9244/6
f 10590/9243/6 10589/9242/6 10592/9245/6
f 10593/9246/5 10594/9247/5 10595/9248/5
f 10594/9247/5 10593/9246/5 10596/9249/5
f 10597/9250/10 10598/9251/10 10599/9252/10
f 10598/9251/10 10597/9250/10 10600/9253/10
f 10601/9254/8 10602/9255/8 10603/9256/8
f 10602/9255/8 10601/9254/8 10604/9257/8
f 10605/9258/9 10606/9253/9 10607/9259/9
f 10606/9253/9 10605/9258/9 10608/9251/9
f 10609/9260/7 10610/9261/7 10611/7518/7
f 10610/9261/7 10609/9260/7 10612/9262/7
f 10613/4735/6 10614/9263/6 10615/9264/6
f 10616/9265/6 10614/9263/6 10613/4735/6
f 10617/9266/5 10618/4228/5 10619/9267/5
f 10620/4229/5 10618/4228/5 10617/9266/5
f 10621/8858/10 10622/9268/10 10623/9269/10
f 10624/6834/10 10622/9268/10 10621/8858/10
f 10625/9270/7 10626/9271/7 10627/9272/7
f 10628/9273/7 10626/9271/7 10625/9270/7
f 10629/9274/9 10630/9275/9 10631/9276/9
f 10632/9277/9 10630/9275/9 10629/9274/9
f 10633/9278/8 10634/9279/8 10635/9280/8
f 10636/9281/8 10634/9279/8 10633/9278/8
f 10637/9282/6 10638/9283/6 10639/9284/6
f 10638/9283/6 10637/9282/6 10640/9285/6
f 10641/9286/5 10642/9282/5 10643/9287/5
f 10644/9288/5 10642/9282/5 10641/9286/5
f 10645/9035/10 10646/9289/10 10647/9290/10
f 10645/9035/10 10648/9034/10 10646/9289/10
f 10649/4785/7 10650/9151/7 10651/9152/7
f 10649/4785/7 10652/4787/7 10650/9151/7
f 10653/9291/9 10654/9292/9 10655/9293/9
f 10653/9291/9 10655/9293/9 10656/9294/9
f 10657/4559/8 10658/9295/8 10659/4560/8
f 10657/4559/8 10660/9296/8 10658/9295/8
f 10661/9297/7 10662/9298/7 10663/9299/7
f 10661/9297/7 10664/9300/7 10662/9298/7
f 10665/9301/6 10666/9286/6 10667/9302/6
f 10666/9286/6 10665/9301/6 10668/9288/6
f 10669/9303/10 10670/9304/10 10671/9305/10
f 10669/9303/10 10672/9306/10 10670/9304/10
f 10673/9307/8 10674/9308/8 10675/9309/8
f 10673/9307/8 10675/9309/8 10676/9310/8
f 10677/9311/9 10678/9312/9 10679/9313/9
f 10677/9311/9 10679/9313/9 10680/9314/9
f 10681/9315/5 10682/9301/5 10683/9316/5
f 10684/9317/5 10682/9301/5 10681/9315/5
f 10685/9318/6 10686/9315/6 10687/9319/6
f 10686/9315/6 10685/9318/6 10688/9317/6
f 10689/9320/5 10690/9318/5 10691/9321/5
f 10692/9322/5 10690/9318/5 10689/9320/5
f 10693/9323/10 10694/9324/10 10695/9325/10
f 10693/9323/10 10696/9326/10 10694/9324/10
f 10697/9327/7 10698/9328/7 10699/9329/7
f 10697/9327/7 10699/9329/7 10700/9330/7
f 10701/9325/9 10702/9331/9 10703/9332/9
f 10701/9325/9 10704/9333/9 10702/9331/9
f 10705/8156/8 10706/8155/8 10707/9334/8
f 10705/8156/8 10707/9334/8 10708/9335/8
f 10709/9172/6 10710/9336/6 10711/9170/6
f 10712/9337/6 10710/9336/6 10709/9172/6
f 10713/2688/5 10714/9338/5 10715/2686/5
f 10716/9339/5 10714/9338/5 10713/2688/5
f 10717/9340/10 10718/9341/10 10719/9342/10
f 10717/9340/10 10719/9342/10 10720/9343/10
f 10721/9344/7 10722/9345/7 10723/9346/7
f 10721/9344/7 10724/9347/7 10722/9345/7
f 10725/9348/9 10726/9349/9 10727/9343/9
f 10725/9348/9 10727/9343/9 10728/9342/9
f 10729/9350/8 10730/9351/8 10731/9352/8
f 10729/9350/8 10731/9352/8 10732/9353/8
f 10733/9354/6 10734/9320/6 10735/9355/6
f 10734/9320/6 10733/9354/6 10736/9322/6
f 10737/9356/5 10738/9354/5 10739/9357/5
f 10740/9358/5 10738/9354/5 10737/9356/5
f 10741/9359/10 10742/9028/10 10743/9360/10
f 10741/9359/10 10744/9026/10 10742/9028/10
f 10745/9361/7 10746/9238/7 10747/9362/7
f 10745/9361/7 10748/9241/7 10746/9238/7
f 10749/9360/9 10750/9363/9 10751/9359/9
f 10749/9360/9 10752/9364/9 10750/9363/9
f 10753/9365/8 10754/1340/8 10755/9366/8
f 10753/9365/8 10756/9367/8 10754/1340/8
f 10757/9368/6 10758/9369/6 10759/9370/6
f 10760/9371/6 10758/9369/6 10757/9368/6
f 10761/2600/5 10762/9372/5 10763/9373/5
f 10764/2602/5 10762/9372/5 10761/2600/5
f 10765/9374/10 10766/9375/10 10767/9376/10
f 10768/9377/10 10766/9375/10 10765/9374/10
f 10769/9378/7 10770/9379/7 10771/5786/7
f 10769/9378/7 10772/9380/7 10770/9379/7
f 10773/9381/9 10774/9382/9 10775/9383/9
f 10776/9384/9 10774/9382/9 10773/9381/9
f 10777/9385/8 10778/9386/8 10779/9387/8
f 10777/9385/8 10779/9387/8 10780/9388/8
f 10781/9389/6 10782/9390/6 10783/9391/6
f 10782/9390/6 10781/9389/6 10784/9392/6
f 10785/9393/5 10786/9394/5 10787/9395/5
f 10785/9393/5 10787/9395/5 10788/9396/5
f 10789/9397/9 10790/9398/9 10791/9399/9
f 10789/9397/9 10791/9399/9 10792/9400/9
f 10793/9401/8 10794/9402/8 10795/9403/8
f 10793/9401/8 10795/9403/8 10796/9404/8
f 10797/9398/10 10798/9405/10 10799/9406/10
f 10797/9398/10 10800/9397/10 10798/9405/10
f 10801/2596/7 10802/9407/7 10803/9408/7
f 10801/2596/7 10803/9408/7 10804/9409/7
f 10805/9410/6 10806/9411/6 10807/9412/6
f 10805/9410/6 10807/9412/6 10808/9413/6
f 10809/9414/5 10810/9415/5 10811/9416/5
f 10810/9415/5 10809/9414/5 10812/9417/5
f 10813/9418/9 10814/9419/9 10815/9420/9
f 10816/9421/9 10814/9419/9 10813/9418/9
f 10817/9422/8 10818/9423/8 10819/9424/8
f 10817/9422/8 10819/9424/8 10820/9425/8
f 10821/8441/10 10822/9426/10 10823/9427/10
f 10824/9428/10 10822/9426/10 10821/8441/10
f 10825/9429/7 10826/9430/7 10827/9431/7
f 10825/9429/7 10827/9431/7 10828/9432/7
f 10829/7487/6 10830/9433/6 10831/9434/6
f 10832/7486/6 10829/7487/6 10831/9434/6
f 10833/9435/5 10834/9434/5 10835/9433/5
f 10836/9436/5 10833/9435/5 10835/9433/5
f 10837/9437/9 10838/9438/9 10839/9439/9
f 10838/9438/9 10837/9437/9 10840/9333/9
f 10841/9440/7 10842/9441/7 10843/9442/7
f 10842/9441/7 10841/9440/7 10844/9443/7
f 10845/9444/10 10846/9439/10 10847/9438/10
f 10846/9439/10 10845/9444/10 10848/9445/10
f 10849/9446/8 10850/9443/8 10851/9447/8
f 10850/9443/8 10849/9446/8 10852/9441/8
f 10853/9448/6 10854/9449/6 10855/9450/6
f 10856/9451/6 10853/9448/6 10855/9450/6
f 10857/9452/5 10858/9453/5 10859/9454/5
f 10860/9455/5 10857/9452/5 10859/9454/5
f 10861/9456/9 10862/9457/9 10863/9458/9
f 10862/9457/9 10861/9456/9 10864/9459/9
f 10865/9460/7 10866/9461/7 10867/9462/7
f 10866/9461/7 10865/9460/7 10868/9463/7
f 10869/9464/10 10870/9465/10 10871/9466/10
f 10870/9465/10 10869/9464/10 10872/9467/10
f 10873/9468/8 10874/9469/8 10875/9470/8
f 10874/9469/8 10873/9468/8 10876/9471/8
f 10877/9472/6 10878/9473/6 10879/9474/6
f 10878/9473/6 10877/9472/6 10880/9475/6
f 10881/9472/5 10882/9476/5 10883/9477/5
f 10882/9476/5 10881/9472/5 10884/9478/5
f 10885/9479/10 10886/9480/10 10887/9481/10
f 10886/9480/10 10885/9479/10 10888/9406/10
f 10889/9482/8 10890/9447/8 10891/9483/8
f 10890/9447/8 10889/9482/8 10892/9446/8
f 10893/9484/9 10894/9485/9 10895/9486/9
f 10894/9485/9 10893/9484/9 10896/9487/9
f 10897/9488/7 10898/9489/7 10899/9490/7
f 10898/9489/7 10897/9488/7 10900/9491/7
f 10901/9492/6 10902/9493/6 10903/9494/6
f 10902/9493/6 10901/9492/6 10904/9495/6
f 10905/9496/5 10906/9497/5 10907/9498/5
f 10906/9497/5 10905/9496/5 10908/9499/5
f 10909/5331/10 10910/9500/10 10911/5332/10
f 10910/9500/10 10909/5331/10 10912/8132/10
f 10913/9379/8 10914/9501/8 10915/9502/8
f 10914/9501/8 10913/9379/8 10916/1920/8
f 10917/9503/9 10918/9419/9 10919/9504/9
f 10918/9419/9 10917/9503/9 10920/9420/9
f 10921/5516/7 10922/9505/7 10923/9506/7
f 10922/9505/7 10921/5516/7 10924/9507/7
f 10925/7611/6 10926/9508/6 10927/9509/6
f 10926/9508/6 10925/7611/6 10928/7612/6
f 10929/9510/5 10930/9508/5 10931/9511/5
f 10932/9512/5 10930/9508/5 10929/9510/5
f 10933/9513/10 10934/9514/10 10935/9515/10
f 10933/9513/10 10935/9515/10 10936/9516/10
f 10937/9517/7 10938/9518/7 10939/4788/7
f 10937/9517/7 10940/9519/7 10938/9518/7
f 10941/9520/9 10942/9521/9 10943/9522/9
f 10941/9520/9 10943/9522/9 10944/9523/9
f 10945/4793/8 10946/9524/8 10947/9525/8
f 10945/4793/8 10947/9525/8 10948/9526/8
f 10949/9527/6 10950/9528/6 10951/9529/6
f 10952/9530/6 10950/9528/6 10949/9527/6
f 10953/9529/5 10954/9531/5 10955/9527/5
f 10956/9532/5 10954/9531/5 10953/9529/5
f 10957/9533/10 10958/9534/10 10959/9535/10
f 10960/9536/10 10958/9534/10 10957/9533/10
f 10961/9537/7 10962/8643/7 10963/9538/7
f 10961/9537/7 10964/9539/7 10962/8643/7
f 10965/9540/9 10966/9541/9 10967/7573/9
f 10968/9542/9 10966/9541/9 10965/9540/9
f 10969/9543/8 10970/4811/8 10971/9544/8
f 10969/9543/8 10972/4814/8 10970/4811/8
f 10973/7672/6 10974/9545/6 10975/9546/6
f 10974/9545/6 10973/7672/6 10976/7673/6
f 10977/9547/5 10978/9548/5 10979/9549/5
f 10977/9547/5 10979/9549/5 10980/9550/5
f 10981/9551/9 10982/9552/9 10983/9553/9
f 10981/9551/9 10984/9554/9 10982/9552/9
f 10985/9555/8 10986/9556/8 10987/9557/8
f 10985/9555/8 10987/9557/8 10988/9558/8
f 10989/9559/10 10990/9560/10 10991/9561/10
f 10989/9559/10 10991/9561/10 10992/9562/10
f 10993/9563/7 10994/9564/7 10995/9565/7
f 10993/9563/7 10995/9565/7 10996/9566/7
f 10997/9567/6 10998/9568/6 10999/9569/6
f 10997/9567/6 11000/9570/6 10998/9568/6
f 11001/9571/5 11002/9572/5 11003/9573/5
f 11001/9571/5 11004/9574/5 11002/9572/5
f 11005/9575/9 11006/4974/9 11007/9576/9
f 11008/9577/9 11006/4974/9 11005/9575/9
f 11009/9578/8 11010/9579/8 11011/9580/8
f 11009/9578/8 11011/9580/8 11012/9581/8
f 11013/1480/10 11014/9582/10 11015/9583/10
f 11016/9584/10 11014/9582/10 11013/1480/10
f 11017/9585/7 11018/8825/7 11019/9586/7
f 11017/9585/7 11020/9587/7 11018/8825/7
f 11021/9588/6 11022/9589/6 11023/9590/6
f 11024/9591/6 11021/9588/6 11023/9590/6
f 11025/9592/5 11026/9593/5 11027/9594/5
f 11028/9595/5 11025/9592/5 11027/9594/5
f 11029/9596/9 11030/9597/9 11031/9598/9
f 11030/9597/9 11029/9596/9 11032/9599/9
f 11033/9600/7 11034/9601/7 11035/9602/7
f 11034/9601/7 11033/9600/7 11036/9603/7
f 11037/9604/10 11038/9605/10 11039/9606/10
f 11038/9605/10 11037/9604/10 11040/9607/10
f 11041/9608/8 11042/9609/8 11043/9610/8
f 11042/9609/8 11041/9608/8 11044/9611/8
f 11045/9612/6 11046/9613/6 11047/9614/6
f 11048/9615/6 11045/9612/6 11047/9614/6
f 11049/9616/5 11050/9617/5 11051/9618/5
f 11052/9619/5 11049/9616/5 11051/9618/5
f 11053/9620/9 11054/9621/9 11055/9622/9
f 11054/9621/9 11053/9620/9 11056/9623/9
f 11057/9624/7 11058/9625/7 11059/9626/7
f 11058/9625/7 11057/9624/7 11060/9627/7
f 11061/9628/10 11062/9629/10 11063/9630/10
f 11062/9629/10 11061/9628/10 11064/9631/10
f 11065/9632/8 11066/9633/8 11067/9634/8
f 11066/9633/8 11065/9632/8 11068/9635/8
f 11069/9636/6 11070/6114/6 11071/9637/6
f 11070/6114/6 11069/9636/6 11072/6115/6
f 11073/9638/5 11074/9639/5 11075/9640/5
f 11074/9639/5 11073/9638/5 11076/9641/5
f 11077/9642/10 11078/9643/10 11079/9644/10
f 11078/9643/10 11077/9642/10 11080/9604/10
f 11081/9645/8 11082/9646/8 11083/9647/8
f 11082/9646/8 11081/9645/8 11084/9648/8
f 11085/9644/9 11086/9649/9 11087/9650/9
f 11086/9649/9 11085/9644/9 11088/9651/9
f 11089/9652/7 11090/8538/7 11091/8540/7
f 11090/8538/7 11089/9652/7 11092/9653/7
f 11093/9654/6 11094/9655/6 11095/9656/6
f 11094/9655/6 11093/9654/6 11096/9657/6
f 11097/6127/5 11098/9658/5 11099/6128/5
f 11098/9658/5 11097/6127/5 11100/9659/5
f 11101/9660/10 11102/9661/10 11103/9662/10
f 11102/9661/10 11101/9660/10 11104/9663/10
f 11105/9664/8 11106/9578/8 11107/9581/8
f 11106/9578/8 11105/9664/8 11108/9665/8
f 11109/9666/9 11110/9667/9 11111/9668/9
f 11110/9667/9 11109/9666/9 11112/9669/9
f 11113/9670/7 11114/9671/7 11115/9672/7
f 11114/9671/7 11113/9670/7 11116/9673/7
f 11117/6229/6 11118/9674/6 11119/9675/6
f 11118/9674/6 11117/6229/6 11120/9676/6
f 11121/9677/5 11122/9678/5 11123/9679/5
f 11124/9675/5 11122/9678/5 11121/9677/5
f 11125/9680/10 11126/9681/10 11127/9682/10
f 11125/9680/10 11127/9682/10 11128/9683/10
f 11129/9684/7 11130/9652/7 11131/9685/7
f 11129/9684/7 11132/9686/7 11130/9652/7
f 11133/9687/9 11134/9688/9 11135/9689/9
f 11133/9687/9 11135/9689/9 11136/3990/9
f 11137/9566/8 11138/1348/8 11139/9563/8
f 11137/9566/8 11140/9690/8 11138/1348/8
f 11141/9691/6 11142/9692/6 11143/9693/6
f 11144/9694/6 11142/9692/6 11141/9691/6
f 11145/9695/5 11146/9696/5 11147/9697/5
f 11148/9698/5 11146/9696/5 11145/9695/5
f 11149/9699/10 11150/9700/10 11151/9701/10
f 11152/9702/10 11150/9700/10 11149/9699/10
f 11153/9703/7 11154/9704/7 11155/2739/7
f 11153/9703/7 11155/2739/7 11156/2289/7
f 11157/9705/9 11158/9706/9 11159/9707/9
f 11160/9708/9 11158/9706/9 11157/9705/9
f 11161/9709/8 11162/9710/8 11163/9711/8
f 11161/9709/8 11163/9711/8 11164/9712/8
f 11165/9713/9 11166/9714/9 11167/9715/9
f 11165/9713/9 11167/9715/9 11168/9716/9
f 11169/4982/10 11170/4983/10 11171/9717/10
f 11169/4982/10 11171/9717/10 11172/9718/10
f 11173/9719/7 11174/9720/7 11175/9721/7
f 11173/9719/7 11175/9721/7 11176/9722/7
f 11177/9723/8 11178/9724/8 11179/9725/8
f 11177/9723/8 11179/9725/8 11180/9726/8
f 11181/9727/5 11182/9728/5 11183/9729/5
f 11182/9728/5 11181/9727/5 11184/5000/5
f 11185/6161/6 11186/9730/6 11187/9731/6
f 11188/9732/6 11186/9730/6 11185/6161/6
f 11189/9733/6 11190/9734/6 11191/9735/6
f 11190/9734/6 11189/9733/6 11192/9736/6
f 11193/9737/5 11194/9738/5 11195/9739/5
f 11193/9737/5 11195/9739/5 11196/9740/5
f 11197/9741/9 11198/9742/9 11199/9743/9
f 11197/9741/9 11199/9743/9 11200/9744/9
f 11201/9745/8 11202/9746/8 11203/9747/8
f 11201/9745/8 11203/9747/8 11204/9748/8
f 11205/9149/10 11206/9749/10 11207/9750/10
f 11205/9149/10 11207/9750/10 11208/9751/10
f 11209/2261/7 11210/2260/7 11211/5018/7
f 11209/2261/7 11211/5018/7 11212/9752/7
f 11213/9753/7 11214/9754/7 11215/9755/7
f 11213/9753/7 11215/9755/7 11216/9756/7
f 11217/9757/6 11218/9693/6 11219/9758/6
f 11220/9691/6 11218/9693/6 11217/9757/6
f 11221/9759/10 11222/6552/10 11223/9760/10
f 11224/9761/10 11222/6552/10 11221/9759/10
f 11225/9762/8 11226/9763/8 11227/9764/8
f 11225/9762/8 11227/9764/8 11228/9765/8
f 11229/9766/9 11230/9767/9 11231/9768/9
f 11232/9769/9 11230/9767/9 11229/9766/9
f 11233/9770/5 11234/9771/5 11235/9772/5
f 11236/9773/5 11234/9771/5 11233/9770/5
f 11237/9774/6 11238/9775/6 11239/9776/6
f 11238/9775/6 11237/9774/6 11240/9777/6
f 11241/9778/5 11242/9779/5 11243/9774/5
f 11241/9778/5 11243/9774/5 11244/9776/5
f 11245/9688/9 11246/9780/9 11247/9781/9
f 11245/9688/9 11247/9781/9 11248/9782/9
f 11249/9783/8 11250/9784/8 11251/9785/8
f 11249/9783/8 11251/9785/8 11252/9786/8
f 11253/9787/10 11254/9788/10 11255/9789/10
f 11253/9787/10 11255/9789/10 11256/9790/10
f 11257/4670/7 11258/9791/7 11259/9792/7
f 11257/4670/7 11259/9792/7 11260/5057/7
f 11261/9793/6 11262/9794/6 11263/9795/6
f 11262/9794/6 11261/9793/6 11264/7405/6
f 11265/2625/5 11266/9795/5 11267/9794/5
f 11265/2625/5 11267/9794/5 11268/9796/5
f 11269/9797/9 11270/9798/9 11271/9799/9
f 11269/9797/9 11271/9799/9 11272/9800/9
f 11273/9801/8 11274/9802/8 11275/9803/8
f 11273/9801/8 11275/9803/8 11276/9804/8
f 11277/9805/10 11278/9806/10 11279/9807/10
f 11277/9805/10 11279/9807/10 11280/9808/10
f 11281/9809/7 11282/2763/7 11283/9810/7
f 11281/9809/7 11283/9810/7 11284/9811/7
f 11285/9812/6 11286/9778/6 11287/9813/6
f 11286/9778/6 11285/9812/6 11288/9779/6
f 11289/1531/5 11290/9812/5 11291/9813/5
f 11289/1531/5 11292/1528/5 11290/9812/5
f 11293/9814/9 11294/9815/9 11295/9816/9
f 11293/9814/9 11295/9816/9 11296/9743/9
f 11297/9817/8 11298/9818/8 11299/9819/8
f 11297/9817/8 11299/9819/8 11300/9820/8
f 11301/9821/10 11302/9822/10 11303/9823/10
f 11301/9821/10 11303/9823/10 11304/9824/10
f 11305/9825/7 11306/9826/7 11307/9827/7
f 11305/9825/7 11307/9827/7 11308/9828/7
f 11309/9829/6 11310/9830/6 11311/9831/6
f 11309/9829/6 11311/9831/6 11312/9832/6
f 11313/9833/5 11314/9834/5 11315/9835/5
f 11314/9834/5 11313/9833/5 11316/9836/5
f 11317/9837/9 11318/9838/9 11319/9839/9
f 11320/9105/9 11318/9838/9 11317/9837/9
f 11321/4121/8 11322/9840/8 11323/9841/8
f 11321/4121/8 11323/9841/8 11324/9842/8
f 11325/9843/10 11326/9500/10 11327/8132/10
f 11328/9844/10 11326/9500/10 11325/9843/10
f 11329/9845/7 11330/9846/7 11331/9847/7
f 11329/9845/7 11331/9847/7 11332/9848/7
f 11333/9436/6 11334/9849/6 11335/9850/6
f 11336/9435/6 11333/9436/6 11335/9850/6
f 11337/9851/5 11338/9850/5 11339/9849/5
f 11340/9852/5 11337/9851/5 11339/9849/5
f 11341/9853/9 11342/9854/9 11343/9855/9
f 11342/9854/9 11341/9853/9 11344/9364/9
f 11345/9856/7 11346/9857/7 11347/9858/7
f 11346/9857/7 11345/9856/7 11348/9859/7
f 11349/9860/10 11350/9861/10 11351/9862/10
f 11350/9861/10 11349/9860/10 11352/9292/10
f 11353/9863/8 11354/9864/8 11355/9865/8
f 11354/9864/8 11353/9863/8 11356/7745/8
f 11357/9866/7 11358/9297/7 11359/9867/7
f 11357/9866/7 11359/9867/7 11360/9868/7
f 11361/9677/6 11362/9869/6 11363/9870/6
f 11362/9869/6 11361/9677/6 11364/9679/6
f 11365/9871/10 11366/9872/10 11367/9873/10
f 11365/9871/10 11367/9873/10 11368/9874/10
f 11369/9875/8 11370/9876/8 11371/9877/8
f 11369/9875/8 11371/9877/8 11372/9878/8
f 11373/9879/9 11374/9880/9 11375/9881/9
f 11373/9879/9 11375/9881/9 11376/9882/9
f 11377/9883/5 11378/9884/5 11379/9885/5
f 11380/9870/5 11378/9884/5 11377/9883/5
f 11381/9852/6 11382/9886/6 11383/9887/6
f 11384/9851/6 11381/9852/6 11383/9887/6
f 11385/9888/5 11386/9887/5 11387/9886/5
f 11388/9889/5 11385/9888/5 11387/9886/5
f 11389/9445/9 11390/9890/9 11391/9891/9
f 11390/9890/9 11389/9445/9 11392/9444/9
f 11393/9892/7 11394/9893/7 11395/9894/7
f 11394/9893/7 11393/9892/7 11396/9895/7
f 11397/2650/10 11398/9891/10 11399/9890/10
f 11398/9891/10 11397/2650/10 11400/2652/10
f 11401/9896/8 11402/9897/8 11403/9898/8
f 11402/9897/8 11401/9896/8 11404/9899/8
f 11405/9900/6 11406/9901/6 11407/9902/6
f 11408/9903/6 11405/9900/6 11407/9902/6
f 11409/9901/5 11410/9900/5 11411/9904/5
f 11412/9905/5 11409/9901/5 11411/9904/5
f 11413/9906/9 11414/9907/9 11415/9908/9
f 11414/9907/9 11413/9906/9 11416/9909/9
f 11417/9910/7 11418/9911/7 11419/9912/7
f 11418/9911/7 11417/9910/7 11420/9913/7
f 11421/9914/10 11422/9915/10 11423/9916/10
f 11422/9915/10 11421/9914/10 11424/9907/10
f 11425/9917/8 11426/9918/8 11427/9919/8
f 11426/9918/8 11425/9917/8 11428/9911/8
f 11429/9889/6 11430/9920/6 11431/9921/6
f 11432/9888/6 11429/9889/6 11431/9921/6
f 11433/9922/5 11434/9921/5 11435/9920/5
f 11436/9923/5 11433/9922/5 11435/9920/5
f 11437/9924/9 11438/9925/9 11439/9926/9
f 11438/9925/9 11437/9924/9 11440/9854/9
f 11441/9927/7 11442/9928/7 11443/9929/7
f 11442/9928/7 11441/9927/7 11444/9930/7
f 11445/3463/10 11446/9931/10 11447/9932/10
f 11446/9931/10 11445/3463/10 11448/3462/10
f 11449/9933/8 11450/9934/8 11451/9935/8
f 11450/9934/8 11449/9933/8 11452/9936/8
f 11453/9757/6 11454/9937/6 11455/9938/6
f 11456/9939/6 11453/9757/6 11455/9938/6
f 11457/9940/5 11458/9941/5 11459/9942/5
f 11460/9943/5 11457/9940/5 11459/9942/5
f 11461/9944/9 11462/8051/9 11463/9945/9
f 11462/8051/9 11461/9944/9 11464/6415/9
f 11465/9946/7 11466/9947/7 11467/9948/7
f 11466/9947/7 11465/9946/7 11468/9949/7
f 11469/9699/10 11470/9950/10 11471/9702/10
f 11470/9950/10 11469/9699/10 11472/9951/10
f 11473/9952/8 11474/9953/8 11475/9954/8
f 11474/9953/8 11473/9952/8 11476/9955/8
f 11477/9956/6 11478/9957/6 11479/9958/6
f 11478/9957/6 11477/9956/6 11480/9959/6
f 11481/9956/5 11482/9960/5 11483/9961/5
f 11482/9960/5 11481/9956/5 11484/9962/5
f 11485/9963/10 11486/9964/10 11487/9965/10
f 11486/9964/10 11485/9963/10 11488/9751/10
f 11489/9966/8 11490/9935/8 11491/9967/8
f 11490/9935/8 11489/9966/8 11492/9933/8
f 11493/9968/9 11494/9969/9 11495/9970/9
f 11494/9969/9 11493/9968/9 11496/9971/9
f 11497/9972/7 11498/9973/7 11499/9974/7
f 11498/9973/7 11497/9972/7 11500/9975/7
f 11501/1317/7 11502/1319/7 11503/9976/7
f 11501/1317/7 11503/9976/7 11504/9977/7
f 11505/6209/6 11506/9978/6 11507/6210/6
f 11506/9978/6 11505/6209/6 11508/9979/6
f 11509/9980/10 11510/9981/10 11511/9982/10
f 11509/9980/10 11511/9982/10 11512/9983/10
f 11513/9984/8 11514/9985/8 11515/9986/8
f 11513/9984/8 11516/9987/8 11514/9985/8
f 11517/9988/9 11518/9989/9 11519/9990/9
f 11517/9988/9 11519/9990/9 11520/9991/9
f 11521/9992/5 11522/9979/5 11523/9993/5
f 11522/9979/5 11521/9992/5 11524/9978/5
f 11525/9994/6 11526/9995/6 11527/9996/6
f 11526/9995/6 11525/9994/6 11528/9961/6
f 11529/9994/5 11530/9997/5 11531/9998/5
f 11530/9997/5 11529/9994/5 11532/9999/5
f 11533/10000/10 11534/10001/10 11535/10002/10
f 11534/10001/10 11533/10000/10 11536/10003/10
f 11537/10004/8 11538/9967/8 11539/10005/8
f 11538/9967/8 11537/10004/8 11540/9966/8
f 11541/10003/9 11542/10006/9 11543/10007/9
f 11542/10006/9 11541/10003/9 11544/10000/9
f 11545/10008/7 11546/10009/7 11547/9049/7
f 11546/10009/7 11545/10008/7 11548/10010/7
f 11549/10011/6 11550/10012/6 11551/10013/6
f 11550/10012/6 11549/10011/6 11552/10014/6
f 11553/10012/5 11554/10015/5 11555/10013/5
f 11554/10015/5 11553/10012/5 11556/1375/5
f 11557/10016/10 11558/10017/10 11559/10018/10
f 11558/10017/10 11557/10016/10 11560/10019/10
f 11561/10020/8 11562/10021/8 11563/10022/8
f 11562/10021/8 11561/10020/8 11564/10023/8
f 11565/9162/9 11566/10024/9 11567/10025/9
f 11566/10024/9 11565/9162/9 11568/10026/9
f 11569/10027/7 11570/10028/7 11571/10029/7
f 11570/10028/7 11569/10027/7 11572/10030/7
f 11573/10031/6 11574/10032/6 11575/10033/6
f 11574/10032/6 11573/10031/6 11576/10034/6
f 11577/10035/5 11578/10036/5 11579/10037/5
f 11578/10036/5 11577/10035/5 11580/10038/5
f 11581/10039/10 11582/9970/10 11583/9969/10
f 11582/9970/10 11581/10039/10 11584/10040/10
f 11585/10041/8 11586/10005/8 11587/10042/8
f 11586/10005/8 11585/10041/8 11588/10004/8
f 11589/10040/9 11590/10043/9 11591/10044/9
f 11590/10043/9 11589/10040/9 11592/10039/9
f 11593/10045/7 11594/2373/7 11595/10046/7
f 11594/2373/7 11593/10045/7 11596/2374/7
f 11597/10047/6 11598/10048/6 11599/10049/6
f 11598/10048/6 11597/10047/6 11600/10050/6
f 11601/10051/5 11602/10052/5 11603/10053/5
f 11602/10052/5 11601/10051/5 11604/10054/5
f 11605/9843/10 11606/10055/10 11607/9844/10
f 11606/10055/10 11605/9843/10 11608/10056/10
f 11609/10057/8 11610/10058/8 11611/10059/8
f 11610/10058/8 11609/10057/8 11612/10060/8
f 11613/1473/9 11614/9838/9 11615/1471/9
f 11614/9838/9 11613/1473/9 11616/9839/9
f 11617/10061/7 11618/10062/7 11619/10063/7
f 11618/10062/7 11617/10061/7 11620/10064/7
f 11621/9510/6 11622/10065/6 11623/10066/6
f 11622/10065/6 11621/9510/6 11624/9511/6
f 11625/10067/5 11626/10065/5 11627/10068/5
f 11628/10069/5 11626/10065/5 11625/10067/5
f 11629/10070/10 11630/10071/10 11631/10072/10
f 11629/10070/10 11631/10072/10 11632/10073/10
f 11633/10074/7 11634/10075/7 11635/10076/7
f 11633/10074/7 11635/10076/7 11636/10077/7
f 11637/10078/9 11638/10079/9 11639/10080/9
f 11637/10078/9 11640/10081/9 11638/10079/9
f 11641/9310/8 11642/10082/8 11643/10083/8
f 11641/9310/8 11644/9309/8 11642/10082/8
f 11645/10067/6 11646/10084/6 11647/10085/6
f 11646/10084/6 11645/10067/6 11648/10068/6
f 11649/10086/5 11650/10084/5 11651/10087/5
f 11652/10085/5 11650/10084/5 11649/10086/5
f 11653/10088/10 11654/10089/10 11655/10090/10
f 11653/10088/10 11656/10091/10 11654/10089/10
f 11657/10092/7 11658/10093/7 11659/10094/7
f 11657/10092/7 11660/10095/7 11658/10093/7
f 11661/10096/9 11662/10097/9 11663/10098/9
f 11661/10096/9 11664/10099/9 11662/10097/9
f 11665/10100/8 11666/10101/8 11667/10102/8
f 11665/10100/8 11668/10103/8 11666/10101/8
f 11669/10104/6 11670/10105/6 11671/10106/6
f 11672/10107/6 11670/10105/6 11669/10104/6
f 11673/10108/5 11674/10107/5 11675/10109/5
f 11676/10105/5 11674/10107/5 11673/10108/5
f 11677/10110/10 11678/10111/10 11679/10112/10
f 11677/10110/10 11680/10113/10 11678/10111/10
f 11681/10114/7 11682/5392/7 11683/10115/7
f 11681/10114/7 11684/10116/7 11682/5392/7
f 11685/2634/9 11686/2631/9 11687/10117/9
f 11685/2634/9 11687/10117/9 11688/10111/9
f 11689/7607/8 11690/10118/8 11691/5393/8
f 11689/7607/8 11692/7606/8 11690/10118/8
f 11693/10086/6 11694/10119/6 11695/10120/6
f 11694/10119/6 11693/10086/6 11696/10087/6
f 11697/10121/5 11698/10119/5 11699/2706/5
f 11700/10122/5 11698/10119/5 11697/10121/5
f 11701/10123/10 11702/10079/10 11703/10081/10
f 11701/10123/10 11703/10081/10 11704/10124/10
f 11705/2332/7 11706/10125/7 11707/5412/7
f 11705/2332/7 11708/10126/7 11706/10125/7
f 11709/10127/9 11710/10128/9 11711/10129/9
f 11709/10127/9 11711/10129/9 11712/10130/9
f 11713/10131/8 11714/10132/8 11715/10133/8
f 11713/10131/8 11716/10134/8 11714/10132/8
f 11717/10135/6 11718/10136/6 11719/10137/6
f 11720/10138/6 11718/10136/6 11717/10135/6
f 11721/10137/5 11722/10139/5 11723/10135/5
f 11724/10140/5 11722/10139/5 11721/10137/5
f 11725/10141/10 11726/10142/10 11727/10143/10
f 11728/10144/10 11726/10142/10 11725/10141/10
f 11729/10145/7 11730/10146/7 11731/10147/7
f 11729/10145/7 11731/10147/7 11732/1374/7
f 11733/9944/9 11734/10148/9 11735/10149/9
f 11736/9945/9 11734/10148/9 11733/9944/9
f 11737/10150/8 11738/10151/8 11739/10152/8
f 11737/10150/8 11740/10153/8 11738/10151/8
f 11741/10154/9 11742/10155/9 11743/10156/9
f 11741/10154/9 11744/10157/9 11742/10155/9
f 11745/10158/10 11746/10159/10 11747/10160/10
f 11746/10159/10 11745/10158/10 11748/10161/10
f 11749/10162/7 11750/10163/7 11751/10164/7
f 11749/10162/7 11751/10164/7 11752/10165/7
f 11753/10166/8 11754/10167/8 11755/10168/8
f 11754/10167/8 11753/10166/8 11756/10162/8
f 11757/10169/5 11758/10170/5 11759/10171/5
f 11758/10170/5 11757/10169/5 11760/10172/5
f 11761/10173/6 11762/10174/6 11763/10175/6
f 11764/10176/6 11762/10174/6 11761/10173/6
f 11765/10177/8 11766/10178/8 11767/10179/8
f 11765/10177/8 11767/10179/8 11768/10180/8
f 11769/10181/7 11770/10182/7 11771/10183/7
f 11769/10181/7 11771/10183/7 11772/10184/7
f 11773/10185/10 11774/6852/10 11775/10186/10
f 11773/10185/10 11775/10186/10 11776/10187/10
f 11777/4133/5 11778/1977/5 11779/10188/5
f 11778/1977/5 11777/4133/5 11780/10189/5
f 11781/10190/9 11782/10191/9 11783/10192/9
f 11781/10190/9 11783/10192/9 11784/10193/9
f 11785/10194/6 11786/10195/6 11787/6846/6
f 11786/10195/6 11785/10194/6 11788/10196/6
f 11789/8678/8 11790/10197/8 11791/8676/8
f 11792/10198/8 11790/10197/8 11789/8678/8
f 11793/10199/7 11794/10198/7 11795/10200/7
f 11796/10197/7 11794/10198/7 11793/10199/7
f 11797/10201/10 11798/6159/10 11799/7305/10
f 11800/6160/10 11798/6159/10 11797/10201/10
f 11801/10202/5 11802/5895/5 11803/5896/5
f 11802/5895/5 11801/10202/5 11804/10203/5
f 11805/10204/9 11806/10205/9 11807/7302/9
f 11808/10206/9 11806/10205/9 11805/10204/9
f 11809/10203/6 11810/10207/6 11811/10208/6
f 11810/10207/6 11809/10203/6 11812/10202/6
f 11813/10209/8 11814/10210/8 11815/10211/8
f 11813/10209/8 11816/10212/8 11814/10210/8
f 11817/10211/7 11818/10213/7 11819/10209/7
f 11817/10211/7 11820/10214/7 11818/10213/7
f 11821/5654/10 11822/10215/10 11823/10216/10
f 11821/5654/10 11824/5656/10 11822/10215/10
f 11825/10217/5 11826/10218/5 11827/10219/5
f 11828/10060/5 11826/10218/5 11825/10217/5
f 11829/10220/9 11830/10221/9 11831/10222/9
f 11829/10220/9 11831/10222/9 11832/6669/9
f 11833/10223/6 11834/10224/6 11835/10225/6
f 11836/10226/6 11834/10224/6 11833/10223/6
f 11837/10227/9 11838/10228/9 11839/10229/9
f 11837/10227/9 11839/10229/9 11840/10230/9
f 11841/10231/10 11842/10232/10 11843/10233/10
f 11841/10231/10 11844/10234/10 11842/10232/10
f 11845/10235/8 11846/10236/8 11847/10237/8
f 11845/10235/8 11847/10237/8 11848/10238/8
f 11849/10239/5 11850/10240/5 11851/10241/5
f 11850/10240/5 11849/10239/5 11852/10242/5
f 11853/10243/7 11854/10244/7 11855/10245/7
f 11853/10243/7 11856/10246/7 11854/10244/7
f 11857/10247/6 11858/10248/6 11859/10249/6
f 11858/10248/6 11857/10247/6 11860/8602/6
f 11861/10250/9 11862/10251/9 11863/10252/9
f 11864/10253/9 11862/10251/9 11861/10250/9
f 11865/10254/10 11866/10255/10 11867/10256/10
f 11868/10257/10 11866/10255/10 11865/10254/10
f 11869/10258/8 11870/10259/8 11871/8858/8
f 11872/10260/8 11870/10259/8 11869/10258/8
f 11873/10261/5 11874/10262/5 11875/10263/5
f 11874/10262/5 11873/10261/5 11876/10264/5
f 11877/10265/7 11878/10266/7 11879/10267/7
f 11880/10268/7 11878/10266/7 11877/10265/7
f 11881/10269/6 11882/10270/6 11883/10271/6
f 11882/10270/6 11881/10269/6 11884/10272/6
f 11885/10273/9 11886/10274/9 11887/10275/9
f 11885/10273/9 11887/10275/9 11888/10276/9
f 11889/7705/10 11890/10274/10 11891/10277/10
f 11889/7705/10 11892/10275/10 11890/10274/10
f 11893/10278/8 11894/10279/8 11895/10280/8
f 11893/10278/8 11895/10280/8 11896/10281/8
f 11897/10282/5 11898/10283/5 11899/10284/5
f 11898/10283/5 11897/10282/5 11900/10285/5
f 11901/10286/7 11902/10287/7 11903/10288/7
f 11901/10286/7 11903/10288/7 11904/10289/7
f 11905/10290/6 11906/10291/6 11907/10292/6
f 11908/10293/6 11905/10290/6 11907/10292/6
f 11909/10294/7 11910/10295/7 11911/10296/7
f 11909/10294/7 11911/10296/7 11912/10297/7
f 11913/10298/8 11914/10299/8 11915/10300/8
f 11913/10298/8 11915/10300/8 11916/10301/8
f 11917/10302/9 11918/10303/9 11919/10304/9
f 11917/10302/9 11919/10304/9 11920/10305/9
f 11921/10306/5 11922/10307/5 11923/10308/5
f 11921/10306/5 11923/10308/5 11924/10309/5
f 11925/10310/10 11926/10311/10 11927/10312/10
f 11925/10310/10 11927/10312/10 11928/10313/10
f 11929/10314/6 11930/10315/6 11931/10316/6
f 11930/10315/6 11929/10314/6 11932/10317/6
f 11933/10318/7 11934/10319/7 11935/10320/7
f 11936/5587/7 11934/10319/7 11933/10318/7
f 11937/10321/8 11938/10322/8 11939/6868/8
f 11940/10323/8 11938/10322/8 11937/10321/8
f 11941/10324/9 11942/10325/9 11943/10326/9
f 11944/10327/9 11942/10325/9 11941/10324/9
f 11945/10328/5 11946/10329/5 11947/10330/5
f 11945/10328/5 11947/10330/5 11948/10331/5
f 11949/6875/10 11950/2003/10 11951/2005/10
f 11952/10332/10 11950/2003/10 11949/6875/10
f 11953/10333/6 11954/10334/6 11955/10335/6
f 11953/10333/6 11955/10335/6 11956/10336/6
f 11957/1478/7 11958/10337/7 11959/10338/7
f 11957/1478/7 11959/10338/7 11960/10339/7
f 11961/6789/8 11962/10340/8 11963/10341/8
f 11961/6789/8 11963/10341/8 11964/10342/8
f 11965/10343/9 11966/10344/9 11967/10345/9
f 11965/10343/9 11967/10345/9 11968/4045/9
f 11969/10346/5 11970/10347/5 11971/10348/5
f 11969/10346/5 11971/10348/5 11972/10349/5
f 11973/10350/10 11974/10351/10 11975/10352/10
f 11973/10350/10 11975/10352/10 11976/10353/10
f 11977/10354/6 11978/3940/6 11979/10355/6
f 11978/3940/6 11977/10354/6 11980/3938/6
f 11981/8721/10 11982/8720/10 11983/10356/10
f 11981/8721/10 11983/10356/10 11984/10357/10
f 11985/10358/9 11986/6264/9 11987/10357/9
f 11985/10358/9 11987/10357/9 11988/10356/9
f 11989/6812/7 11990/6811/7 11991/10359/7
f 11989/6812/7 11991/10359/7 11992/10360/7
f 11993/5670/5 11994/5672/5 11995/10361/5
f 11996/4031/5 11993/5670/5 11995/10361/5
f 11997/10362/8 11998/10363/8 11999/10364/8
f 11997/10362/8 11999/10364/8 12000/10365/8
f 12001/10366/6 12002/10367/6 12003/10368/6
f 12002/10367/6 12001/10366/6 12004/10369/6
f 12005/10370/10 12006/10371/10 12007/111/10
f 12008/10372/10 12006/10371/10 12005/10370/10
f 12009/10373/9 12010/10374/9 12011/10375/9
f 12012/10376/9 12010/10374/9 12009/10373/9
f 12013/10377/7 12014/10378/7 12015/10379/7
f 12016/10380/7 12014/10378/7 12013/10377/7
f 12017/6719/5 12018/6721/5 12019/5631/5
f 12020/10381/5 12017/6719/5 12019/5631/5
f 12021/10382/8 12022/5883/8 12023/10383/8
f 12024/10384/8 12022/5883/8 12021/10382/8
f 12025/10385/6 12026/10386/6 12027/10387/6
f 12026/10386/6 12025/10385/6 12028/10388/6
f 12029/10389/10 12030/10341/10 12031/10340/10
f 12029/10389/10 12031/10340/10 12032/10390/10
f 12033/10391/9 12034/10392/9 12035/10393/9
f 12033/10391/9 12035/10393/9 12036/10394/9
f 12037/10395/7 12038/10396/7 12039/10397/7
f 12037/10395/7 12039/10397/7 12040/10398/7
f 12041/10399/5 12042/10400/5 12043/10401/5
f 12044/10402/5 12041/10399/5 12043/10401/5
f 12045/10403/8 12046/10404/8 12047/10405/8
f 12045/10403/8 12047/10405/8 12048/10406/8
f 12049/10407/6 12050/1772/6 12051/10408/6
f 12050/1772/6 12049/10407/6 12052/1773/6
f 12053/10409/8 12054/10410/8 12055/10411/8
f 12056/10412/8 12054/10410/8 12053/10409/8
f 12057/700/7 12058/4040/7 12059/10409/7
f 12060/10413/7 12058/4040/7 12057/700/7
f 12061/10414/10 12062/10415/10 12063/10416/10
f 12064/10417/10 12062/10415/10 12061/10414/10
f 12065/5749/5 12066/10418/5 12067/5750/5
f 12066/10418/5 12065/5749/5 12068/10419/5
f 12069/10420/9 12070/6025/9 12071/10421/9
f 12072/10422/9 12070/6025/9 12069/10420/9
f 12073/10418/6 12074/10423/6 12075/10424/6
f 12076/10425/6 12074/10423/6 12073/10418/6
f 12077/10426/6 12078/10427/6 12079/10428/6
f 12078/10427/6 12077/10426/6 12080/10429/6
f 12081/10430/5 12082/10431/5 12083/10432/5
f 12081/10430/5 12083/10432/5 12084/10433/5
f 12085/10434/9 12086/10435/9 12087/10436/9
f 12085/10434/9 12087/10436/9 12088/10437/9
f 12089/10438/8 12090/10439/8 12091/10440/8
f 12089/10438/8 12091/10440/8 12092/10441/8
f 12093/2586/10 12094/10442/10 12095/9017/10
f 12093/2586/10 12095/9017/10 12096/2587/10
f 12097/10443/7 12098/10444/7 12099/10445/7
f 12097/10443/7 12099/10445/7 12100/10446/7
f 12101/10447/8 12102/10448/8 12103/10449/8
f 12102/10448/8 12101/10447/8 12104/10450/8
f 12105/10451/6 12106/10452/6 12107/10453/6
f 12106/10452/6 12105/10451/6 12108/10454/6
f 12109/10455/10 12110/10456/10 12111/10457/10
f 12110/10456/10 12109/10455/10 12112/10458/10
f 12113/10459/7 12114/10460/7 12115/10461/7
f 12114/10460/7 12113/10459/7 12116/10462/7
f 12117/10463/9 12118/10464/9 12119/10465/9
f 12118/10464/9 12117/10463/9 12120/10466/9
f 12121/9659/5 12122/10467/5 12123/9658/5
f 12122/10467/5 12121/9659/5 12124/10468/5
f 12125/10469/6 12126/10470/6 12127/10471/6
f 12126/10470/6 12125/10469/6 12128/10472/6
f 12129/10473/5 12130/10474/5 12131/10475/5
f 12129/10473/5 12131/10475/5 12132/10476/5
f 12133/10477/9 12134/10478/9 12135/10479/9
f 12133/10477/9 12135/10479/9 12136/10480/9
f 12137/10441/8 12138/10440/8 12139/10481/8
f 12137/10441/8 12139/10481/8 12140/10482/8
f 12141/10483/10 12142/10484/10 12143/6514/10
f 12141/10483/10 12143/6514/10 12144/6513/10
f 12145/10485/7 12146/10486/7 12147/10487/7
f 12145/10485/7 12147/10487/7 12148/10488/7
f 12149/10489/6 12150/10490/6 12151/10491/6
f 12150/10490/6 12149/10489/6 12152/10492/6
f 12153/10493/5 12154/10494/5 12155/10495/5
f 12153/10493/5 12155/10495/5 12156/10496/5
f 12157/10497/9 12158/10498/9 12159/10499/9
f 12157/10497/9 12159/10499/9 12160/10026/9
f 12161/10500/8 12162/10501/8 12163/10502/8
f 12161/10500/8 12164/10503/8 12162/10501/8
f 12165/10504/10 12166/10497/10 12167/10505/10
f 12165/10504/10 12167/10505/10 12168/10506/10
f 12169/10507/7 12170/10508/7 12171/10509/7
f 12169/10507/7 12171/10509/7 12172/10510/7
f 12173/10473/6 12174/10511/6 12175/10512/6
f 12174/10511/6 12173/10473/6 12176/10476/6
f 12177/10513/5 12178/10512/5 12179/10511/5
f 12177/10513/5 12179/10511/5 12180/10514/5
f 12181/10515/9 12182/10516/9 12183/10517/9
f 12181/10515/9 12183/10517/9 12184/10518/9
f 12185/10482/8 12186/10481/8 12187/10519/8
f 12185/10482/8 12187/10519/8 12188/10520/8
f 12189/10521/10 12190/10522/10 12191/3547/10
f 12189/10521/10 12191/3547/10 12192/3546/10
f 12193/10523/7 12194/10524/7 12195/10525/7
f 12193/10523/7 12195/10525/7 12196/10526/7
f 12197/10527/6 12198/10528/6 12199/10529/6
f 12197/10527/6 12199/10529/6 12200/10530/6
f 12201/10531/5 12202/2794/5 12203/2793/5
f 12201/10531/5 12203/2793/5 12204/10532/5
f 12205/10533/9 12206/3273/9 12207/3272/9
f 12208/10534/9 12206/3273/9 12205/10533/9
f 12209/10535/8 12210/10536/8 12211/10537/8
f 12209/10535/8 12211/10537/8 12212/10538/8
f 12213/10539/10 12214/10540/10 12215/10541/10
f 12216/10542/10 12214/10540/10 12213/10539/10
f 12217/10543/7 12218/10544/7 12219/4221/7
f 12217/10543/7 12219/4221/7 12220/10545/7
f 12221/10546/7 12222/10547/7 12223/10548/7
f 12224/10549/7 12222/10547/7 12221/10546/7
f 12225/10208/6 12226/10550/6 12227/10551/6
f 12226/10550/6 12225/10208/6 12228/10207/6
f 12229/10552/10 12230/10553/10 12231/10554/10
f 12232/10555/10 12230/10553/10 12229/10552/10
f 12233/3836/8 12234/10556/8 12235/6635/8
f 12236/3838/8 12234/10556/8 12233/3836/8
f 12237/10174/9 12238/1895/9 12239/10557/9
f 12240/10558/9 12238/1895/9 12237/10174/9
f 12241/10559/5 12242/10551/5 12243/10550/5
f 12242/10551/5 12241/10559/5 12244/10560/5
f 12245/10561/6 12246/10562/6 12247/10563/6
f 12248/10564/6 12245/10561/6 12247/10563/6
f 12249/10565/5 12250/10566/5 12251/10567/5
f 12252/10568/5 12249/10565/5 12251/10567/5
f 12253/10129/9 12254/10569/9 12255/10570/9
f 12254/10569/9 12253/10129/9 12256/10128/9
f 12257/10571/7 12258/4796/7 12259/9857/7
f 12258/4796/7 12257/10571/7 12260/4794/7
f 12261/10572/10 12262/10573/10 12263/10574/10
f 12262/10573/10 12261/10572/10 12264/10575/10
f 12265/10576/8 12266/10577/8 12267/10578/8
f 12266/10577/8 12265/10576/8 12268/10579/8
f 12269/5099/8 12270/9975/8 12271/5097/8
f 12270/9975/8 12269/5099/8 12272/9973/8
f 12273/10580/6 12274/10581/6 12275/10582/6
f 12274/10581/6 12273/10580/6 12276/10583/6
f 12277/10584/10 12278/10570/10 12279/10569/10
f 12278/10570/10 12277/10584/10 12280/10585/10
f 12281/10586/7 12282/9866/7 12283/10587/7
f 12282/9866/7 12281/10586/7 12284/10588/7
f 12285/10585/9 12286/10589/9 12287/10590/9
f 12286/10589/9 12285/10585/9 12288/10584/9
f 12289/10591/5 12290/10592/5 12291/10593/5
f 12290/10592/5 12289/10591/5 12292/10594/5
f 12293/10595/6 12294/10596/6 12295/10597/6
f 12296/10598/6 12293/10595/6 12295/10597/6
f 12297/10599/5 12298/10600/5 12299/10601/5
f 12300/10602/5 12297/10599/5 12299/10601/5
f 12301/10097/9 12302/10603/9 12303/10604/9
f 12302/10603/9 12301/10097/9 12304/10605/9
f 12305/10606/7 12306/10607/7 12307/10608/7
f 12306/10607/7 12305/10606/7 12308/10609/7
f 12309/10610/10 12310/10611/10 12311/10612/10
f 12310/10611/10 12309/10610/10 12312/10613/10
f 12313/10614/8 12314/10578/8 12315/10615/8
f 12314/10578/8 12313/10614/8 12316/10576/8
f 12317/10616/6 12318/10617/6 12319/10618/6
f 12320/10619/6 12317/10616/6 12319/10618/6
f 12321/10617/5 12322/10616/5 12323/10620/5
f 12324/10621/5 12321/10617/5 12323/10620/5
f 12325/9348/9 12326/10622/9 12327/9349/9
f 12326/10622/9 12325/9348/9 12328/10623/9
f 12329/10501/7 12330/10624/7 12331/10502/7
f 12330/10624/7 12329/10501/7 12332/10625/7
f 12333/10626/10 12334/10627/10 12335/10628/10
f 12334/10627/10 12333/10626/10 12336/10622/10
f 12337/10629/8 12338/10625/8 12339/10630/8
f 12338/10625/8 12337/10629/8 12340/10624/8
f 12341/10631/6 12342/10632/6 12343/10633/6
f 12344/10634/6 12341/10631/6 12343/10633/6
f 12345/10635/5 12346/10636/5 12347/10637/5
f 12348/10638/5 12345/10635/5 12347/10637/5
f 12349/10639/9 12350/10640/9 12351/10641/9
f 12350/10640/9 12349/10639/9 12352/10642/9
f 12353/10643/7 12354/4114/7 12355/9928/7
f 12354/4114/7 12353/10643/7 12356/4112/7
f 12357/10644/10 12358/10645/10 12359/10646/10
f 12358/10645/10 12357/10644/10 12360/10647/10
f 12361/10648/8 12362/10649/8 12363/5017/8
f 12362/10649/8 12361/10648/8 12364/10650/8
f 12365/10651/6 12366/10652/6 12367/10653/6
f 12368/10654/6 12365/10651/6 12367/10653/6
f 12369/10655/5 12370/10656/5 12371/10657/5
f 12372/10658/5 12369/10655/5 12371/10657/5
f 12373/10659/9 12374/9374/9 12375/10660/9
f 12374/9374/9 12373/10659/9 12376/9377/9
f 12377/10661/7 12378/10662/7 12379/10663/7
f 12378/10662/7 12377/10661/7 12380/10664/7
f 12381/10665/10 12382/6456/10 12383/10666/10
f 12382/6456/10 12381/10665/10 12384/10667/10
f 12385/10668/8 12386/10669/8 12387/10670/8
f 12386/10669/8 12385/10668/8 12388/1517/8
f 12389/10413/7 12390/10671/7 12391/4040/7
f 12392/10672/7 12390/10671/7 12389/10413/7
f 12393/6038/6 12394/10673/6 12395/10674/6
f 12396/6037/6 12394/10673/6 12393/6038/6
f 12397/10421/10 12398/10675/10 12399/10420/10
f 12400/10676/10 12398/10675/10 12397/10421/10
f 12401/8745/8 12402/2000/8 12403/10677/8
f 12404/6768/8 12402/2000/8 12401/8745/8
f 12405/10678/9 12406/10679/9 12407/10680/9
f 12408/10681/9 12406/10679/9 12405/10678/9
f 12409/10682/5 12410/10683/5 12411/10684/5
f 12410/10683/5 12409/10682/5 12412/2010/5
f 12413/10685/6 12414/10686/6 12415/10687/6
f 12414/10686/6 12413/10685/6 12416/10688/6
f 12417/10689/5 12418/10690/5 12419/10691/5
f 12418/10690/5 12417/10689/5 12420/10692/5
f 12421/10693/10 12422/10694/10 12423/10695/10
f 12422/10694/10 12421/10693/10 12424/10572/10
f 12425/10696/8 12426/10697/8 12427/10698/8
f 12426/10697/8 12425/10696/8 12428/10699/8
f 12429/10700/9 12430/10701/9 12431/10702/9
f 12430/10701/9 12429/10700/9 12432/10703/9
f 12433/8388/7 12434/10704/7 12435/10705/7
f 12434/10704/7 12433/8388/7 12436/10706/7
f 12437/10030/8 12438/10707/8 12439/10708/8
f 12438/10707/8 12437/10030/8 12440/10027/8
f 12441/10709/6 12442/10710/6 12443/10711/6
f 12442/10710/6 12441/10709/6 12444/10712/6
f 12445/10713/10 12446/10505/10 12447/10714/10
f 12446/10505/10 12445/10713/10 12448/10715/10
f 12449/10716/7 12450/10717/7 12451/8373/7
f 12450/10717/7 12449/10716/7 12452/10718/7
f 12453/10719/9 12454/10720/9 12455/10721/9
f 12454/10720/9 12453/10719/9 12456/10722/9
f 12457/10723/5 12458/10711/5 12459/10710/5
f 12458/10711/5 12457/10723/5 12460/10724/5
f 12461/10725/6 12462/10726/6 12463/10727/6
f 12462/10726/6 12461/10725/6 12464/10728/6
f 12465/10729/5 12466/10730/5 12467/10731/5
f 12466/10730/5 12465/10729/5 12468/10732/5
f 12469/10733/10 12470/10734/10 12471/10735/10
f 12470/10734/10 12469/10733/10 12472/10736/10
f 12473/10737/8 12474/10698/8 12475/10738/8
f 12474/10698/8 12473/10737/8 12476/10696/8
f 12477/10739/9 12478/10740/9 12479/10741/9
f 12478/10740/9 12477/10739/9 12480/10742/9
f 12481/10743/7 12482/10744/7 12483/10745/7
f 12482/10744/7 12481/10743/7 12484/10746/7
f 12485/10747/6 12486/4282/6 12487/10748/6
f 12486/4282/6 12485/10747/6 12488/10749/6
f 12489/10750/5 12490/2338/5 12491/10751/5
f 12490/2338/5 12489/10750/5 12492/2341/5
f 12493/10752/10 12494/10753/10 12495/10754/10
f 12494/10753/10 12493/10752/10 12496/10755/10
f 12497/10756/8 12498/10757/8 12499/10758/8
f 12498/10757/8 12497/10756/8 12500/10759/8
f 12501/10754/9 12502/2343/9 12503/10760/9
f 12502/2343/9 12501/10754/9 12504/2344/9
f 12505/10761/7 12506/10762/7 12507/10763/7
f 12506/10762/7 12505/10761/7 12508/2349/7
f 12509/10764/6 12510/10765/6 12511/10766/6
f 12510/10765/6 12509/10764/6 12512/10767/6
f 12513/10768/5 12514/9316/5 12515/10769/5
f 12514/9316/5 12513/10768/5 12516/10770/5
f 12517/10771/10 12518/10772/10 12519/10773/10
f 12518/10772/10 12517/10771/10 12520/10774/10
f 12521/10775/8 12522/10738/8 12523/10776/8
f 12522/10738/8 12521/10775/8 12524/10737/8
f 12525/10777/9 12526/10778/9 12527/10779/9
f 12526/10778/9 12525/10777/9 12528/10780/9
f 12529/10781/7 12530/10782/7 12531/10783/7
f 12530/10782/7 12529/10781/7 12532/10784/7
f 12533/4916/6 12534/10785/6 12535/4919/6
f 12534/10785/6 12533/4916/6 12536/10786/6
f 12537/10468/5 12538/10787/5 12539/10467/5
f 12538/10787/5 12537/10468/5 12540/10788/5
f 12541/9662/10 12542/10789/10 12543/10790/10
f 12542/10789/10 12541/9662/10 12544/9661/10
f 12545/10791/8 12546/10792/8 12547/10793/8
f 12546/10792/8 12545/10791/8 12548/10794/8
f 12549/10795/9 12550/10796/9 12551/10797/9
f 12550/10796/9 12549/10795/9 12552/10798/9
f 12553/10799/7 12554/10800/7 12555/10801/7
f 12554/10800/7 12553/10799/7 12556/10802/7
f 12557/6154/6 12558/10803/6 12559/10804/6
f 12558/10803/6 12557/6154/6 12560/6157/6
f 12561/10805/5 12562/10806/5 12563/10807/5
f 12562/10806/5 12561/10805/5 12564/10808/5
f 12565/10809/10 12566/10810/10 12567/10811/10
f 12568/10812/10 12566/10810/10 12565/10809/10
f 12569/10813/7 12570/10814/7 12571/10815/7
f 12572/10816/7 12570/10814/7 12569/10813/7
f 12573/10817/9 12574/10818/9 12575/2457/9
f 12576/10819/9 12574/10818/9 12573/10817/9
f 12577/10820/8 12578/10821/8 12579/8773/8
f 12580/10822/8 12578/10821/8 12577/10820/8
f 12581/9883/6 12582/10823/6 12583/10824/6
f 12582/10823/6 12581/9883/6 12584/9885/6
f 12585/10825/5 12586/10826/5 12587/10827/5
f 12588/10824/5 12586/10826/5 12585/10825/5
f 12589/10693/10 12590/10828/10 12591/10829/10
f 12589/10693/10 12591/10829/10 12592/10830/10
f 12593/10831/7 12594/10832/7 12595/10704/7
f 12593/10831/7 12595/10704/7 12596/10706/7
f 12597/10833/9 12598/10834/9 12599/10835/9
f 12597/10833/9 12599/10835/9 12600/10779/9
f 12601/10836/8 12602/10837/8 12603/10838/8
f 12601/10836/8 12603/10838/8 12604/10839/8
f 12605/10825/6 12606/10840/6 12607/10841/6
f 12606/10840/6 12605/10825/6 12608/10827/6
f 12609/10842/5 12610/10843/5 12611/10844/5
f 12612/10841/5 12610/10843/5 12609/10842/5
f 12613/10845/10 12614/10846/10 12615/10847/10
f 12613/10845/10 12615/10847/10 12616/10848/10
f 12617/10849/7 12618/10850/7 12619/10851/7
f 12617/10849/7 12619/10851/7 12620/10852/7
f 12621/10853/9 12622/10854/9 12623/10855/9
f 12621/10853/9 12623/10855/9 12624/10856/9
f 12625/10837/8 12626/10857/8 12627/10858/8
f 12625/10837/8 12627/10858/8 12628/10838/8
f 12629/9993/6 12630/10859/6 12631/9992/6
f 12630/10859/6 12629/9993/6 12632/10860/6
f 12633/10861/5 12634/10860/5 12635/10862/5
f 12634/10860/5 12633/10861/5 12636/10859/5
f 12637/10863/10 12638/10864/10 12639/10865/10
f 12637/10863/10 12640/10866/10 12638/10864/10
f 12641/10867/7 12642/10868/7 12643/9352/7
f 12641/10867/7 12644/10869/7 12642/10868/7
f 12645/10870/9 12646/10871/9 12647/10872/9
f 12645/10870/9 12648/10873/9 12646/10871/9
f 12649/10874/8 12650/10875/8 12651/10876/8
f 12649/10874/8 12652/10877/8 12650/10875/8
f 12653/10842/6 12654/10878/6 12655/10879/6
f 12654/10878/6 12653/10842/6 12656/10844/6
f 12657/10880/5 12658/10881/5 12659/10882/5
f 12660/10879/5 12658/10881/5 12657/10880/5
f 12661/10883/10 12662/10834/10 12663/10884/10
f 12661/10883/10 12664/10835/10 12662/10834/10
f 12665/3551/7 12666/10885/7 12667/3548/7
f 12665/3551/7 12668/10886/7 12666/10885/7
f 12669/10887/9 12670/10888/9 12671/10889/9
f 12669/10887/9 12672/1457/9 12670/10888/9
f 12673/10890/8 12674/10891/8 12675/10892/8
f 12673/10890/8 12676/10893/8 12674/10891/8
f 12677/10894/6 12678/10895/6 12679/10896/6
f 12680/10897/6 12678/10895/6 12677/10894/6
f 12681/10898/5 12682/10899/5 12683/10900/5
f 12684/10901/5 12682/10899/5 12681/10898/5
f 12685/4722/10 12686/10902/10 12687/10903/10
f 12688/4721/10 12686/10902/10 12685/4722/10
f 12689/10904/7 12690/4724/7 12691/10905/7
f 12689/10904/7 12692/10906/7 12690/4724/7
f 12693/10907/9 12694/10908/9 12695/10909/9
f 12696/10910/9 12694/10908/9 12693/10907/9
f 12697/10792/8 12698/10911/8 12699/10912/8
f 12697/10792/8 12699/10912/8 12700/10913/8
f 12701/10914/6 12702/10915/6 12703/10916/6
f 12701/10914/6 12703/10916/6 12704/10917/6
f 12705/10918/19 12706/10919/19 12707/10920/19
f 12705/10918/19 12708/10921/19 12706/10919/19
f 12709/10922/5 12710/10923/5 12711/10924/5
f 12710/10923/5 12709/10922/5 12712/10925/5
f 12713/10926/20 12714/10927/20 12715/10928/20
f 12714/10927/20 12713/10926/20 12716/10929/20
f 12717/10930/21 12718/10931/21 12719/10932/21
f 12718/10931/21 12717/10930/21 12720/10933/21
f 12721/10934/5 12722/10935/5 12723/10936/5
f 12722/10935/5 12721/10934/5 12724/10937/5
f 12725/10938/5 12726/10939/5 12727/10940/5
f 12725/10938/5 12728/10941/5 12726/10939/5
f 12729/10942/22 12730/10943/22 12731/10944/22
f 12732/10945/22 12731/10944/22 12730/10943/22
f 12733/10946/23 12734/10947/23 12735/10948/23
f 12733/10946/23 12736/10949/23 12734/10947/23
f 12737/10950/8 12738/10951/8 12739/10952/8
f 12740/10953/8 12739/10952/8 12738/10951/8
f 12741/10954/7 12742/10955/7 12743/10956/7
f 12744/10957/7 12743/10956/7 12742/10955/7
f 12745/10958/6 12746/10959/6 12747/10960/6
f 12746/10959/6 12745/10958/6 12748/10961/6
f 12749/10962/6 12750/10963/6 12751/10934/6
f 12750/10963/6 12749/10962/6 12752/10964/6
f 12753/10965/6 12754/10966/6 12755/10967/6
f 12756/10968/24 12757/10969/24 12758/10970/24
s 1
f 12759/10971/25 12760/10972/25 12761/10973/25
s 0
f 12762/10974/26 12763/10975/26 12764/10976/26
f 12763/10975/26 12762/10974/26 12765/10977/26
f 12766/10978/5 12767/10979/5 12768/10980/5
f 12769/10981/27 12770/10982/27 12771/10983/27
f 12769/10981/28 12771/10983/28 12772/10984/28
f 12773/10985/29 12774/10986/29 12775/10987/29
f 12776/10988/9 12777/10989/9 12778/10990/9
f 12776/10988/9 12778/10990/9 12779/10991/9
f 12780/6788/6 12781/10992/6 12782/10993/6
f 12783/10994/6 12784/10995/6 12785/10996/6
f 12754/10966/6 12753/10965/6 12786/10997/6
f 12787/10998/6 12786/10997/6 12788/10999/6
f 12786/10997/6 12787/10998/6 12754/10966/6
f 12757/10969/24 12789/3811/24 12790/11000/24
f 12757/10969/24 12790/11000/24 12758/10970/24
s 1
f 12757/10969/24 12756/10968/24 12791/9732/24
s 0
f 12792/11001/5 12793/11002/5 12794/11003/5
f 12795/11004/5 12796/10916/5 12797/11005/5
f 12795/11004/5 12793/11002/5 12792/11001/5
f 12796/10916/5 12795/11004/5 12792/11001/5
f 12798/11006/25 12760/10972/25 12799/11007/25
f 12760/10972/25 12798/11006/25 12800/10963/25
f 12760/10972/25 12759/10971/25 12799/11007/25
f 12801/11008/30 12802/11009/30 12803/11010/30
f 12802/11009/30 12801/11008/30 12804/11011/30
f 12767/10979/5 12766/10978/5 12805/11012/5
f 12806/11013/5 12768/10980/5 12767/10979/5
f 12807/11014/5 12768/10980/5 12806/11013/5
f 12808/10979/5 12809/11012/5 12810/11015/5
f 12811/11013/5 12808/10979/5 12810/11015/5
f 12810/11015/5 12809/11012/5 12812/3825/5
f 12810/11015/5 12813/3834/5 12811/11013/5
f 12770/10982/27 12814/11016/27 12771/10983/27
f 12815/11017/27 12771/10983/27 12814/11016/27
f 12816/11018/29 12775/10987/29 12774/10986/29
f 12817/11019/29 12816/11018/29 12774/10986/29
f 12817/11019/29 12774/10986/29 12818/11020/29
f 12819/11021/10 12820/11022/10 12821/11023/10
f 12820/11022/10 12822/1153/10 12823/11024/10
f 12820/11022/10 12823/11024/10 12824/11025/10
f 12824/11025/10 12821/11023/10 12820/11022/10
f 12777/10989/9 12825/11026/9 12778/10990/9
f 12826/11027/9 12778/10990/9 12825/11026/9
f 12781/10992/6 12780/6788/6 12827/11028/6
f 12828/11029/6 12827/11028/6 12829/11030/6
f 12827/11028/6 12828/11029/6 12781/10992/6
f 12784/10995/6 12783/10994/6 12830/11031/6
f 12831/11032/6 12830/11031/6 12832/11033/6
f 12830/11031/6 12831/11032/6 12784/10995/6
f 12833/11034/19 12834/11035/19 12835/11036/19
f 12836/11037/31 12837/11038/31 12838/11039/31
f 12837/11038/31 12836/11037/31 12839/11040/31
f 12840/11041/5 12841/11042/5 12842/11043/5
f 12843/11044/32 12844/11045/32 12845/11046/32
f 12846/11047/33 12847/11048/33 12848/11049/33
f 12849/11050/6 12850/11051/6 12851/11052/6
f 12849/11050/6 12851/11052/6 12852/11053/6
f 12853/11054/5 12854/11055/5 12855/11056/5
f 12853/11054/5 12855/11056/5 12856/11057/5
f 12857/1223/9 12858/11058/9 12859/11059/9
f 12857/1223/9 12859/11059/9 12860/1226/9
f 12861/11060/10 12862/11061/10 12863/11062/10
f 12861/11060/10 12863/11062/10 12864/11063/10
f 12865/11064/7 12866/6815/7 12867/11065/7
f 12865/11064/7 12867/11065/7 12868/11066/7
f 12869/11067/9 12870/11068/9 12871/11069/9
f 12869/11067/9 12871/11069/9 12872/11070/9
f 12873/11071/10 12874/11072/10 12875/11073/10
f 12873/11071/10 12876/11074/10 12874/11072/10
f 12877/11075/7 12878/11076/7 12879/11077/7
f 12877/11075/7 12880/11078/7 12878/11076/7
f 12881/11079/6 12882/11080/6 12883/11081/6
f 12881/11079/6 12883/11081/6 12884/11082/6
f 12885/11082/5 12886/11083/5 12887/11084/5
f 12885/11082/5 12887/11084/5 12888/11079/5
f 12889/11085/9 12890/11086/9 12891/11087/9
f 12889/11085/9 12891/11087/9 12892/11088/9
f 12893/11089/10 12894/11090/10 12895/11091/10
f 12893/11089/10 12895/11091/10 12896/11092/10
f 12897/11093/7 12898/11094/7 12899/11095/7
f 12897/11093/7 12900/11096/7 12898/11094/7
f 12901/11097/6 12902/11098/6 12903/11099/6
f 12901/11097/6 12904/11100/6 12902/11098/6
f 12905/11101/5 12906/11102/5 12907/11103/5
f 12905/11101/5 12907/11103/5 12908/11104/5
f 12909/11105/9 12910/11106/9 12911/11107/9
f 12909/11105/9 12911/11107/9 12912/1229/9
f 12913/11108/10 12914/11109/10 12915/11110/10
f 12913/11108/10 12915/11110/10 12916/11111/10
f 12917/11112/7 12918/11113/7 12919/11114/7
f 12917/11112/7 12919/11114/7 12920/11115/7
f 12921/11116/6 12922/11117/6 12923/11118/6
f 12921/11116/6 12923/11118/6 12924/11119/6
f 12925/11120/5 12926/11121/5 12927/11122/5
f 12925/11120/5 12928/11123/5 12926/11121/5
f 12929/11124/9 12930/11125/9 12931/11126/9
f 12929/11124/9 12932/11127/9 12930/11125/9
f 12933/750/10 12934/11128/10 12935/11129/10
f 12933/750/10 12936/11130/10 12934/11128/10
f 12937/11131/7 12938/11132/7 12939/11133/7
f 12937/11131/7 12939/11133/7 12940/11134/7
f 12941/11135/6 12942/11136/6 12943/11137/6
f 12941/11135/6 12944/11138/6 12942/11136/6
f 12945/11137/5 12946/11139/5 12947/11135/5
f 12945/11137/5 12948/11140/5 12946/11139/5
f 12949/11141/9 12950/11142/9 12951/11143/9
f 12949/11141/9 12952/11144/9 12950/11142/9
f 12953/11145/10 12954/11146/10 12955/11147/10
f 12953/11145/10 12956/1016/10 12954/11146/10
f 12957/11148/7 12958/11149/7 12959/11150/7
f 12957/11148/7 12960/11151/7 12958/11149/7
f 12961/11152/6 12962/11153/6 12963/11154/6
f 12961/11152/6 12964/11155/6 12962/11153/6
f 12965/11156/5 12966/11157/5 12967/11158/5
f 12965/11156/5 12968/11159/5 12966/11157/5
f 12969/11160/9 12970/11161/9 12971/11162/9
f 12969/11160/9 12971/11162/9 12972/11163/9
f 12973/11164/10 12974/11125/10 12975/11127/10
f 12973/11164/10 12975/11127/10 12976/11165/10
f 12977/11166/7 12978/11167/7 12979/11168/7
f 12977/11166/7 12980/11169/7 12978/11167/7
f 12981/11170/7 12982/11171/7 12983/11172/7
f 12984/11173/8 12985/11174/8 12986/11175/8
f 12987/11176/6 12988/11177/6 12989/11178/6
f 12990/11179/6 12991/11180/6 12992/11181/6
f 12993/11182/6 12992/11181/6 12991/11180/6
f 12994/11183/19 12995/11184/19 12996/11185/19
f 12995/11184/19 12994/11183/19 12997/11186/19
f 12998/11187/5 12999/11188/5 13000/11189/5
f 12999/11188/5 12998/11187/5 13001/11190/5
f 13002/11191/20 13003/11192/20 13004/11193/20
f 13003/11192/20 13002/11191/20 13005/11194/20
f 13006/11195/31 13007/11196/31 13008/11197/31
f 13007/11196/31 13006/11195/31 13009/11198/31
f 13010/11199/5 13011/11200/5 13012/11201/5
f 13010/11199/5 13013/11202/5 13011/11200/5
f 13014/11203/5 13015/11204/5 13016/11205/5
f 13017/11206/5 13016/11205/5 13015/11204/5
f 13018/11207/22 13019/11208/22 13020/11209/22
f 13018/11207/22 13021/11210/22 13019/11208/22
f 13022/11211/23 13023/11212/23 13024/11213/23
f 13025/11214/23 13024/11213/23 13023/11212/23
f 13026/11215/8 13027/11216/8 13028/11217/8
f 13026/11215/8 13028/11217/8 13029/11218/8
f 13030/11219/7 13031/11220/7 13032/11221/7
f 13030/11219/7 13032/11221/7 13033/10942/7
f 13034/11222/6 13035/11223/6 13036/2300/6
f 13035/11223/6 13034/11222/6 13037/11224/6
f 13038/11225/6 13039/11226/6 13040/11227/6
f 13039/11226/6 13038/11225/6 13041/11228/6
f 13042/11229/6 13043/11230/6 13044/11231/6
f 13045/11232/5 13046/11233/5 13047/11234/5
f 13048/11235/24 13049/11236/24 13050/11237/24
s 1
f 13051/11238/26 13052/11239/26 13053/11240/26
f 13052/11239/26 13051/11238/26 13054/11241/26
s 0
f 13055/11242/5 13056/11243/5 13057/11244/5
f 13058/11245/5 13059/11246/5 13060/11247/5
f 13061/11248/34 13062/11249/34 13063/11250/34
f 13064/11251/35 13065/11252/35 13066/10981/35
f 13067/11253/9 13068/11254/9 13069/11255/9
f 13070/11256/10 13071/11257/10 13072/11258/10
f 13073/6788/6 13074/11259/6 13075/11260/6
f 13076/11261/6 13077/11262/6 13078/11263/6
f 13044/11231/6 13079/11264/6 13080/11265/6
f 13043/11230/6 13079/11264/6 13044/11231/6
f 13043/11230/6 13042/11229/6 13081/11266/6
f 13082/11267/25 13083/11268/25 13084/11269/25
s 1
f 13083/11268/25 13085/11270/25 13086/11271/25
s 0
f 13083/11268/25 13086/11271/25 13084/11269/25
f 13083/11268/25 13082/11267/25 13087/570/25
f 13046/11233/5 13045/11232/5 13088/11272/5
f 13088/11272/5 13089/11273/5 13046/11233/5
f 13089/11273/5 13088/11272/5 13090/11274/5
f 13049/11236/24 13048/11235/24 13091/11275/24
f 13049/11236/24 13092/11276/24 13050/11237/24
f 13092/11276/24 13049/11236/24 13093/11277/24
f 13094/11278/30 13095/167/30 13096/11279/30
f 13095/167/30 13094/11278/30 13097/11280/30
f 13056/11243/5 13055/11242/5 13098/11281/5
f 13099/1985/5 13056/11243/5 13098/11281/5
f 13098/11281/5 13100/11282/5 13099/1985/5
f 13101/11283/5 13059/11246/5 13102/11284/5
f 13059/11246/5 13058/11245/5 13102/11284/5
f 13059/11246/5 13101/11283/5 13103/11285/5
f 13104/11286/36 13063/11250/36 13062/11249/36
f 13105/11287/36 13062/11249/36 13106/11288/36
f 13105/11287/36 13104/11286/36 13062/11249/36
f 13107/11289/35 13108/11290/35 13065/11252/35
f 13065/11252/35 13064/11251/35 13107/11289/35
f 13109/11291/35 13065/11252/35 13108/11290/35
f 13110/11292/9 13069/11255/9 13068/11254/9
f 13068/11254/9 13111/11293/9 13112/11294/9
f 13068/11254/9 13112/11294/9 13110/11292/9
f 13113/11295/10 13072/11258/10 13071/11257/10
f 13114/11296/10 13113/11295/10 13071/11257/10
f 13114/11296/10 13071/11257/10 13115/11297/10
f 13075/11260/6 13116/11298/6 13117/11299/6
f 13074/11259/6 13116/11298/6 13075/11260/6
f 13074/11259/6 13073/6788/6 13118/11300/6
f 13078/11263/6 13119/11301/6 13120/11302/6
f 13077/11262/6 13119/11301/6 13078/11263/6
f 13077/11262/6 13076/11261/6 13121/11303/6
f 13122/11304/6 13123/11305/6 13124/11306/6
f 13123/11305/6 13122/11304/6 13125/11307/6
f 13123/11305/6 13126/11308/6 13127/11309/6
f 13123/11305/6 13127/11309/6 13124/11306/6
f 13128/11310/20 13129/11311/20 13130/11312/20
f 13129/11311/20 13128/11310/20 13131/11313/20
f 13129/11311/20 13132/11314/20 13133/11315/20
f 13129/11311/20 13133/11315/20 13130/11312/20
f 13134/11316/5 13135/11317/5 13136/11318/5
f 13135/11317/5 13134/11316/5 13137/11319/5
f 13135/11317/5 13138/11320/5 13139/11321/5
f 13135/11317/5 13139/11321/5 13136/11318/5
f 12834/11035/19 13140/11322/19 12835/11036/19
f 12834/11035/19 12833/11034/19 13141/11323/19
f 13140/11322/19 12834/11035/19 13142/11324/19
f 13143/11325/21 13144/11326/21 13145/11327/21
f 13144/11326/21 13143/11325/21 13146/11328/21
f 13147/11329/5 12842/11043/5 12841/11042/5
f 13148/11330/5 13147/11329/5 12841/11042/5
f 13148/11330/5 12841/11042/5 13149/11331/5
f 13150/6729/5 13151/11332/5 13152/11333/5
f 13151/11332/5 13153/11244/5 13152/11333/5
f 13151/11332/5 13154/11334/5 13153/11244/5
f 13151/11332/5 13150/6729/5 13155/11335/5
f 13156/11336/32 12845/11046/32 12844/11045/32
f 13157/11337/32 12844/11045/32 13158/11338/32
f 12844/11045/32 13157/11337/32 13156/11336/32
f 13159/11339/33 13160/11340/33 12847/11048/33
f 12847/11048/33 12846/11047/33 13159/11339/33
f 13161/11341/33 12847/11048/33 13160/11340/33
f 13162/11342/6 13163/11343/6 13164/11344/6
f 13163/11343/6 13162/11342/6 13165/11345/6
f 13166/11346/5 13167/11347/5 13168/11348/5
f 13167/11347/5 13166/11346/5 13169/11349/5
f 13170/11350/10 13171/11351/10 13172/11352/10
f 13171/11351/10 13170/11350/10 13173/11353/10
f 13174/11164/9 13175/11354/9 13176/11355/9
f 13175/11354/9 13174/11164/9 13177/11356/9
f 13178/11357/7 13179/11358/7 13180/11359/7
f 13179/11358/7 13178/11357/7 13181/11360/7
f 13182/11361/6 13183/11362/6 13184/11363/6
f 13183/11362/6 13182/11361/6 13185/11364/6
f 13183/11362/6 13186/11365/6 13187/11366/6
f 13183/11362/6 13187/11366/6 13184/11363/6
f 13188/11367/5 13189/11368/5 13190/11369/5
f 13189/11368/5 13188/11367/5 13191/11370/5
f 13189/11368/5 13192/11371/5 13193/11372/5
f 13189/11368/5 13193/11372/5 13190/11369/5
f 13194/11071/9 13195/11373/9 13196/11090/9
f 13195/11373/9 13194/11071/9 13197/11073/9
f 12878/11076/7 13198/11374/7 13199/11375/7
f 13198/11374/7 12878/11076/7 12880/11078/7
f 13200/11376/6 13201/11084/6 13202/11083/6
f 13201/11084/6 13200/11376/6 13203/11377/6
f 13204/11377/5 13205/945/5 13206/947/5
f 13205/945/5 13204/11377/5 13207/11376/5
f 13208/11378/10 13209/11379/10 13210/11380/10
f 13209/11379/10 13208/11378/10 13211/11381/10
f 13212/11382/9 13213/5258/9 13214/11383/9
f 13213/5258/9 13212/11382/9 13215/11384/9
f 13216/1821/7 13217/11385/7 13218/11386/7
f 13217/11385/7 13216/1821/7 13219/11387/7
f 13220/11388/6 13221/11389/6 13222/11390/6
f 13221/11389/6 13220/11388/6 13223/11391/6
f 13224/11392/5 13225/11393/5 13226/11394/5
f 13225/11393/5 13224/11392/5 13227/11395/5
f 13228/11396/10 13229/11397/10 13230/11398/10
f 13229/11397/10 13228/11396/10 13231/11399/10
f 13232/11400/9 13233/11401/9 13234/11402/9
f 13233/11401/9 13232/11400/9 13235/11403/9
f 13236/11404/7 13237/11114/7 13238/11405/7
f 13237/11114/7 13236/11404/7 13239/11115/7
f 13240/11406/6 13241/11407/6 13242/11408/6
f 13241/11407/6 13240/11406/6 13243/11409/6
f 13244/11410/5 13245/11411/5 13246/11412/5
f 13245/11411/5 13244/11410/5 13247/11413/5
f 13248/11414/10 13249/11415/10 13250/11416/10
f 13249/11415/10 13248/11414/10 13251/11417/10
f 13252/11418/9 13253/11419/9 13254/11420/9
f 13253/11419/9 13252/11418/9 13255/11421/9
f 13256/11422/7 13257/11423/7 13258/11424/7
f 13257/11423/7 13256/11422/7 13259/11425/7
f 13260/11426/6 13261/11139/6 13262/11140/6
f 13261/11139/6 13260/11426/6 13263/11427/6
f 13264/11427/5 13265/11428/5 13266/11429/5
f 13265/11428/5 13264/11427/5 13267/11426/5
f 13268/690/10 13269/11145/10 13270/11430/10
f 13269/11145/10 13268/690/10 13271/692/10
f 13272/11142/9 13273/11431/9 13274/11432/9
f 13273/11431/9 13272/11142/9 13275/11433/9
f 13276/753/7 13277/11434/7 13278/11435/7
f 13277/11434/7 13276/753/7 13279/11436/7
f 13280/11437/6 13281/11438/6 13282/11439/6
f 13281/11438/6 13280/11437/6 13283/11440/6
f 13284/11440/5 13285/11441/5 13286/11442/5
f 13285/11441/5 13284/11440/5 13287/11437/5
f 13288/11443/10 13289/11444/10 13290/11445/10
f 13289/11444/10 13288/11443/10 13291/11446/10
f 13292/11447/9 13293/11448/9 13294/11449/9
f 13293/11448/9 13292/11447/9 13295/11450/9
f 13296/11451/7 13297/11452/7 13298/11453/7
f 13297/11452/7 13296/11451/7 13299/11454/7
f 13300/11455/7 12983/11172/7 12982/11171/7
f 12982/11171/7 13301/11456/7 13300/11455/7
f 13301/11456/7 12982/11171/7 13302/11457/7
f 13303/11458/8 12986/11175/8 12985/11174/8
f 13304/11459/8 12985/11174/8 13305/11460/8
f 12985/11174/8 13304/11459/8 13303/11458/8
f 13306/11461/6 13307/11462/6 13308/11463/6
f 13307/11462/6 13309/10993/6 13308/11463/6
f 13307/11462/6 13306/11461/6 13310/11464/6
f 13307/11462/6 13311/11465/6 13309/10993/6
f 12988/11177/6 13312/11291/6 12989/11178/6
f 12988/11177/6 12987/11176/6 13313/8851/6
f 13312/11291/6 12988/11177/6 13314/11466/6
f 13315/11467/6 13316/11468/6 13317/11469/6
f 13317/11469/6 13318/11470/6 13315/11467/6
f 13318/11470/6 13317/11469/6 13319/11471/6
f 13318/11470/6 13319/11471/6 13320/11472/6
f 13316/11468/6 13321/11473/6 13322/11474/6
f 13316/11468/6 13315/11467/6 13321/11473/6
f 13323/11475/6 13320/11472/6 13324/11476/6
f 13320/11472/6 13323/11475/6 13325/11477/6
f 13320/11472/6 13325/11477/6 13318/11470/6
f 13322/11474/6 13326/11478/6 13316/11468/6
f 13326/11478/6 13322/11474/6 13327/11479/6
f 13327/11479/6 13328/11480/6 13326/11478/6
f 13329/11481/6 13330/11482/6 13331/11483/6
f 13331/11483/6 13332/11484/6 13329/11481/6
f 13332/11484/6 13331/11483/6 13333/11485/6
f 13332/11484/6 13333/11485/6 13334/11486/6
f 13330/11482/6 13335/11487/6 13336/11488/6
f 13330/11482/6 13329/11481/6 13335/11487/6
f 13337/304/6 13338/11489/6 13339/11490/6
f 13334/11486/6 13339/11490/6 13332/11484/6
f 13339/11490/6 13334/11486/6 13337/304/6
f 13336/11488/6 13340/11491/6 13330/11482/6
f 13340/11491/6 13336/11488/6 13341/11492/6
f 13341/11492/6 13342/10319/6 13340/11491/6
f 13343/11493/6 13344/11494/6 13345/11495/6
f 13343/11493/6 13345/11495/6 13346/11496/6
f 13346/11496/6 13347/11497/6 13343/11493/6
f 13346/11496/6 13348/11498/6 13347/11497/6
f 13344/11494/6 13349/11499/6 13350/11500/6
f 13344/11494/6 13343/11493/6 13349/11499/6
f 13351/11501/6 13352/11502/6 13348/11498/6
f 13348/11498/6 13353/11503/6 13351/11501/6
f 13348/11498/6 13346/11496/6 13353/11503/6
f 13350/11500/6 13354/11504/6 13344/11494/6
f 13354/11504/6 13350/11500/6 13355/11505/6
f 13355/11505/6 13356/1245/6 13354/11504/6
f 13357/11506/6 13358/11507/6 13359/640/6
f 13359/640/6 13360/11508/6 13357/11506/6
f 13360/11508/6 13359/640/6 13361/11509/6
f 13360/11508/6 13361/11509/6 13362/11510/6
f 13358/11507/6 13357/11506/6 13363/11511/6
f 13358/11507/6 13363/11511/6 13364/11512/6
f 13365/295/6 13362/11510/6 13366/11513/6
f 13362/11510/6 13365/295/6 13367/11514/6
f 13362/11510/6 13367/11514/6 13360/11508/6
f 13364/11512/6 13368/11515/6 13358/11507/6
f 13368/11515/6 13364/11512/6 13369/11516/6
f 13369/11516/6 13370/11517/6 13368/11515/6
f 13371/11518/6 13372/11519/6 13373/11520/6
f 13374/11521/6 13375/11522/6 13376/11523/6
f 13375/11522/6 13374/11521/6 13371/11518/6
f 13376/11523/6 13375/11522/6 13377/11524/6
f 13372/11519/6 13371/11518/6 13374/11521/6
f 13372/11519/6 13378/11525/6 13373/11520/6
f 13379/11526/6 13377/11524/6 13380/11527/6
f 13377/11524/6 13375/11522/6 13380/11527/6
f 13377/11524/6 13379/11526/6 13381/11528/6
f 13382/11529/6 13378/11525/6 13372/11519/6
f 13382/11529/6 13383/11530/6 13378/11525/6
f 13384/11531/6 13383/11530/6 13382/11529/6
f 13385/11532/6 13386/11533/6 13387/11534/6
f 13388/11535/6 13389/11536/6 13390/11537/6
f 13389/11536/6 13388/11535/6 13385/11532/6
f 13390/11537/6 13389/11536/6 13391/11538/6
f 13386/11533/6 13385/11532/6 13388/11535/6
f 13386/11533/6 13392/11539/6 13387/11534/6
f 13393/11540/6 13394/11541/6 13395/10323/6
f 13391/11538/6 13389/11536/6 13394/11541/6
f 13391/11538/6 13394/11541/6 13393/11540/6
f 13396/11542/6 13397/11543/6 13392/11539/6
f 13396/11542/6 13392/11539/6 13386/11533/6
f 13398/11544/6 13397/11543/6 13396/11542/6
f 13399/11545/6 13400/11546/6 13401/11547/6
f 13402/11548/6 13399/11545/6 13403/11549/6
f 13403/11549/6 13404/11550/6 13405/11551/6
f 13403/11549/6 13399/11545/6 13406/11552/6
f 13400/11546/6 13407/11553/6 13401/11547/6
f 13400/11546/6 13399/11545/6 13402/11548/6
f 13408/11554/6 13404/11550/6 13409/11555/6
f 13404/11550/6 13403/11549/6 13406/11552/6
f 13404/11550/6 13408/11554/6 13405/11551/6
f 13410/11556/6 13407/11553/6 13400/11546/6
f 13410/11556/6 13411/11557/6 13407/11553/6
f 13412/11558/6 13411/11557/6 13410/11556/6
f 13413/11559/6 13414/11560/6 13415/11561/6
f 13416/11562/6 13417/11563/6 13418/11564/6
f 13417/11563/6 13416/11562/6 13413/11559/6
f 13418/11564/6 13417/11563/6 13419/11565/6
f 13414/11560/6 13420/11566/6 13415/11561/6
f 13414/11560/6 13413/11559/6 13416/11562/6
f 13421/11567/6 13419/11565/6 13422/11568/6
f 13419/11565/6 13421/11567/6 13423/11569/6
f 13419/11565/6 13417/11563/6 13422/11568/6
f 13424/11570/6 13425/11571/6 13420/11566/6
f 13424/11570/6 13420/11566/6 13414/11560/6
f 13426/11572/6 13425/11571/6 13424/11570/6
f 13427/11573/6 13428/11574/6 13429/11575/6
f 13428/11574/6 13427/11573/6 13430/10946/6
f 13431/11576/6 13432/1214/6 13433/1213/6
f 13434/11577/6 13432/1214/6 13435/11578/6
f 13432/1214/6 13434/11577/6 13436/1283/6
f 13432/1214/6 13431/11576/6 13435/11578/6
f 13437/11579/6 13438/11580/6 13439/11581/6
f 13440/11582/6 13439/11581/6 13438/11580/6
f 13441/11583/6 13442/11584/6 13443/11585/6
f 13444/11586/6 13442/11584/6 13445/11587/6
f 13442/11584/6 13444/11586/6 13443/11585/6
f 13442/11584/6 13441/11583/6 13446/567/6
f 13447/11588/6 13448/11045/6 13449/11589/6
f 13448/11045/6 13450/11590/6 13451/11591/6
f 13448/11045/6 13451/11591/6 13449/11589/6
f 13448/11045/6 13447/11588/6 13452/11592/6
